x,y,z,tonnage,grade,economic_value
0,0,0,1000,0.1017,-14913.57
0,0,1,1000,0.1115,-14423.35
0,0,2,1000,0.1296,-13520.62
0,0,3,1000,0.1329,-13354.14
0,0,4,1000,0.125,-13751.04
0,0,5,1000,0.1296,-13520.83
0,0,6,1000,0.1561,-12193.39
0,0,7,1000,0.1805,-10973.3
0,0,8,1000,0.1977,-10115.32
0,0,9,1000,0.1881,-10596.9
0,0,10,1000,0.1806,-10971.43
0,0,11,1000,0.1954,-10229.94
0,0,12,1000,0.201,-9950.62
0,0,13,1000,0.1807,-10964.04
0,0,14,1000,0.1666,-11669.17
0,0,15,1000,0.1789,-11055.7
0,0,16,1000,0.1847,-10763.14
0,0,17,1000,0.1812,-10939.48
0,0,18,1000,0.1689,-11554.13
0,0,19,1000,0.1598,-12011.24
0,0,20,1000,0.1463,-12687.38
0,0,21,1000,0.1351,-13243.75
0,0,22,1000,0.132,-13401.74
0,0,23,1000,0.1273,-13632.62
0,0,24,1000,0.1145,-14275.63
0,1,0,1000,0.1055,-14726.02
0,1,1,1000,0.1182,-14089.66
0,1,2,1000,0.1397,-13016.93
0,1,3,1000,0.1475,-12624.57
0,1,4,1000,0.1457,-12715.31
0,1,5,1000,0.1554,-12231.97
0,1,6,1000,0.1809,-10953.06
0,1,7,1000,0.2014,-9932.45
0,1,8,1000,0.206,-9698.44
0,1,9,1000,0.1908,-10459.31
0,1,10,1000,0.1861,-10695.18
0,1,11,1000,0.2074,-9627.75
0,1,12,1000,0.2168,-9161.18
0,1,13,1000,0.1968,-10157.57
0,1,14,1000,0.1903,-10485.93
0,1,15,1000,0.2111,-9445.16
0,1,16,1000,0.2172,-9137.99
0,1,17,1000,0.2136,-9319.83
0,1,18,1000,0.1995,-10027.16
0,1,19,1000,0.1868,-10658.39
0,1,20,1000,0.1751,-11243.61
0,1,21,1000,0.1692,-11541.24
0,1,22,1000,0.164,-11797.78
0,1,23,1000,0.1536,-12322.42
0,1,24,1000,0.1332,-13340.58
0,2,0,1000,0.1247,-13765.29
0,2,1,1000,0.1412,-12939.76
0,2,2,1000,0.1527,-12366.25
0,2,3,1000,0.1656,-11722.32
0,2,4,1000,0.181,-10947.87
0,2,5,1000,0.1877,-10617.25
0,2,6,1000,0.1904,-10478.22
0,2,7,1000,0.1961,-10192.67
0,2,8,1000,0.1968,-10160.5
0,2,9,1000,0.1985,-10077.45
0,2,10,1000,0.2049,-9755.62
0,2,11,1000,0.2251,-8747.43
0,2,12,1000,0.2277,-8615.52
0,2,13,1000,0.2116,-9417.53
0,2,14,1000,0.2153,-9233.33
0,2,15,1000,0.2413,-7932.67
0,2,16,1000,0.2457,-7716.69
0,2,17,1000,0.2422,-7889.82
0,2,18,1000,0.2243,-8782.88
0,2,19,1000,0.2042,-9790.23
0,2,20,1000,0.1923,-10385.4
0,2,21,1000,0.1898,-10507.85
0,2,22,1000,0.1793,-11035.33
0,2,23,1000,0.1641,-11793.33
0,2,24,1000,0.1435,-12827.27
0,3,0,1000,0.1327,-13364.11
0,3,1,1000,0.1513,-12434.69
0,3,2,1000,0.1572,-12141.98
0,3,3,1000,0.1726,-11370.75
0,3,4,1000,0.2002,-9988.67
0,3,5,1000,0.2168,-9158.95
0,3,6,1000,0.215,-9250.76
0,3,7,1000,0.2154,-9228.1
0,3,8,1000,0.2237,-8815.55
0,3,9,1000,0.2425,-7876.94
0,3,10,1000,0.2561,-7194.41
0,3,11,1000,0.2728,-6358.16
0,3,12,1000,0.2682,-6592.26
0,3,13,1000,0.2517,-7412.86
0,3,14,1000,0.2421,-7897.15
0,3,15,1000,0.2514,-7429.48
0,3,16,1000,0.253,-7349.33
0,3,17,1000,0.2531,-7347.27
0,3,18,1000,0.2368,-8158.92
0,3,19,1000,0.2126,-9367.78
0,3,20,1000,0.1958,-10208.52
0,3,21,1000,0.1884,-10582.45
0,3,22,1000,0.174,-11298.68
0,3,23,1000,0.1617,-11915.21
0,3,24,1000,0.1502,-12490.98
0,4,0,1000,0.1277,-13617.04
0,4,1,1000,0.1496,-12519.21
0,4,2,1000,0.1616,-11919.23
0,4,3,1000,0.1772,-11140.91
0,4,4,1000,0.2067,-9662.55
0,4,5,1000,0.2415,-7927.39
0,4,6,1000,0.2518,-7411.31
0,4,7,1000,0.2532,-7339.07
0,4,8,1000,0.2668,-6660.93
0,4,9,1000,0.2884,-5577.89
0,4,10,1000,0.2992,-5040.9
0,4,11,1000,0.311,-4449.75
0,4,12,1000,0.3088,-4559.72
0,4,13,1000,0.2952,-5238.5
0,4,14,1000,0.2662,-6691.52
0,4,15,1000,0.2523,-7387.38
0,4,16,1000,0.2532,-7338.12
0,4,17,1000,0.2606,-6968.51
0,4,18,1000,0.248,-7598.74
0,4,19,1000,0.2204,-8978.09
0,4,20,1000,0.2003,-9984.72
0,4,21,1000,0.19,-10501.86
0,4,22,1000,0.1726,-11371.76
0,4,23,1000,0.1593,-12033.04
0,4,24,1000,0.1533,-12334.78
0,5,0,1000,0.1349,-13252.66
0,5,1,1000,0.1665,-11676.01
0,5,2,1000,0.1907,-10464.65
0,5,3,1000,0.1974,-10130.48
0,5,4,1000,0.2133,-9335.39
0,5,5,1000,0.2516,-7418.69
0,5,6,1000,0.2678,-6610.05
0,5,7,1000,0.2653,-6734.95
0,5,8,1000,0.2862,-5688.58
0,5,9,1000,0.3035,-4827.42
0,5,10,1000,0.2934,-5329.37
0,5,11,1000,0.285,-5749.97
0,5,12,1000,0.3029,-4857.13
0,5,13,1000,0.3142,-4288.69
0,5,14,1000,0.2896,-5517.5
0,5,15,1000,0.264,-6800.64
0,5,16,1000,0.2701,-6493.18
0,5,17,1000,0.2883,-5586.28
0,5,18,1000,0.2697,-6517.05
0,5,19,1000,0.2295,-8524.47
0,5,20,1000,0.212,-9400.39
0,5,21,1000,0.2104,-9481.36
0,5,22,1000,0.1848,-10762.11
0,5,23,1000,0.1524,-12382.03
0,5,24,1000,0.1408,-12957.75
0,6,0,1000,0.1575,-12124.91
0,6,1,1000,0.195,-10251.77
0,6,2,1000,0.2205,-8973.93
0,6,3,1000,0.218,-9098.43
0,6,4,1000,0.2244,-8782.03
0,6,5,1000,0.2606,-6971.49
0,6,6,1000,0.2774,-6129.12
0,6,7,1000,0.2729,-6356.73
0,6,8,1000,0.3047,-4762.56
0,6,9,1000,0.3238,-3809.39
0,6,10,1000,0.3003,-4985.89
0,6,11,1000,0.2815,-5925.93
0,6,12,1000,0.3165,-4173.97
0,6,13,1000,0.3461,-2693.74
0,6,14,1000,0.3351,-3246.7
0,6,15,1000,0.3125,-4374.06
0,6,16,1000,0.3223,-3883.1
0,6,17,1000,0.3422,-2887.88
0,6,18,1000,0.3119,-4407.42
0,6,19,1000,0.2599,-7003.52
0,6,20,1000,0.2416,-7919.41
0,6,21,1000,0.2432,-7840.49
0,6,22,1000,0.21,-9502.04
0,6,23,1000,0.164,-11799.03
0,6,24,1000,0.1495,-12526.18
0,7,0,1000,0.177,-11151.21
0,7,1,1000,0.2142,-9287.97
0,7,2,1000,0.2343,-8284.37
0,7,3,1000,0.2285,-8575.33
0,7,4,1000,0.2339,-8305.43
0,7,5,1000,0.2706,-6470.12
0,7,6,1000,0.2921,-5397.4
0,7,7,1000,0.2935,-5326.0
0,7,8,1000,0.3363,-3187.2
0,7,9,1000,0.3616,-1918.07
0,7,10,1000,0.3397,-3013.22
0,7,11,1000,0.3244,-3778.94
0,7,12,1000,0.3617,-1915.09
0,7,13,1000,0.391,-448.13
0,7,14,1000,0.3865,-676.92
0,7,15,1000,0.37,-1500.42
0,7,16,1000,0.377,-1149.71
0,7,17,1000,0.3908,-457.79
0,7,18,1000,0.3557,-2212.95
0,7,19,1000,0.3014,-4928.55
0,7,20,1000,0.2783,-6085.51
0,7,21,1000,0.2713,-6432.51
0,7,22,1000,0.2327,-8365.18
0,7,23,1000,0.1847,-10766.83
0,7,24,1000,0.1716,-11421.77
0,8,0,1000,0.1949,-10255.27
0,8,1,1000,0.2275,-8623.54
0,8,2,1000,0.2486,-7569.11
0,8,3,1000,0.2456,-7721.23
0,8,4,1000,0.2402,-7989.53
0,8,5,1000,0.2506,-7469.71
0,8,6,1000,0.2807,-5966.67
0,8,7,1000,0.3074,-4627.98
0,8,8,1000,0.3494,-2527.71
0,8,9,1000,0.3622,-1888.01
0,8,10,1000,0.351,-2448.84
0,8,11,1000,0.3483,-2584.29
0,8,12,1000,0.3719,-1404.77
0,8,13,1000,0.3855,-724.84
0,8,14,1000,0.4099,494.2
0,8,15,1000,0.4261,1307.13
0,8,16,1000,0.4187,936.59
0,8,17,1000,0.4101,506.33
0,8,18,1000,0.3831,-844.0
0,8,19,1000,0.3455,-2724.57
0,8,20,1000,0.328,-3598.72
0,8,21,1000,0.3081,-4596.03
0,8,22,1000,0.2612,-6938.22
0,8,23,1000,0.2048,-9759.76
0,8,24,1000,0.179,-11051.79
0,9,0,1000,0.1884,-10580.67
0,9,1,1000,0.2188,-9060.94
0,9,2,1000,0.2505,-7474.93
0,9,3,1000,0.2545,-7273.29
0,9,4,1000,0.2442,-7787.53
0,9,5,1000,0.251,-7447.59
0,9,6,1000,0.3,-4999.47
0,9,7,1000,0.3473,-2634.68
0,9,8,1000,0.3795,-1024.11
0,9,9,1000,0.3749,-1257.16
0,9,10,1000,0.3724,-1380.94
0,9,11,1000,0.381,-949.81
0,9,12,1000,0.3947,-267.06
0,9,13,1000,0.3932,-339.91
0,9,14,1000,0.4073,366.91
0,9,15,1000,0.4141,704.04
0,9,16,1000,0.3929,-356.36
0,9,17,1000,0.3704,-1477.58
0,9,18,1000,0.3548,-2258.71
0,9,19,1000,0.334,-3300.03
0,9,20,1000,0.3272,-3638.99
0,9,21,1000,0.3048,-4761.62
0,9,22,1000,0.2552,-7240.01
0,9,23,1000,0.2001,-9997.13
0,9,24,1000,0.1771,-11146.25
0,10,0,1000,0.1772,-11138.16
0,10,1,1000,0.2084,-9581.46
0,10,2,1000,0.2471,-7644.91
0,10,3,1000,0.2546,-7267.91
0,10,4,1000,0.2494,-7529.29
0,10,5,1000,0.2809,-5953.74
0,10,6,1000,0.3481,-2596.45
0,10,7,1000,0.3981,-96.8
0,10,8,1000,0.4252,1260.1
0,10,9,1000,0.416,800.69
0,10,10,1000,0.4151,756.66
0,10,11,1000,0.4298,1491.74
0,10,12,1000,0.4474,2372.33
0,10,13,1000,0.4417,2087.41
0,10,14,1000,0.4174,868.01
0,10,15,1000,0.3839,-805.36
0,10,16,1000,0.3586,-2071.86
0,10,17,1000,0.3385,-3072.61
0,10,18,1000,0.3258,-3711.11
0,10,19,1000,0.3062,-4691.8
0,10,20,1000,0.3016,-4917.66
0,10,21,1000,0.2826,-5870.67
0,10,22,1000,0.235,-8247.61
0,10,23,1000,0.1897,-10514.77
0,10,24,1000,0.1843,-10785.13
0,11,0,1000,0.1806,-10972.3
0,11,1,1000,0.2088,-9559.11
0,11,2,1000,0.252,-7400.42
0,11,3,1000,0.2647,-6763.54
0,11,4,1000,0.2663,-6682.71
0,11,5,1000,0.3156,-4222.01
0,11,6,1000,0.3843,-786.76
0,11,7,1000,0.4227,1136.49
0,11,8,1000,0.4369,1847.24
0,11,9,1000,0.4237,1187.06
0,11,10,1000,0.4219,1095.55
0,11,11,1000,0.4474,2369.95
0,11,12,1000,0.4695,3476.88
0,11,13,1000,0.4546,2731.64
0,11,14,1000,0.4141,706.7
0,11,15,1000,0.375,-1248.1
0,11,16,1000,0.3531,-2343.11
0,11,17,1000,0.3455,-2726.32
0,11,18,1000,0.3346,-3269.28
0,11,19,1000,0.3043,-4783.72
0,11,20,1000,0.2906,-5471.54
0,11,21,1000,0.2766,-6168.13
0,11,22,1000,0.2364,-8179.67
0,11,23,1000,0.1961,-10194.8
0,11,24,1000,0.1904,-10478.68
0,12,0,1000,0.1926,-10370.66
0,12,1,1000,0.2168,-9161.47
0,12,2,1000,0.257,-7152.39
0,12,3,1000,0.2708,-6461.96
0,12,4,1000,0.272,-6398.05
0,12,5,1000,0.3085,-4573.11
0,12,6,1000,0.3577,-2115.49
0,12,7,1000,0.3852,-742.48
0,12,8,1000,0.4101,505.85
0,12,9,1000,0.4116,580.66
0,12,10,1000,0.408,400.42
0,12,11,1000,0.4338,1692.11
0,12,12,1000,0.4514,2572.0
0,12,13,1000,0.4304,1518.04
0,12,14,1000,0.414,701.69
0,12,15,1000,0.4116,579.82
0,12,16,1000,0.3961,-196.43
0,12,17,1000,0.3932,-342.27
0,12,18,1000,0.3759,-1206.61
0,12,19,1000,0.3326,-3368.99
0,12,20,1000,0.3073,-4632.94
0,12,21,1000,0.2948,-5258.97
0,12,22,1000,0.2592,-7040.71
0,12,23,1000,0.2152,-9238.34
0,12,24,1000,0.1949,-10254.08
0,13,0,1000,0.189,-10550.77
0,13,1,1000,0.2119,-9406.87
0,13,2,1000,0.2483,-7582.65
0,13,3,1000,0.2612,-6940.75
0,13,4,1000,0.2617,-6916.27
0,13,5,1000,0.289,-5550.3
0,13,6,1000,0.3292,-3537.75
0,13,7,1000,0.3576,-2122.22
0,13,8,1000,0.4044,220.78
0,13,9,1000,0.4235,1177.49
0,13,10,1000,0.4197,983.78
0,13,11,1000,0.4399,1996.51
0,13,12,1000,0.4521,2607.11
0,13,13,1000,0.4305,1523.43
0,13,14,1000,0.4228,1142.35
0,13,15,1000,0.4305,1525.35
0,13,16,1000,0.4152,760.02
0,13,17,1000,0.4046,228.32
0,13,18,1000,0.3782,-1088.82
0,13,19,1000,0.3338,-3310.98
0,13,20,1000,0.3073,-4636.3
0,13,21,1000,0.2933,-5333.43
0,13,22,1000,0.2584,-7080.1
0,13,23,1000,0.2167,-9163.17
0,13,24,1000,0.1986,-10069.59
0,14,0,1000,0.1803,-10987.29
0,14,1,1000,0.2037,-9813.85
0,14,2,1000,0.2269,-8653.85
0,14,3,1000,0.249,-7551.95
0,14,4,1000,0.2754,-6229.72
0,14,5,1000,0.3109,-4452.66
0,14,6,1000,0.3387,-3065.05
0,14,7,1000,0.3665,-1676.74
0,14,8,1000,0.4218,1088.01
0,14,9,1000,0.4421,2106.67
0,14,10,1000,0.4316,1581.3
0,14,11,1000,0.4569,2843.93
0,14,12,1000,0.477,3851.24
0,14,13,1000,0.4525,2624.48
0,14,14,1000,0.4472,2361.13
0,14,15,1000,0.458,2899.37
0,14,16,1000,0.4376,1878.94
0,14,17,1000,0.3972,-138.18
0,14,18,1000,0.3529,-2352.89
0,14,19,1000,0.3217,-3912.58
0,14,20,1000,0.2949,-5256.15
0,14,21,1000,0.2674,-6630.13
0,14,22,1000,0.2378,-8108.15
0,14,23,1000,0.2129,-9352.69
0,14,24,1000,0.2063,-9683.58
0,15,0,1000,0.1813,-10935.51
0,15,1,1000,0.2062,-9688.23
0,15,2,1000,0.2153,-9236.83
0,15,3,1000,0.2479,-7605.12
0,15,4,1000,0.3013,-4934.88
0,15,5,1000,0.3374,-3131.25
0,15,6,1000,0.3461,-2695.03
0,15,7,1000,0.3699,-1507.45
0,15,8,1000,0.4158,789.14
0,15,9,1000,0.4228,1141.95
0,15,10,1000,0.4034,168.46
0,15,11,1000,0.4323,1613.87
0,15,12,1000,0.4598,2989.3
0,15,13,1000,0.432,1602.44
0,15,14,1000,0.4248,1239.93
0,15,15,1000,0.4344,1719.46
0,15,16,1000,0.4109,543.32
0,15,17,1000,0.365,-1750.96
0,15,18,1000,0.334,-3300.21
0,15,19,1000,0.3219,-3902.78
0,15,20,1000,0.2988,-5059.0
0,15,21,1000,0.2634,-6828.09
0,15,22,1000,0.2395,-8025.7
0,15,23,1000,0.2212,-8942.07
0,15,24,1000,0.2068,-9658.47
0,16,0,1000,0.1849,-10755.3
0,16,1,1000,0.2092,-9538.4
0,16,2,1000,0.2142,-9291.8
0,16,3,1000,0.2461,-7695.78
0,16,4,1000,0.2974,-5130.98
0,16,5,1000,0.3155,-4222.53
0,16,6,1000,0.3101,-4493.47
0,16,7,1000,0.3312,-3440.71
0,16,8,1000,0.3763,-1183.16
0,16,9,1000,0.3829,-853.75
0,16,10,1000,0.3613,-1934.47
0,16,11,1000,0.3816,-922.41
0,16,12,1000,0.4026,130.89
0,16,13,1000,0.376,-1198.26
0,16,14,1000,0.3701,-1496.35
0,16,15,1000,0.38,-998.92
0,16,16,1000,0.3591,-2042.73
0,16,17,1000,0.3353,-3237.0
0,16,18,1000,0.3329,-3352.56
0,16,19,1000,0.3272,-3639.23
0,16,20,1000,0.3093,-4535.93
0,16,21,1000,0.2807,-5967.39
0,16,22,1000,0.2578,-7108.62
0,16,23,1000,0.2306,-8467.68
0,16,24,1000,0.1987,-10063.69
0,17,0,1000,0.1838,-10809.9
0,17,1,1000,0.2071,-9646.96
0,17,2,1000,0.2097,-9517.19
0,17,3,1000,0.239,-8050.54
0,17,4,1000,0.2852,-5741.06
0,17,5,1000,0.2932,-5340.48
0,17,6,1000,0.2858,-5708.64
0,17,7,1000,0.3072,-4638.31
0,17,8,1000,0.3383,-3086.92
0,17,9,1000,0.335,-3252.37
0,17,10,1000,0.313,-4350.44
0,17,11,1000,0.3148,-4259.83
0,17,12,1000,0.3394,-3027.93
0,17,13,1000,0.3392,-3039.83
0,17,14,1000,0.3439,-2803.62
0,17,15,1000,0.339,-3051.54
0,17,16,1000,0.3172,-4137.59
0,17,17,1000,0.3064,-4680.38
0,17,18,1000,0.3169,-4152.75
0,17,19,1000,0.3119,-4405.03
0,17,20,1000,0.2973,-5134.77
0,17,21,1000,0.2753,-6236.68
0,17,22,1000,0.2534,-7329.41
0,17,23,1000,0.2241,-8795.42
0,17,24,1000,0.1948,-10261.13
0,18,0,1000,0.1714,-11430.18
0,18,1,1000,0.1936,-10318.39
0,18,2,1000,0.1971,-10144.91
0,18,3,1000,0.225,-8749.05
0,18,4,1000,0.2689,-6556.08
0,18,5,1000,0.283,-5848.1
0,18,6,1000,0.2863,-5683.42
0,18,7,1000,0.3119,-4406.15
0,18,8,1000,0.3352,-3240.66
0,18,9,1000,0.3275,-3623.37
0,18,10,1000,0.3077,-4614.29
0,18,11,1000,0.2925,-5375.42
0,18,12,1000,0.3266,-3672.41
0,18,13,1000,0.3592,-2041.94
0,18,14,1000,0.3738,-1310.21
0,18,15,1000,0.346,-2701.86
0,18,16,1000,0.3198,-4008.49
0,18,17,1000,0.2998,-5007.69
0,18,18,1000,0.2949,-5252.66
0,18,19,1000,0.2857,-5714.63
0,18,20,1000,0.2697,-6515.15
0,18,21,1000,0.2472,-7641.69
0,18,22,1000,0.2261,-8697.44
0,18,23,1000,0.199,-10050.2
0,18,24,1000,0.1808,-10961.66
0,19,0,1000,0.1591,-12043.65
0,19,1,1000,0.1801,-10993.49
0,19,2,1000,0.1846,-10772.02
0,19,3,1000,0.2111,-9443.69
0,19,4,1000,0.2518,-7410.77
0,19,5,1000,0.2652,-6741.6
0,19,6,1000,0.2691,-6544.22
0,19,7,1000,0.2958,-5211.29
0,19,8,1000,0.3306,-3468.23
0,19,9,1000,0.3341,-3295.35
0,19,10,1000,0.3165,-4172.81
0,19,11,1000,0.2967,-5166.23
0,19,12,1000,0.3272,-3642.46
0,19,13,1000,0.3624,-1879.54
0,19,14,1000,0.3753,-1235.53
0,19,15,1000,0.343,-2848.04
0,19,16,1000,0.3173,-4136.83
0,19,17,1000,0.2951,-5244.47
0,19,18,1000,0.2854,-5727.61
0,19,19,1000,0.2753,-6235.94
0,19,20,1000,0.259,-7048.51
0,19,21,1000,0.2366,-8169.75
0,19,22,1000,0.2164,-9180.92
0,19,23,1000,0.1848,-10760.07
0,19,24,1000,0.1573,-12135.17
0,20,0,1000,0.1527,-12366.63
0,20,1,1000,0.1727,-11362.97
0,20,2,1000,0.1756,-11218.39
0,20,3,1000,0.1921,-10395.05
0,20,4,1000,0.2208,-8958.72
0,20,5,1000,0.2306,-8470.62
0,20,6,1000,0.2319,-8402.52
0,20,7,1000,0.2511,-7443.28
0,20,8,1000,0.2977,-5115.04
0,20,9,1000,0.3243,-3785.62
0,20,10,1000,0.32,-4001.41
0,20,11,1000,0.3159,-4204.29
0,20,12,1000,0.3336,-3318.35
0,20,13,1000,0.3466,-2669.74
0,20,14,1000,0.3328,-3360.96
0,20,15,1000,0.3012,-4939.5
0,20,16,1000,0.2877,-5617.16
0,20,17,1000,0.2768,-6159.69
0,20,18,1000,0.2616,-6919.81
0,20,19,1000,0.2428,-7860.06
0,20,20,1000,0.2221,-8896.91
0,20,21,1000,0.2088,-9561.23
0,20,22,1000,0.1988,-10059.21
0,20,23,1000,0.1728,-11357.96
0,20,24,1000,0.1426,-12868.68
0,21,0,1000,0.1451,-12745.16
0,21,1,1000,0.1663,-11686.06
0,21,2,1000,0.1734,-11328.59
0,21,3,1000,0.179,-11051.7
0,21,4,1000,0.1939,-10303.33
0,21,5,1000,0.2093,-9532.74
0,21,6,1000,0.2146,-9267.67
0,21,7,1000,0.2192,-9041.25
0,21,8,1000,0.2487,-7567.17
0,21,9,1000,0.2819,-5905.48
0,21,10,1000,0.295,-5250.78
0,21,11,1000,0.3149,-4256.99
0,21,12,1000,0.3153,-4232.63
0,21,13,1000,0.2975,-5127.34
0,21,14,1000,0.2638,-6810.12
0,21,15,1000,0.2539,-7305.99
0,21,16,1000,0.2602,-6990.69
0,21,17,1000,0.2666,-6667.7
0,21,18,1000,0.2439,-7807.07
0,21,19,1000,0.2109,-9454.1
0,21,20,1000,0.1796,-11019.05
0,21,21,1000,0.1754,-11232.34
0,21,22,1000,0.1793,-11032.69
0,21,23,1000,0.1676,-11618.05
0,21,24,1000,0.1454,-12728.06
0,22,0,1000,0.1303,-13486.88
0,22,1,1000,0.1522,-12388.32
0,22,2,1000,0.1674,-11628.66
0,22,3,1000,0.1744,-11282.25
0,22,4,1000,0.1874,-10630.38
0,22,5,1000,0.21,-9501.65
0,22,6,1000,0.2206,-8968.44
0,22,7,1000,0.2198,-9008.53
0,22,8,1000,0.2265,-8674.9
0,22,9,1000,0.2453,-7736.68
0,22,10,1000,0.2597,-7017.44
0,22,11,1000,0.2788,-6058.93
0,22,12,1000,0.2718,-6410.23
0,22,13,1000,0.2497,-7515.93
0,22,14,1000,0.2316,-8420.96
0,22,15,1000,0.2457,-7714.48
0,22,16,1000,0.2576,-7117.66
0,22,17,1000,0.2684,-6578.2
0,22,18,1000,0.247,-7648.53
0,22,19,1000,0.2126,-9369.8
0,22,20,1000,0.1777,-11114.3
0,22,21,1000,0.171,-11449.66
0,22,22,1000,0.1761,-11193.13
0,22,23,1000,0.1651,-11747.42
0,22,24,1000,0.1404,-12981.47
0,23,0,1000,0.1113,-14435.68
0,23,1,1000,0.1285,-13573.55
0,23,2,1000,0.1469,-12655.85
0,23,3,1000,0.1584,-12078.33
0,23,4,1000,0.1725,-11377.26
0,23,5,1000,0.2009,-9953.44
0,23,6,1000,0.2228,-8858.91
0,23,7,1000,0.2299,-8503.87
0,23,8,1000,0.2237,-8815.89
0,23,9,1000,0.2206,-8967.73
0,23,10,1000,0.2268,-8660.07
0,23,11,1000,0.2358,-8210.98
0,23,12,1000,0.236,-8200.76
0,23,13,1000,0.2287,-8566.04
0,23,14,1000,0.2309,-8457.22
0,23,15,1000,0.2495,-7526.97
0,23,16,1000,0.2563,-7182.94
0,23,17,1000,0.2521,-7397.27
0,23,18,1000,0.2266,-8668.07
0,23,19,1000,0.2033,-9834.59
0,23,20,1000,0.1778,-11110.19
0,23,21,1000,0.1645,-11774.06
0,23,22,1000,0.1618,-11908.32
0,23,23,1000,0.1508,-12457.76
0,23,24,1000,0.1328,-13358.43
0,24,0,1000,0.1016,-14920.59
0,24,1,1000,0.1087,-14563.01
0,24,2,1000,0.1215,-13922.69
0,24,3,1000,0.1361,-13195.31
0,24,4,1000,0.1474,-12628.79
0,24,5,1000,0.1648,-11758.97
0,24,6,1000,0.1927,-10362.87
0,24,7,1000,0.2183,-9085.86
0,24,8,1000,0.2214,-8929.96
0,24,9,1000,0.2046,-9768.98
0,24,10,1000,0.1983,-10083.9
0,24,11,1000,0.1933,-10333.53
0,24,12,1000,0.21,-9501.91
0,24,13,1000,0.2268,-8661.76
0,24,14,1000,0.2341,-8296.55
0,24,15,1000,0.228,-8598.67
0,24,16,1000,0.2237,-8815.0
0,24,17,1000,0.2002,-9991.03
0,24,18,1000,0.1761,-11193.52
0,24,19,1000,0.1742,-11291.86
0,24,20,1000,0.1697,-11516.77
0,24,21,1000,0.1515,-12423.14
0,24,22,1000,0.1364,-13179.12
0,24,23,1000,0.1267,-13666.55
0,24,24,1000,0.1232,-13841.85
1,0,0,1000,0.1118,-14409.22
1,0,1,1000,0.1227,-13864.06
1,0,2,1000,0.148,-12598.66
1,0,3,1000,0.1578,-12108.45
1,0,4,1000,0.1532,-12340.77
1,0,5,1000,0.159,-12048.69
1,0,6,1000,0.1843,-10785.99
1,0,7,1000,0.2057,-9712.81
1,0,8,1000,0.2138,-9309.97
1,0,9,1000,0.2034,-9829.86
1,0,10,1000,0.2018,-9910.77
1,0,11,1000,0.2237,-8817.35
1,0,12,1000,0.2329,-8354.56
1,0,13,1000,0.2139,-9306.85
1,0,14,1000,0.1935,-10325.62
1,0,15,1000,0.1973,-10132.89
1,0,16,1000,0.2016,-9919.18
1,0,17,1000,0.1914,-10431.55
1,0,18,1000,0.1702,-11492.15
1,0,19,1000,0.1594,-12031.18
1,0,20,1000,0.1524,-12377.85
1,0,21,1000,0.149,-12549.57
1,0,22,1000,0.1438,-12812.1
1,0,23,1000,0.1352,-13240.73
1,0,24,1000,0.119,-14048.24
1,1,0,1000,0.1196,-14018.57
1,1,1,1000,0.1335,-13324.13
1,1,2,1000,0.1599,-12002.75
1,1,3,1000,0.1726,-11371.68
1,1,4,1000,0.1738,-11311.05
1,1,5,1000,0.1855,-10725.37
1,1,6,1000,0.2109,-9452.71
1,1,7,1000,0.2289,-8555.44
1,1,8,1000,0.2238,-8810.98
1,1,9,1000,0.2061,-9693.04
1,1,10,1000,0.2067,-9666.66
1,1,11,1000,0.2372,-8139.24
1,1,12,1000,0.252,-7397.95
1,1,13,1000,0.2325,-8376.09
1,1,14,1000,0.2192,-9037.92
1,1,15,1000,0.2323,-8384.82
1,1,16,1000,0.237,-8149.3
1,1,17,1000,0.2289,-8555.33
1,1,18,1000,0.2091,-9544.61
1,1,19,1000,0.1953,-10234.28
1,1,20,1000,0.187,-10650.43
1,1,21,1000,0.1836,-10819.08
1,1,22,1000,0.1754,-11232.41
1,1,23,1000,0.1619,-11904.51
1,1,24,1000,0.1398,-13008.13
1,2,0,1000,0.1396,-13018.66
1,2,1,1000,0.1587,-12067.08
1,2,2,1000,0.1727,-11364.12
1,2,3,1000,0.1867,-10665.13
1,2,4,1000,0.205,-9750.81
1,2,5,1000,0.2217,-8913.07
1,2,6,1000,0.2321,-8392.5
1,2,7,1000,0.2367,-8164.72
1,2,8,1000,0.2203,-8983.13
1,2,9,1000,0.2089,-9556.0
1,2,10,1000,0.2167,-9166.8
1,2,11,1000,0.2508,-7461.26
1,2,12,1000,0.2636,-6821.81
1,2,13,1000,0.2453,-7736.63
1,2,14,1000,0.2483,-7587.29
1,2,15,1000,0.2767,-6162.93
1,2,16,1000,0.2807,-5963.61
1,2,17,1000,0.2766,-6169.79
1,2,18,1000,0.2595,-7025.05
1,2,19,1000,0.2392,-8039.71
1,2,20,1000,0.22,-9002.12
1,2,21,1000,0.2037,-9815.12
1,2,22,1000,0.1877,-10613.2
1,2,23,1000,0.1731,-11345.57
1,2,24,1000,0.155,-12252.35
1,3,0,1000,0.149,-12547.68
1,3,1,1000,0.1708,-11461.82
1,3,2,1000,0.1771,-11144.88
1,3,3,1000,0.1912,-10440.3
1,3,4,1000,0.2222,-8889.74
1,3,5,1000,0.2564,-7179.82
1,3,6,1000,0.2685,-6572.62
1,3,7,1000,0.2684,-6582.37
1,3,8,1000,0.2524,-7378.53
1,3,9,1000,0.2498,-7511.29
1,3,10,1000,0.2628,-6859.92
1,3,11,1000,0.2978,-5112.49
1,3,12,1000,0.3071,-4644.93
1,3,13,1000,0.287,-5652.26
1,3,14,1000,0.2807,-5964.88
1,3,15,1000,0.2993,-5036.62
1,3,16,1000,0.3011,-4945.79
1,3,17,1000,0.3011,-4943.12
1,3,18,1000,0.2874,-5631.22
1,3,19,1000,0.2632,-6840.06
1,3,20,1000,0.2332,-8338.17
1,3,21,1000,0.2032,-9841.82
1,3,22,1000,0.1821,-10895.24
1,3,23,1000,0.1723,-11382.72
1,3,24,1000,0.1661,-11694.38
1,4,0,1000,0.1495,-12524.58
1,4,1,1000,0.1735,-11326.57
1,4,2,1000,0.1832,-10842.48
1,4,3,1000,0.1967,-10165.82
1,4,4,1000,0.2305,-8476.43
1,4,5,1000,0.2843,-5785.31
1,4,6,1000,0.3096,-4520.59
1,4,7,1000,0.3107,-4463.97
1,4,8,1000,0.3002,-4989.66
1,4,9,1000,0.3012,-4938.57
1,4,10,1000,0.3123,-4385.13
1,4,11,1000,0.3423,-2885.32
1,4,12,1000,0.3533,-2334.7
1,4,13,1000,0.3358,-3209.37
1,4,14,1000,0.3104,-4482.0
1,4,15,1000,0.3058,-4707.84
1,4,16,1000,0.3068,-4661.74
1,4,17,1000,0.3145,-4273.74
1,4,18,1000,0.3056,-4719.84
1,4,19,1000,0.2783,-6083.31
1,4,20,1000,0.2433,-7835.04
1,4,21,1000,0.2079,-9606.8
1,4,22,1000,0.1836,-10819.94
1,4,23,1000,0.1742,-11290.14
1,4,24,1000,0.1748,-11262.08
1,5,0,1000,0.1658,-11711.15
1,5,1,1000,0.1961,-10197.13
1,5,2,1000,0.2166,-9168.87
1,5,3,1000,0.2245,-8776.93
1,5,4,1000,0.2453,-7734.69
1,5,5,1000,0.2936,-5320.36
1,5,6,1000,0.3173,-4136.54
1,5,7,1000,0.3157,-4213.82
1,5,8,1000,0.3261,-3696.0
1,5,9,1000,0.3373,-3137.12
1,5,10,1000,0.3309,-3453.16
1,5,11,1000,0.328,-3599.48
1,5,12,1000,0.3456,-2722.11
1,5,13,1000,0.3537,-2312.55
1,5,14,1000,0.3342,-3287.56
1,5,15,1000,0.3172,-4140.53
1,5,16,1000,0.3226,-3869.68
1,5,17,1000,0.3451,-2745.58
1,5,18,1000,0.3379,-3104.12
1,5,19,1000,0.3007,-4966.3
1,5,20,1000,0.2641,-6793.3
1,5,21,1000,0.2318,-8409.5
1,5,22,1000,0.2008,-9962.41
1,5,23,1000,0.1753,-11236.14
1,5,24,1000,0.1714,-11427.66
1,6,0,1000,0.1918,-10407.99
1,6,1,1000,0.2266,-8670.59
1,6,2,1000,0.2502,-7488.88
1,6,3,1000,0.2525,-7377.03
1,6,4,1000,0.2639,-6803.63
1,6,5,1000,0.3019,-4905.73
1,6,6,1000,0.3198,-4010.04
1,6,7,1000,0.3166,-4171.22
1,6,8,1000,0.3452,-2742.41
1,6,9,1000,0.3666,-1669.12
1,6,10,1000,0.3487,-2564.24
1,6,11,1000,0.3254,-3730.06
1,6,12,1000,0.3499,-2507.08
1,6,13,1000,0.377,-1150.83
1,6,14,1000,0.3745,-1276.06
1,6,15,1000,0.3626,-1867.73
1,6,16,1000,0.3716,-1419.44
1,6,17,1000,0.3983,-83.72
1,6,18,1000,0.3843,-783.68
1,6,19,1000,0.3371,-3147.47
1,6,20,1000,0.2965,-5174.02
1,6,21,1000,0.263,-6851.09
1,6,22,1000,0.2253,-8734.05
1,6,23,1000,0.1884,-10578.52
1,6,24,1000,0.1822,-10892.24
1,7,0,1000,0.211,-9447.82
1,7,1,1000,0.2456,-7718.78
1,7,2,1000,0.2639,-6803.69
1,7,3,1000,0.2635,-6824.32
1,7,4,1000,0.2747,-6262.85
1,7,5,1000,0.3131,-4347.48
1,7,6,1000,0.3353,-3234.55
1,7,7,1000,0.3383,-3087.26
1,7,8,1000,0.3768,-1159.91
1,7,9,1000,0.4033,165.08
1,7,10,1000,0.386,-697.7
1,7,11,1000,0.3625,-1873.18
1,7,12,1000,0.3869,-654.19
1,7,13,1000,0.4145,722.89
1,7,14,1000,0.4224,1120.24
1,7,15,1000,0.4209,1043.14
1,7,16,1000,0.4278,1387.76
1,7,17,1000,0.4464,2320.61
1,7,18,1000,0.4238,1189.61
1,7,19,1000,0.3727,-1365.72
1,7,20,1000,0.3285,-3575.08
1,7,21,1000,0.2895,-5522.56
1,7,22,1000,0.2474,-7632.08
1,7,23,1000,0.2083,-9584.56
1,7,24,1000,0.2028,-9858.31
1,8,0,1000,0.2288,-8560.1
1,8,1,1000,0.2572,-7138.14
1,8,2,1000,0.2689,-6553.95
1,8,3,1000,0.2688,-6558.62
1,8,4,1000,0.2722,-6390.4
1,8,5,1000,0.2879,-5606.17
1,8,6,1000,0.3203,-3985.61
1,8,7,1000,0.3521,-2392.83
1,8,8,1000,0.4012,59.74
1,8,9,1000,0.4187,933.2
1,8,10,1000,0.4064,321.33
1,8,11,1000,0.382,-901.81
1,8,12,1000,0.3874,-627.68
1,8,13,1000,0.4029,145.02
1,8,14,1000,0.4496,2480.26
1,8,15,1000,0.4908,4538.4
1,8,16,1000,0.4862,4308.88
1,8,17,1000,0.4688,3438.31
1,8,18,1000,0.4272,1362.34
1,8,19,1000,0.3834,-829.16
1,8,20,1000,0.3589,-2053.67
1,8,21,1000,0.3354,-3230.25
1,8,22,1000,0.2902,-5492.45
1,8,23,1000,0.2378,-8111.29
1,8,24,1000,0.2112,-9439.86
1,9,0,1000,0.2243,-8782.76
1,9,1,1000,0.2486,-7571.53
1,9,2,1000,0.262,-6902.31
1,9,3,1000,0.2653,-6733.24
1,9,4,1000,0.2656,-6718.35
1,9,5,1000,0.28,-5998.13
1,9,6,1000,0.3323,-3385.26
1,9,7,1000,0.3879,-602.85
1,9,8,1000,0.4389,1945.78
1,9,9,1000,0.4438,2191.0
1,9,10,1000,0.4363,1814.37
1,9,11,1000,0.4151,752.82
1,9,12,1000,0.4089,443.29
1,9,13,1000,0.4125,626.74
1,9,14,1000,0.46,2998.06
1,9,15,1000,0.5029,5145.64
1,9,16,1000,0.4866,4332.04
1,9,17,1000,0.439,1951.07
1,9,18,1000,0.3807,-964.39
1,9,19,1000,0.3453,-2733.51
1,9,20,1000,0.343,-2847.77
1,9,21,1000,0.3397,-3012.56
1,9,22,1000,0.2959,-5205.19
1,9,23,1000,0.2403,-7982.74
1,9,24,1000,0.2089,-9557.09
1,10,0,1000,0.215,-9249.42
1,10,1,1000,0.2392,-8038.13
1,10,2,1000,0.2562,-7190.06
1,10,3,1000,0.261,-6950.2
1,10,4,1000,0.2662,-6688.5
1,10,5,1000,0.3064,-4677.6
1,10,6,1000,0.3776,-1118.38
1,10,7,1000,0.4358,1788.75
1,10,8,1000,0.4814,4067.56
1,10,9,1000,0.4821,4106.78
1,10,10,1000,0.4771,3852.86
1,10,11,1000,0.4642,3210.46
1,10,12,1000,0.4641,3206.11
1,10,13,1000,0.4645,3225.46
1,10,14,1000,0.4777,3882.93
1,10,15,1000,0.4848,4241.37
1,10,16,1000,0.4647,3234.04
1,10,17,1000,0.4132,658.97
1,10,18,1000,0.3496,-2518.79
1,10,19,1000,0.3145,-4277.36
1,10,20,1000,0.3146,-4270.38
1,10,21,1000,0.3147,-4263.89
1,10,22,1000,0.2733,-6335.02
1,10,23,1000,0.2268,-8660.61
1,10,24,1000,0.2109,-9455.33
1,11,0,1000,0.2176,-9121.92
1,11,1,1000,0.24,-8002.02
1,11,2,1000,0.2592,-7037.74
1,11,3,1000,0.2649,-6755.0
1,11,4,1000,0.2782,-6089.76
1,11,5,1000,0.3539,-2303.29
1,11,6,1000,0.4383,1912.7
1,11,7,1000,0.4797,3984.21
1,11,8,1000,0.493,4651.9
1,11,9,1000,0.4837,4187.23
1,11,10,1000,0.4859,4295.86
1,11,11,1000,0.4956,4781.57
1,11,12,1000,0.5066,5328.19
1,11,13,1000,0.4988,4938.21
1,11,14,1000,0.4756,3780.87
1,11,15,1000,0.4547,2733.36
1,11,16,1000,0.438,1897.56
1,11,17,1000,0.4115,576.34
1,11,18,1000,0.3679,-1603.0
1,11,19,1000,0.3283,-3585.26
1,11,20,1000,0.3122,-4392.3
1,11,21,1000,0.3026,-4867.98
1,11,22,1000,0.2666,-6670.21
1,11,23,1000,0.2226,-8868.58
1,11,24,1000,0.2017,-9913.55
1,12,0,1000,0.2247,-8766.41
1,12,1,1000,0.2455,-7722.64
1,12,2,1000,0.2663,-6683.08
1,12,3,1000,0.2728,-6361.88
1,12,4,1000,0.2878,-5611.54
1,12,5,1000,0.3687,-1565.83
1,12,6,1000,0.4451,2257.35
1,12,7,1000,0.4704,3518.92
1,12,8,1000,0.4719,3595.08
1,12,9,1000,0.4681,3403.36
1,12,10,1000,0.4761,3805.48
1,12,11,1000,0.4984,4921.15
1,12,12,1000,0.512,5597.68
1,12,13,1000,0.4982,4911.59
1,12,14,1000,0.4711,3552.83
1,12,15,1000,0.4558,2787.75
1,12,16,1000,0.4449,2247.15
1,12,17,1000,0.4421,2106.13
1,12,18,1000,0.4176,880.9
1,12,19,1000,0.3721,-1395.85
1,12,20,1000,0.339,-3051.82
1,12,21,1000,0.3189,-4054.97
1,12,22,1000,0.2857,-5716.85
1,12,23,1000,0.2357,-8213.3
1,12,24,1000,0.1964,-10179.42
1,13,0,1000,0.2181,-9095.46
1,13,1,1000,0.2389,-8056.07
1,13,2,1000,0.2607,-6966.79
1,13,3,1000,0.2686,-6571.6
1,13,4,1000,0.2829,-5855.0
1,13,5,1000,0.3545,-2273.14
1,13,6,1000,0.4223,1114.03
1,13,7,1000,0.4479,2395.24
1,13,8,1000,0.4673,3363.79
1,13,9,1000,0.4783,3914.76
1,13,10,1000,0.4868,4338.33
1,13,11,1000,0.5074,5371.19
1,13,12,1000,0.519,5947.98
1,13,13,1000,0.5045,5223.16
1,13,14,1000,0.4786,3929.83
1,13,15,1000,0.4652,3260.95
1,13,16,1000,0.454,2699.75
1,13,17,1000,0.4469,2344.35
1,13,18,1000,0.4177,886.76
1,13,19,1000,0.3719,-1406.86
1,13,20,1000,0.3386,-3068.88
1,13,21,1000,0.3188,-4059.92
1,13,22,1000,0.2865,-5672.71
1,13,23,1000,0.2386,-8072.27
1,13,24,1000,0.2011,-9945.88
1,14,0,1000,0.2193,-9037.45
1,14,1,1000,0.2408,-7959.52
1,14,2,1000,0.2485,-7577.02
1,14,3,1000,0.2647,-6762.88
1,14,4,1000,0.2991,-5046.6
1,14,5,1000,0.3564,-2181.31
1,14,6,1000,0.3995,-27.38
1,14,7,1000,0.4298,1491.33
1,14,8,1000,0.4809,4046.14
1,14,9,1000,0.5078,5390.95
1,14,10,1000,0.509,5449.41
1,14,11,1000,0.5344,6722.14
1,14,12,1000,0.5548,7737.55
1,14,13,1000,0.5369,6844.64
1,14,14,1000,0.5088,5438.28
1,14,15,1000,0.491,4548.17
1,14,16,1000,0.4713,3567.09
1,14,17,1000,0.4414,2072.29
1,14,18,1000,0.4026,128.54
1,14,19,1000,0.3671,-1644.56
1,14,20,1000,0.3338,-3312.13
1,14,21,1000,0.3061,-4693.96
1,14,22,1000,0.2793,-6035.01
1,14,23,1000,0.2472,-7641.96
1,14,24,1000,0.2224,-8878.71
1,15,0,1000,0.2309,-8454.15
1,15,1,1000,0.2532,-7341.44
1,15,2,1000,0.2424,-7879.49
1,15,3,1000,0.2663,-6683.8
1,15,4,1000,0.3215,-3924.08
1,15,5,1000,0.3589,-2056.31
1,15,6,1000,0.3724,-1380.99
1,15,7,1000,0.4045,226.12
1,15,8,1000,0.4713,3566.32
1,15,9,1000,0.5004,5022.31
1,15,10,1000,0.492,4602.23
1,15,11,1000,0.5235,6174.04
1,15,12,1000,0.5544,7720.44
1,15,13,1000,0.533,6651.3
1,15,14,1000,0.4993,4966.71
1,15,15,1000,0.4737,3687.42
1,15,16,1000,0.4473,2365.7
1,15,17,1000,0.4152,759.77
1,15,18,1000,0.3932,-340.59
1,15,19,1000,0.373,-1348.53
1,15,20,1000,0.3449,-2753.04
1,15,21,1000,0.3172,-4137.57
1,15,22,1000,0.2963,-5187.09
1,15,23,1000,0.2685,-6572.94
1,15,24,1000,0.2356,-8218.2
1,16,0,1000,0.2306,-8472.01
1,16,1,1000,0.2522,-7389.21
1,16,2,1000,0.2388,-8059.36
1,16,3,1000,0.2626,-6870.56
1,16,4,1000,0.3157,-4214.1
1,16,5,1000,0.3369,-3157.11
1,16,6,1000,0.3376,-3121.12
1,16,7,1000,0.3669,-1652.87
1,16,8,1000,0.4308,1538.76
1,16,9,1000,0.4569,2844.03
1,16,10,1000,0.4462,2310.68
1,16,11,1000,0.4751,3756.95
1,16,12,1000,0.5054,5272.14
1,16,13,1000,0.4851,4253.87
1,16,14,1000,0.4492,2457.84
1,16,15,1000,0.42,998.47
1,16,16,1000,0.3953,-236.01
1,16,17,1000,0.3825,-874.44
1,16,18,1000,0.3861,-696.21
1,16,19,1000,0.372,-1400.29
1,16,20,1000,0.3522,-2389.54
1,16,21,1000,0.3357,-3214.2
1,16,22,1000,0.3164,-4178.21
1,16,23,1000,0.2787,-6064.36
1,16,24,1000,0.2268,-8662.31
1,17,0,1000,0.2142,-9291.07
1,17,1,1000,0.2363,-8185.0
1,17,2,1000,0.2325,-8374.05
1,17,3,1000,0.2617,-6916.52
1,17,4,1000,0.3102,-4487.62
1,17,5,1000,0.3157,-4213.18
1,17,6,1000,0.3099,-4507.43
1,17,7,1000,0.3391,-3045.52
1,17,8,1000,0.3869,-656.31
1,17,9,1000,0.3991,-46.61
1,17,10,1000,0.386,-700.5
1,17,11,1000,0.4032,160.88
1,17,12,1000,0.4434,2170.89
1,17,13,1000,0.4475,2373.65
1,17,14,1000,0.416,801.47
1,17,15,1000,0.3646,-1769.32
1,17,16,1000,0.336,-3198.4
1,17,17,1000,0.3383,-3085.67
1,17,18,1000,0.3632,-1840.92
1,17,19,1000,0.3543,-2283.6
1,17,20,1000,0.3373,-3133.56
1,17,21,1000,0.3218,-3909.81
1,17,22,1000,0.3016,-4917.83
1,17,23,1000,0.2655,-6726.06
1,17,24,1000,0.2233,-8837.27
1,18,0,1000,0.1906,-10470.88
1,18,1,1000,0.2129,-9353.89
1,18,2,1000,0.2205,-8975.38
1,18,3,1000,0.2558,-7207.62
1,18,4,1000,0.3013,-4933.63
1,18,5,1000,0.2997,-5015.43
1,18,6,1000,0.2943,-5286.54
1,18,7,1000,0.3276,-3622.17
1,18,8,1000,0.3721,-1393.07
1,18,9,1000,0.3806,-968.91
1,18,10,1000,0.3667,-1663.41
1,18,11,1000,0.3684,-1582.44
1,18,12,1000,0.4192,959.56
1,18,13,1000,0.4535,2677.38
1,18,14,1000,0.4317,1583.05
1,18,15,1000,0.3564,-2179.99
1,18,16,1000,0.3203,-3986.85
1,18,17,1000,0.3148,-4262.47
1,18,18,1000,0.3336,-3319.13
1,18,19,1000,0.326,-3701.01
1,18,20,1000,0.3042,-4789.39
1,18,21,1000,0.2772,-6140.15
1,18,22,1000,0.2551,-7246.18
1,18,23,1000,0.2295,-8525.64
1,18,24,1000,0.2137,-9315.9
1,19,0,1000,0.1797,-11017.42
1,19,1,1000,0.2002,-9988.62
1,19,2,1000,0.2069,-9653.75
1,19,3,1000,0.2399,-8007.22
1,19,4,1000,0.2813,-5933.63
1,19,5,1000,0.2763,-6182.61
1,19,6,1000,0.2695,-6525.79
1,19,7,1000,0.3033,-4837.4
1,19,8,1000,0.3602,-1991.15
1,19,9,1000,0.3801,-994.79
1,19,10,1000,0.3677,-1615.91
1,19,11,1000,0.3636,-1818.18
1,19,12,1000,0.4096,481.57
1,19,13,1000,0.4462,2307.76
1,19,14,1000,0.4277,1385.87
1,19,15,1000,0.3542,-2288.26
1,19,16,1000,0.3187,-4062.88
1,19,17,1000,0.3062,-4690.47
1,19,18,1000,0.3151,-4244.08
1,19,19,1000,0.3069,-4655.92
1,19,20,1000,0.2854,-5730.18
1,19,21,1000,0.2578,-7110.1
1,19,22,1000,0.2367,-8163.4
1,19,23,1000,0.2102,-9492.12
1,19,24,1000,0.1914,-10430.29
1,20,0,1000,0.179,-11049.97
1,20,1,1000,0.1985,-10076.29
1,20,2,1000,0.1983,-10083.72
1,20,3,1000,0.2159,-9205.58
1,20,4,1000,0.2447,-7763.32
1,20,5,1000,0.2437,-7815.98
1,20,6,1000,0.2387,-8064.33
1,20,7,1000,0.2617,-6917.25
1,20,8,1000,0.322,-3900.68
1,20,9,1000,0.3605,-1976.12
1,20,10,1000,0.361,-1949.19
1,20,11,1000,0.3712,-1440.39
1,20,12,1000,0.4016,78.13
1,20,13,1000,0.4153,765.31
1,20,14,1000,0.3828,-858.35
1,20,15,1000,0.3263,-3684.71
1,20,16,1000,0.3056,-4719.3
1,20,17,1000,0.2954,-5231.31
1,20,18,1000,0.2877,-5616.85
1,20,19,1000,0.271,-6447.65
1,20,20,1000,0.2474,-7632.1
1,20,21,1000,0.2295,-8523.42
1,20,22,1000,0.2188,-9059.47
1,20,23,1000,0.1979,-10106.35
1,20,24,1000,0.1745,-11275.87
1,21,0,1000,0.1736,-11317.52
1,21,1,1000,0.1948,-10260.08
1,21,2,1000,0.1955,-10227.24
1,21,3,1000,0.1968,-10160.17
1,21,4,1000,0.2113,-9434.97
1,21,5,1000,0.2277,-8616.59
1,21,6,1000,0.2337,-8313.33
1,21,7,1000,0.2379,-8106.83
1,21,8,1000,0.2713,-6435.61
1,21,9,1000,0.3114,-4430.53
1,21,10,1000,0.3292,-3540.18
1,21,11,1000,0.3615,-1922.75
1,21,12,1000,0.3714,-1430.65
1,21,13,1000,0.3533,-2337.39
1,21,14,1000,0.3098,-4508.14
1,21,15,1000,0.2878,-5610.64
1,21,16,1000,0.2899,-5504.66
1,21,17,1000,0.2936,-5318.78
1,21,18,1000,0.2748,-6260.07
1,21,19,1000,0.246,-7698.54
1,21,20,1000,0.2131,-9343.44
1,21,21,1000,0.2024,-9877.79
1,21,22,1000,0.2047,-9765.41
1,21,23,1000,0.1943,-10284.62
1,21,24,1000,0.1692,-11540.62
1,22,0,1000,0.155,-12249.36
1,22,1,1000,0.1769,-11154.71
1,22,2,1000,0.1856,-10718.24
1,22,3,1000,0.1876,-10618.72
1,22,4,1000,0.1999,-10007.18
1,22,5,1000,0.2254,-8728.81
1,22,6,1000,0.238,-8099.73
1,22,7,1000,0.2364,-8181.36
1,22,8,1000,0.2478,-7611.58
1,22,9,1000,0.2742,-6290.28
1,22,10,1000,0.2931,-5346.58
1,22,11,1000,0.324,-3800.14
1,22,12,1000,0.3256,-3720.38
1,22,13,1000,0.3028,-4860.82
1,22,14,1000,0.2718,-6410.52
1,22,15,1000,0.271,-6449.57
1,22,16,1000,0.2793,-6036.38
1,22,17,1000,0.2908,-5459.87
1,22,18,1000,0.2775,-6124.98
1,22,19,1000,0.2483,-7586.21
1,22,20,1000,0.2116,-9417.69
1,22,21,1000,0.1976,-10119.5
1,22,22,1000,0.2007,-9965.52
1,22,23,1000,0.1891,-10544.67
1,22,24,1000,0.1577,-12112.93
1,23,0,1000,0.1309,-13452.78
1,23,1,1000,0.1487,-12565.67
1,23,2,1000,0.1638,-11808.77
1,23,3,1000,0.1724,-11380.24
1,23,4,1000,0.1851,-10744.68
1,23,5,1000,0.2136,-9317.72
1,23,6,1000,0.2365,-8176.43
1,23,7,1000,0.2436,-7820.94
1,23,8,1000,0.2409,-7955.78
1,23,9,1000,0.2445,-7777.24
1,23,10,1000,0.2558,-7211.62
1,23,11,1000,0.2753,-6236.77
1,23,12,1000,0.282,-5902.04
1,23,13,1000,0.2741,-6294.54
1,23,14,1000,0.2682,-6588.66
1,23,15,1000,0.2768,-6161.3
1,23,16,1000,0.2801,-5993.11
1,23,17,1000,0.2755,-6225.97
1,23,18,1000,0.2549,-7256.01
1,23,19,1000,0.2341,-8295.01
1,23,20,1000,0.2069,-9656.16
1,23,21,1000,0.189,-10550.52
1,23,22,1000,0.1848,-10761.38
1,23,23,1000,0.1714,-11429.42
1,23,24,1000,0.1452,-12740.91
1,24,0,1000,0.1155,-14223.13
1,24,1,1000,0.1248,-13759.4
1,24,2,1000,0.1407,-12965.63
1,24,3,1000,0.156,-12201.45
1,24,4,1000,0.1658,-11707.7
1,24,5,1000,0.1807,-10966.7
1,24,6,1000,0.2096,-9520.77
1,24,7,1000,0.2357,-8216.52
1,24,8,1000,0.2332,-8340.67
1,24,9,1000,0.2163,-9186.37
1,24,10,1000,0.2168,-9160.68
1,24,11,1000,0.2222,-8890.59
1,24,12,1000,0.2428,-7858.29
1,24,13,1000,0.2596,-7018.04
1,24,14,1000,0.2739,-6302.93
1,24,15,1000,0.2737,-6313.85
1,24,16,1000,0.2663,-6684.32
1,24,17,1000,0.233,-8351.73
1,24,18,1000,0.1984,-10079.87
1,24,19,1000,0.1928,-10361.65
1,24,20,1000,0.1884,-10577.88
1,24,21,1000,0.1736,-11320.66
1,24,22,1000,0.1586,-12071.92
1,24,23,1000,0.1443,-12786.16
1,24,24,1000,0.132,-13400.35
2,0,0,1000,0.1174,-14131.24
2,0,1,1000,0.1234,-13831.85
2,0,2,1000,0.1501,-12496.42
2,0,3,1000,0.1691,-11543.36
2,0,4,1000,0.1763,-11187.08
2,0,5,1000,0.1936,-10319.85
2,0,6,1000,0.2127,-9366.49
2,0,7,1000,0.2192,-9040.25
2,0,8,1000,0.2085,-9573.06
2,0,9,1000,0.2107,-9463.46
2,0,10,1000,0.229,-8550.13
2,0,11,1000,0.2529,-7356.34
2,0,12,1000,0.2568,-7158.21
2,0,13,1000,0.2474,-7630.73
2,0,14,1000,0.2258,-8709.64
2,0,15,1000,0.2157,-9213.18
2,0,16,1000,0.2164,-9180.28
2,0,17,1000,0.2069,-9655.93
2,0,18,1000,0.1875,-10625.93
2,0,19,1000,0.176,-11198.39
2,0,20,1000,0.1726,-11370.52
2,0,21,1000,0.1647,-11763.79
2,0,22,1000,0.1466,-12667.74
2,0,23,1000,0.1374,-13131.11
2,0,24,1000,0.1342,-13289.58
2,1,0,1000,0.1361,-13195.67
2,1,1,1000,0.1453,-12733.98
2,1,2,1000,0.1676,-11620.58
2,1,3,1000,0.1842,-10788.24
2,1,4,1000,0.1932,-10341.0
2,1,5,1000,0.2099,-9504.15
2,1,6,1000,0.2277,-8616.54
2,1,7,1000,0.2343,-8284.87
2,1,8,1000,0.2237,-8813.09
2,1,9,1000,0.2247,-8762.96
2,1,10,1000,0.2424,-7878.92
2,1,11,1000,0.2738,-6309.21
2,1,12,1000,0.2823,-5884.58
2,1,13,1000,0.2689,-6553.72
2,1,14,1000,0.2476,-7617.58
2,1,15,1000,0.2427,-7867.29
2,1,16,1000,0.2438,-7811.43
2,1,17,1000,0.2399,-8003.87
2,1,18,1000,0.2283,-8586.04
2,1,19,1000,0.2165,-9175.19
2,1,20,1000,0.2099,-9506.37
2,1,21,1000,0.1978,-10112.41
2,1,22,1000,0.1766,-11171.04
2,1,23,1000,0.164,-11799.42
2,1,24,1000,0.156,-12197.67
2,2,0,1000,0.1516,-12419.5
2,2,1,1000,0.1734,-11330.22
2,2,2,1000,0.1915,-10425.8
2,2,3,1000,0.204,-9801.19
2,2,4,1000,0.2197,-9014.87
2,2,5,1000,0.2412,-7939.27
2,2,6,1000,0.2571,-7147.03
2,2,7,1000,0.2632,-6837.83
2,2,8,1000,0.2564,-7182.45
2,2,9,1000,0.253,-7347.78
2,2,10,1000,0.262,-6898.31
2,2,11,1000,0.2962,-5188.62
2,2,12,1000,0.3044,-4781.37
2,2,13,1000,0.28,-5999.82
2,2,14,1000,0.2757,-6215.3
2,2,15,1000,0.3012,-4937.7
2,2,16,1000,0.3037,-4815.88
2,2,17,1000,0.2966,-5169.45
2,2,18,1000,0.2847,-5764.24
2,2,19,1000,0.2719,-6406.24
2,2,20,1000,0.2552,-7239.9
2,2,21,1000,0.2289,-8552.99
2,2,22,1000,0.2046,-9771.17
2,2,23,1000,0.1896,-10519.14
2,2,24,1000,0.1751,-11245.18
2,3,0,1000,0.1616,-11921.09
2,3,1,1000,0.1895,-10526.34
2,3,2,1000,0.2015,-9923.47
2,3,3,1000,0.2095,-9524.46
2,3,4,1000,0.2334,-8329.63
2,3,5,1000,0.2781,-6095.75
2,3,6,1000,0.307,-4649.2
2,3,7,1000,0.3143,-4282.93
2,3,8,1000,0.3056,-4720.09
2,3,9,1000,0.297,-5151.18
2,3,10,1000,0.3022,-4887.73
2,3,11,1000,0.3411,-2946.98
2,3,12,1000,0.3503,-2482.75
2,3,13,1000,0.3178,-4109.83
2,3,14,1000,0.3131,-4344.86
2,3,15,1000,0.3466,-2670.85
2,3,16,1000,0.3484,-2582.33
2,3,17,1000,0.3355,-3226.05
2,3,18,1000,0.3183,-4086.27
2,3,19,1000,0.3037,-4817.25
2,3,20,1000,0.2795,-6022.89
2,3,21,1000,0.2425,-7874.93
2,3,22,1000,0.2155,-9224.61
2,3,23,1000,0.2038,-9810.57
2,3,24,1000,0.1944,-10280.43
2,4,0,1000,0.1742,-11291.12
2,4,1,1000,0.2,-9999.65
2,4,2,1000,0.2073,-9635.08
2,4,3,1000,0.2135,-9325.82
2,4,4,1000,0.2429,-7857.29
2,4,5,1000,0.3107,-4464.45
2,4,6,1000,0.3548,-2257.58
2,4,7,1000,0.3635,-1824.29
2,4,8,1000,0.3549,-2257.03
2,4,9,1000,0.3485,-2575.48
2,4,10,1000,0.356,-2198.59
2,4,11,1000,0.3957,-215.62
2,4,12,1000,0.4073,362.61
2,4,13,1000,0.3761,-1196.48
2,4,14,1000,0.357,-2150.45
2,4,15,1000,0.3731,-1344.35
2,4,16,1000,0.3727,-1364.58
2,4,17,1000,0.3608,-1961.27
2,4,18,1000,0.3447,-2766.53
2,4,19,1000,0.3291,-3544.59
2,4,20,1000,0.2993,-5035.58
2,4,21,1000,0.2549,-7256.77
2,4,22,1000,0.2264,-8681.98
2,4,23,1000,0.2176,-9121.26
2,4,24,1000,0.2146,-9270.83
2,5,0,1000,0.1919,-10403.8
2,5,1,1000,0.2117,-9415.61
2,5,2,1000,0.2325,-8376.0
2,5,3,1000,0.2509,-7457.44
2,5,4,1000,0.2795,-6026.62
2,5,5,1000,0.3396,-3019.01
2,5,6,1000,0.3755,-1222.81
2,5,7,1000,0.3819,-906.51
2,5,8,1000,0.3913,-433.8
2,5,9,1000,0.4096,478.18
2,5,10,1000,0.4203,1013.57
2,5,11,1000,0.4291,1455.78
2,5,12,1000,0.4298,1492.33
2,5,13,1000,0.4207,1036.26
2,5,14,1000,0.406,299.78
2,5,15,1000,0.4048,240.54
2,5,16,1000,0.4026,131.13
2,5,17,1000,0.395,-251.52
2,5,18,1000,0.3839,-803.44
2,5,19,1000,0.3689,-1554.15
2,5,20,1000,0.3264,-3678.78
2,5,21,1000,0.2677,-6615.64
2,5,22,1000,0.2416,-7917.95
2,5,23,1000,0.2289,-8552.97
2,5,24,1000,0.2186,-9071.51
2,6,0,1000,0.2056,-9722.0
2,6,1,1000,0.2235,-8824.66
2,6,2,1000,0.2597,-7016.29
2,6,3,1000,0.2903,-5483.96
2,6,4,1000,0.3168,-4158.68
2,6,5,1000,0.359,-2050.07
2,6,6,1000,0.3805,-974.05
2,6,7,1000,0.3838,-810.28
2,6,8,1000,0.402,100.09
2,6,9,1000,0.4345,1725.0
2,6,10,1000,0.4465,2323.09
2,6,11,1000,0.4304,1520.8
2,6,12,1000,0.4203,1015.32
2,6,13,1000,0.4272,1362.44
2,6,14,1000,0.4329,1643.72
2,6,15,1000,0.4389,1944.09
2,6,16,1000,0.4371,1855.02
2,6,17,1000,0.4267,1334.84
2,6,18,1000,0.412,601.87
2,6,19,1000,0.396,-197.74
2,6,20,1000,0.3431,-2847.02
2,6,21,1000,0.2719,-6403.96
2,6,22,1000,0.2472,-7641.11
2,6,23,1000,0.2318,-8410.09
2,6,24,1000,0.2161,-9197.14
2,7,0,1000,0.2161,-9194.88
2,7,1,1000,0.2346,-8271.57
2,7,2,1000,0.2716,-6417.91
2,7,3,1000,0.3055,-4724.07
2,7,4,1000,0.3344,-3281.21
2,7,5,1000,0.3745,-1275.91
2,7,6,1000,0.3968,-158.31
2,7,7,1000,0.4042,212.12
2,7,8,1000,0.4206,1029.18
2,7,9,1000,0.4475,2374.96
2,7,10,1000,0.4568,2839.96
2,7,11,1000,0.4341,1706.5
2,7,12,1000,0.4214,1068.28
2,7,13,1000,0.4304,1519.95
2,7,14,1000,0.4468,2341.93
2,7,15,1000,0.4641,3205.48
2,7,16,1000,0.4636,3181.63
2,7,17,1000,0.4517,2582.77
2,7,18,1000,0.4313,1567.02
2,7,19,1000,0.4103,515.79
2,7,20,1000,0.3536,-2318.34
2,7,21,1000,0.2813,-5935.29
2,7,22,1000,0.2555,-7226.48
2,7,23,1000,0.2405,-7975.25
2,7,24,1000,0.226,-8700.5
2,8,0,1000,0.2337,-8315.85
2,8,1,1000,0.2478,-7610.81
2,8,2,1000,0.2712,-6439.07
2,8,3,1000,0.3084,-4580.78
2,8,4,1000,0.3428,-2860.76
2,8,5,1000,0.3683,-1585.47
2,8,6,1000,0.3953,-233.0
2,8,7,1000,0.4322,1611.42
2,8,8,1000,0.4723,3613.58
2,8,9,1000,0.486,4301.07
2,8,10,1000,0.4793,3964.13
2,8,11,1000,0.4408,2041.29
2,8,12,1000,0.4307,1533.94
2,8,13,1000,0.4445,2224.98
2,8,14,1000,0.464,3200.71
2,8,15,1000,0.484,4201.23
2,8,16,1000,0.4871,4356.26
2,8,17,1000,0.4872,4359.78
2,8,18,1000,0.4599,2992.77
2,8,19,1000,0.4183,915.58
2,8,20,1000,0.3709,-1456.34
2,8,21,1000,0.3335,-3324.91
2,8,22,1000,0.3088,-4559.38
2,8,23,1000,0.2826,-5868.64
2,8,24,1000,0.2501,-7495.58
2,9,0,1000,0.2415,-7922.57
2,9,1,1000,0.2501,-7493.26
2,9,2,1000,0.2574,-7131.07
2,9,3,1000,0.2935,-5327.15
2,9,4,1000,0.333,-3349.65
2,9,5,1000,0.3561,-2196.35
2,9,6,1000,0.3931,-347.21
2,9,7,1000,0.4548,2740.65
2,9,8,1000,0.5198,5989.65
2,9,9,1000,0.5275,6373.89
2,9,10,1000,0.5098,5492.1
2,9,11,1000,0.4722,3608.3
2,9,12,1000,0.4768,3839.29
2,9,13,1000,0.495,4747.79
2,9,14,1000,0.5094,5468.1
2,9,15,1000,0.5231,6153.73
2,9,16,1000,0.5264,6321.31
2,9,17,1000,0.5144,5722.33
2,9,18,1000,0.4545,2723.86
2,9,19,1000,0.3939,-307.09
2,9,20,1000,0.3583,-2086.74
2,9,21,1000,0.3543,-2285.82
2,9,22,1000,0.3331,-3347.48
2,9,23,1000,0.3009,-4955.84
2,9,24,1000,0.258,-7098.47
2,10,0,1000,0.2405,-7976.87
2,10,1,1000,0.2471,-7646.06
2,10,2,1000,0.247,-7651.53
2,10,3,1000,0.278,-6098.32
2,10,4,1000,0.3194,-4032.43
2,10,5,1000,0.3566,-2172.22
2,10,6,1000,0.4029,144.8
2,10,7,1000,0.4645,3223.31
2,10,8,1000,0.5281,6405.3
2,10,9,1000,0.5377,6882.89
2,10,10,1000,0.5243,6213.08
2,10,11,1000,0.4985,4925.45
2,10,12,1000,0.5135,5675.44
2,10,13,1000,0.5339,6696.73
2,10,14,1000,0.5501,7503.47
2,10,15,1000,0.5654,8271.1
2,10,16,1000,0.5677,8385.58
2,10,17,1000,0.5269,6347.26
2,10,18,1000,0.4298,1487.86
2,10,19,1000,0.3645,-1776.51
2,10,20,1000,0.3295,-3526.07
2,10,21,1000,0.3262,-3690.06
2,10,22,1000,0.3079,-4604.73
2,10,23,1000,0.2811,-5945.74
2,10,24,1000,0.2454,-7730.1
2,11,0,1000,0.2457,-7716.04
2,11,1,1000,0.2564,-7182.14
2,11,2,1000,0.254,-7298.29
2,11,3,1000,0.2724,-6382.27
2,11,4,1000,0.3131,-4345.78
2,11,5,1000,0.389,-550.64
2,11,6,1000,0.4505,2523.85
2,11,7,1000,0.4837,4185.35
2,11,8,1000,0.5057,5282.57
2,11,9,1000,0.5291,6454.52
2,11,10,1000,0.5486,7432.37
2,11,11,1000,0.5292,6461.17
2,11,12,1000,0.5266,6328.53
2,11,13,1000,0.5506,7528.02
2,11,14,1000,0.5696,8480.52
2,11,15,1000,0.5904,9519.51
2,11,16,1000,0.6002,10011.63
2,11,17,1000,0.5543,7712.91
2,11,18,1000,0.4534,2671.12
2,11,19,1000,0.3974,-127.96
2,11,20,1000,0.3445,-2774.67
2,11,21,1000,0.3071,-4642.55
2,11,22,1000,0.2906,-5470.29
2,11,23,1000,0.2649,-6755.37
2,11,24,1000,0.2257,-8714.88
2,12,0,1000,0.2391,-8044.31
2,12,1,1000,0.2593,-7037.16
2,12,2,1000,0.2777,-6115.13
2,12,3,1000,0.2978,-5108.32
2,12,4,1000,0.3378,-3109.18
2,12,5,1000,0.4377,1882.6
2,12,6,1000,0.5054,5269.97
2,12,7,1000,0.5116,5582.47
2,12,8,1000,0.4887,4432.56
2,12,9,1000,0.5202,6008.99
2,12,10,1000,0.5702,8512.02
2,12,11,1000,0.5565,7825.78
2,12,12,1000,0.5368,6841.88
2,12,13,1000,0.5624,8119.0
2,12,14,1000,0.5644,8220.54
2,12,15,1000,0.5695,8476.2
2,12,16,1000,0.5867,9332.72
2,12,17,1000,0.5637,8182.51
2,12,18,1000,0.4938,4690.06
2,12,19,1000,0.451,2548.65
2,12,20,1000,0.3852,-740.65
2,12,21,1000,0.3225,-3874.46
2,12,22,1000,0.3063,-4685.23
2,12,23,1000,0.2758,-6211.23
2,12,24,1000,0.2255,-8726.02
2,13,0,1000,0.2225,-8876.37
2,13,1,1000,0.2469,-7653.81
2,13,2,1000,0.2835,-5825.3
2,13,3,1000,0.314,-4301.58
2,13,4,1000,0.3544,-2279.52
2,13,5,1000,0.4494,2471.32
2,13,6,1000,0.5137,5683.55
2,13,7,1000,0.5188,5942.02
2,13,8,1000,0.49,4501.6
2,13,9,1000,0.5184,5922.05
2,13,10,1000,0.5708,8541.83
2,13,11,1000,0.5677,8384.86
2,13,12,1000,0.5567,7835.89
2,13,13,1000,0.5814,9070.33
2,13,14,1000,0.5625,8124.65
2,13,15,1000,0.5447,7235.36
2,13,16,1000,0.5599,7994.97
2,13,17,1000,0.5429,7144.57
2,13,18,1000,0.4812,4057.86
2,13,19,1000,0.4408,2038.85
2,13,20,1000,0.3801,-994.03
2,13,21,1000,0.3251,-3745.81
2,13,22,1000,0.311,-4450.78
2,13,23,1000,0.2813,-5936.94
2,13,24,1000,0.2323,-8383.32
2,14,0,1000,0.2398,-8010.63
2,14,1,1000,0.2631,-6843.62
2,14,2,1000,0.2836,-5822.32
2,14,3,1000,0.3139,-4305.61
2,14,4,1000,0.3579,-2106.75
2,14,5,1000,0.4228,1141.8
2,14,6,1000,0.4704,3519.42
2,14,7,1000,0.4947,4733.02
2,14,8,1000,0.5097,5485.89
2,14,9,1000,0.551,7548.65
2,14,10,1000,0.5924,9618.6
2,14,11,1000,0.5869,9343.85
2,14,12,1000,0.5807,9034.24
2,14,13,1000,0.6017,10085.15
2,14,14,1000,0.5724,8618.78
2,14,15,1000,0.5325,6624.9
2,14,16,1000,0.5315,6576.88
2,14,17,1000,0.5235,6177.1
2,14,18,1000,0.4819,4093.65
2,14,19,1000,0.4373,1867.06
2,14,20,1000,0.3703,-1485.61
2,14,21,1000,0.3198,-4010.6
2,14,22,1000,0.3101,-4493.66
2,14,23,1000,0.2907,-5464.03
2,14,24,1000,0.2568,-7161.46
2,15,0,1000,0.2665,-6676.0
2,15,1,1000,0.2847,-5762.74
2,15,2,1000,0.2724,-6379.09
2,15,3,1000,0.2933,-5334.94
2,15,4,1000,0.3418,-2907.52
2,15,5,1000,0.3863,-682.88
2,15,6,1000,0.4239,1196.83
2,15,7,1000,0.467,3350.43
2,15,8,1000,0.5183,5917.05
2,15,9,1000,0.5642,8209.7
2,15,10,1000,0.5936,9678.94
2,15,11,1000,0.597,9848.65
2,15,12,1000,0.6067,10334.06
2,15,13,1000,0.6245,11223.56
2,15,14,1000,0.5865,9323.91
2,15,15,1000,0.5257,6282.76
2,15,16,1000,0.5072,5361.56
2,15,17,1000,0.5057,5282.89
2,15,18,1000,0.4819,4096.99
2,15,19,1000,0.4328,1642.13
2,15,20,1000,0.3676,-1619.04
2,15,21,1000,0.3344,-3278.29
2,15,22,1000,0.3304,-3481.02
2,15,23,1000,0.3089,-4553.88
2,15,24,1000,0.2685,-6572.83
2,16,0,1000,0.2533,-7336.3
2,16,1,1000,0.2704,-6481.53
2,16,2,1000,0.2582,-7089.66
2,16,3,1000,0.2792,-6039.38
2,16,4,1000,0.3282,-3588.39
2,16,5,1000,0.3768,-1160.39
2,16,6,1000,0.4174,867.91
2,16,7,1000,0.4588,2939.22
2,16,8,1000,0.4947,4733.54
2,16,9,1000,0.5244,6220.56
2,16,10,1000,0.5518,7591.97
2,16,11,1000,0.5785,8925.91
2,16,12,1000,0.6113,10563.6
2,16,13,1000,0.6286,11430.87
2,16,14,1000,0.5739,8695.98
2,16,15,1000,0.4939,4696.71
2,16,16,1000,0.4723,3615.33
2,16,17,1000,0.4719,3597.07
2,16,18,1000,0.4525,2625.42
2,16,19,1000,0.4067,335.53
2,16,20,1000,0.3593,-2034.14
2,16,21,1000,0.3508,-2458.49
2,16,22,1000,0.3502,-2488.26
2,16,23,1000,0.3162,-4188.87
2,16,24,1000,0.2544,-7280.94
2,17,0,1000,0.2222,-8888.61
2,17,1,1000,0.2402,-7989.07
2,17,2,1000,0.2513,-7436.36
2,17,3,1000,0.2907,-5467.2
2,17,4,1000,0.3417,-2914.75
2,17,5,1000,0.3747,-1263.09
2,17,6,1000,0.404,200.66
2,17,7,1000,0.4451,2255.16
2,17,8,1000,0.464,3201.52
2,17,9,1000,0.47,3499.55
2,17,10,1000,0.4867,4333.92
2,17,11,1000,0.5175,5873.82
2,17,12,1000,0.567,8347.73
2,17,13,1000,0.5915,9574.71
2,17,14,1000,0.5345,6725.44
2,17,15,1000,0.4331,1653.99
2,17,16,1000,0.3979,-104.94
2,17,17,1000,0.409,448.56
2,17,18,1000,0.4293,1464.12
2,17,19,1000,0.4022,110.66
2,17,20,1000,0.363,-1851.21
2,17,21,1000,0.3472,-2640.6
2,17,22,1000,0.3389,-3057.25
2,17,23,1000,0.3014,-4928.35
2,17,24,1000,0.2421,-7896.0
2,18,0,1000,0.2105,-9476.87
2,18,1,1000,0.2268,-8659.19
2,18,2,1000,0.2497,-7516.12
2,18,3,1000,0.3029,-4855.36
2,18,4,1000,0.3528,-2357.96
2,18,5,1000,0.3509,-2452.73
2,18,6,1000,0.3551,-2244.68
2,18,7,1000,0.3998,-11.9
2,18,8,1000,0.4337,1686.06
2,18,9,1000,0.4396,1979.82
2,18,10,1000,0.4424,2120.21
2,18,11,1000,0.4494,2470.23
2,18,12,1000,0.4923,4616.5
2,18,13,1000,0.5262,6308.47
2,18,14,1000,0.4986,4928.0
2,18,15,1000,0.4049,245.69
2,18,16,1000,0.3543,-2284.05
2,18,17,1000,0.3589,-2054.9
2,18,18,1000,0.4031,157.2
2,18,19,1000,0.3948,-259.29
2,18,20,1000,0.3501,-2493.96
2,18,21,1000,0.3018,-4910.19
2,18,22,1000,0.2819,-5907.11
2,18,23,1000,0.2597,-7016.97
2,18,24,1000,0.2366,-8171.15
2,19,0,1000,0.215,-9249.37
2,19,1,1000,0.2274,-8628.69
2,19,2,1000,0.2376,-8122.3
2,19,3,1000,0.2823,-5883.11
2,19,4,1000,0.3268,-3661.72
2,19,5,1000,0.313,-4349.84
2,19,6,1000,0.308,-4599.83
2,19,7,1000,0.3513,-2437.12
2,19,8,1000,0.4012,58.06
2,19,9,1000,0.4194,971.95
2,19,10,1000,0.4202,1008.34
2,19,11,1000,0.4199,993.53
2,19,12,1000,0.4558,2787.9
2,19,13,1000,0.4893,4462.96
2,19,14,1000,0.4801,4005.37
2,19,15,1000,0.407,348.79
2,19,16,1000,0.3574,-2132.06
2,19,17,1000,0.3402,-2992.06
2,19,18,1000,0.36,-2001.64
2,19,19,1000,0.3526,-2370.86
2,19,20,1000,0.3122,-4387.63
2,19,21,1000,0.2643,-6784.19
2,19,22,1000,0.2457,-7716.3
2,19,23,1000,0.2325,-8377.27
2,19,24,1000,0.2248,-8761.69
2,20,0,1000,0.2213,-8937.42
2,20,1,1000,0.2349,-8254.41
2,20,2,1000,0.2327,-8363.32
2,20,3,1000,0.2539,-7306.58
2,20,4,1000,0.2827,-5864.43
2,20,5,1000,0.2781,-6096.19
2,20,6,1000,0.276,-6198.91
2,20,7,1000,0.3017,-4915.25
2,20,8,1000,0.3484,-2578.62
2,20,9,1000,0.3823,-887.02
2,20,10,1000,0.3926,-369.85
2,20,11,1000,0.4047,234.12
2,20,12,1000,0.4283,1416.64
2,20,13,1000,0.444,2201.29
2,20,14,1000,0.446,2299.37
2,20,15,1000,0.4154,770.24
2,20,16,1000,0.3825,-874.94
2,20,17,1000,0.3354,-3232.34
2,20,18,1000,0.3052,-4737.64
2,20,19,1000,0.2946,-5270.4
2,20,20,1000,0.2644,-6779.58
2,20,21,1000,0.23,-8502.33
2,20,22,1000,0.2205,-8974.42
2,20,23,1000,0.2211,-8944.52
2,20,24,1000,0.2209,-8956.21
2,21,0,1000,0.203,-9849.56
2,21,1,1000,0.224,-8801.97
2,21,2,1000,0.2283,-8587.32
2,21,3,1000,0.2283,-8585.25
2,21,4,1000,0.2385,-8077.3
2,21,5,1000,0.2583,-7086.87
2,21,6,1000,0.2685,-6572.79
2,21,7,1000,0.2688,-6558.68
2,21,8,1000,0.2965,-5173.62
2,21,9,1000,0.3415,-2924.27
2,21,10,1000,0.3662,-1690.35
2,21,11,1000,0.3984,-80.59
2,21,12,1000,0.4068,339.26
2,21,13,1000,0.3954,-229.66
2,21,14,1000,0.3857,-715.13
2,21,15,1000,0.3859,-706.4
2,21,16,1000,0.376,-1202.29
2,21,17,1000,0.3285,-3574.54
2,21,18,1000,0.2805,-5974.09
2,21,19,1000,0.2705,-6472.52
2,21,20,1000,0.2433,-7832.57
2,21,21,1000,0.2133,-9334.71
2,21,22,1000,0.2121,-9396.55
2,21,23,1000,0.2216,-8920.73
2,21,24,1000,0.2121,-9393.01
2,22,0,1000,0.1727,-11363.53
2,22,1,1000,0.1949,-10254.95
2,22,2,1000,0.2078,-9608.39
2,22,3,1000,0.207,-9651.79
2,22,4,1000,0.2128,-9358.89
2,22,5,1000,0.2398,-8010.26
2,22,6,1000,0.2541,-7295.25
2,22,7,1000,0.2494,-7532.34
2,22,8,1000,0.273,-6350.79
2,22,9,1000,0.3184,-4079.09
2,22,10,1000,0.3443,-2785.43
2,22,11,1000,0.3783,-1084.66
2,22,12,1000,0.383,-848.43
2,22,13,1000,0.3659,-1704.34
2,22,14,1000,0.3403,-2983.12
2,22,15,1000,0.3317,-3415.09
2,22,16,1000,0.3272,-3640.56
2,22,17,1000,0.3021,-4897.11
2,22,18,1000,0.2774,-6130.78
2,22,19,1000,0.2712,-6439.13
2,22,20,1000,0.2413,-7934.57
2,22,21,1000,0.2068,-9661.17
2,22,22,1000,0.2054,-9732.41
2,22,23,1000,0.2097,-9516.1
2,22,24,1000,0.1866,-10668.28
2,23,0,1000,0.144,-12799.6
2,23,1,1000,0.1628,-11859.7
2,23,2,1000,0.182,-10899.6
2,23,3,1000,0.1874,-10628.91
2,23,4,1000,0.1917,-10413.03
2,23,5,1000,0.2124,-9382.38
2,23,6,1000,0.2316,-8418.13
2,23,7,1000,0.2372,-8139.9
2,23,8,1000,0.2545,-7277.27
2,23,9,1000,0.2863,-5684.93
2,23,10,1000,0.3099,-4503.21
2,23,11,1000,0.3311,-3442.55
2,23,12,1000,0.331,-3448.84
2,23,13,1000,0.323,-3848.75
2,23,14,1000,0.3116,-4419.24
2,23,15,1000,0.3052,-4741.02
2,23,16,1000,0.2975,-5123.08
2,23,17,1000,0.2834,-5827.96
2,23,18,1000,0.2742,-6287.63
2,23,19,1000,0.2681,-6596.58
2,23,20,1000,0.238,-8102.05
2,23,21,1000,0.2008,-9958.46
2,23,22,1000,0.1932,-10341.61
2,23,23,1000,0.1877,-10615.5
2,23,24,1000,0.1606,-11971.95
2,24,0,1000,0.124,-13797.85
2,24,1,1000,0.1376,-13119.31
2,24,2,1000,0.1619,-11905.07
2,24,3,1000,0.1759,-11207.32
2,24,4,1000,0.1773,-11134.06
2,24,5,1000,0.182,-10898.95
2,24,6,1000,0.2083,-9582.53
2,24,7,1000,0.232,-8402.4
2,24,8,1000,0.2312,-8437.58
2,24,9,1000,0.2355,-8226.98
2,24,10,1000,0.2578,-7111.49
2,24,11,1000,0.2648,-6759.31
2,24,12,1000,0.2621,-6893.41
2,24,13,1000,0.2708,-6461.17
2,24,14,1000,0.2934,-5329.99
2,24,15,1000,0.3008,-4958.67
2,24,16,1000,0.2862,-5689.69
2,24,17,1000,0.2631,-6845.42
2,24,18,1000,0.2462,-7688.23
2,24,19,1000,0.2359,-8206.33
2,24,20,1000,0.2167,-9163.71
2,24,21,1000,0.192,-10400.15
2,24,22,1000,0.1772,-11142.01
2,24,23,1000,0.1613,-11933.33
2,24,24,1000,0.1402,-12990.47
3,0,0,1000,0.1301,-13494.72
3,0,1,1000,0.1319,-13405.01
3,0,2,1000,0.1528,-12357.81
3,0,3,1000,0.1735,-11324.75
3,0,4,1000,0.1858,-10712.34
3,0,5,1000,0.2053,-9735.39
3,0,6,1000,0.2185,-9074.81
3,0,7,1000,0.2193,-9033.53
3,0,8,1000,0.215,-9249.31
3,0,9,1000,0.2377,-8117.49
3,0,10,1000,0.2671,-6645.32
3,0,11,1000,0.2794,-6029.05
3,0,12,1000,0.2678,-6608.68
3,0,13,1000,0.2632,-6840.14
3,0,14,1000,0.2529,-7356.0
3,0,15,1000,0.2487,-7566.49
3,0,16,1000,0.2487,-7567.03
3,0,17,1000,0.2418,-7910.62
3,0,18,1000,0.226,-8701.93
3,0,19,1000,0.213,-9348.35
3,0,20,1000,0.2091,-9542.6
3,0,21,1000,0.1959,-10203.55
3,0,22,1000,0.1685,-11573.9
3,0,23,1000,0.1547,-12265.25
3,0,24,1000,0.1522,-12391.17
3,1,0,1000,0.1545,-12275.62
3,1,1,1000,0.1603,-11984.26
3,1,2,1000,0.1754,-11228.59
3,1,3,1000,0.1918,-10410.95
3,1,4,1000,0.2032,-9842.48
3,1,5,1000,0.2151,-9244.47
3,1,6,1000,0.2237,-8813.47
3,1,7,1000,0.2269,-8656.65
3,1,8,1000,0.2332,-8340.64
3,1,9,1000,0.2607,-6964.29
3,1,10,1000,0.2884,-5580.91
3,1,11,1000,0.3079,-4602.72
3,1,12,1000,0.3004,-4980.68
3,1,13,1000,0.2895,-5526.24
3,1,14,1000,0.2721,-6395.17
3,1,15,1000,0.267,-6648.16
3,1,16,1000,0.2672,-6641.49
3,1,17,1000,0.2677,-6615.07
3,1,18,1000,0.2628,-6860.04
3,1,19,1000,0.2511,-7443.71
3,1,20,1000,0.2445,-7774.91
3,1,21,1000,0.2267,-8663.94
3,1,22,1000,0.1966,-10171.17
3,1,23,1000,0.1801,-10997.4
3,1,24,1000,0.1729,-11353.64
3,2,0,1000,0.1639,-11804.69
3,2,1,1000,0.1887,-10563.47
3,2,2,1000,0.2114,-9428.62
3,2,3,1000,0.2248,-8759.41
3,2,4,1000,0.236,-8198.77
3,2,5,1000,0.2425,-7874.61
3,2,6,1000,0.2493,-7532.96
3,2,7,1000,0.2596,-7021.27
3,2,8,1000,0.2845,-5775.12
3,2,9,1000,0.307,-4650.63
3,2,10,1000,0.3175,-4123.51
3,2,11,1000,0.3436,-2819.02
3,2,12,1000,0.3402,-2991.64
3,2,13,1000,0.3098,-4508.05
3,2,14,1000,0.2945,-5273.51
3,2,15,1000,0.3127,-4365.37
3,2,16,1000,0.3139,-4306.74
3,2,17,1000,0.3046,-4768.21
3,2,18,1000,0.2948,-5260.14
3,2,19,1000,0.2861,-5697.41
3,2,20,1000,0.2756,-6221.29
3,2,21,1000,0.2508,-7457.88
3,2,22,1000,0.2224,-8878.88
3,2,23,1000,0.2036,-9819.56
3,2,24,1000,0.1849,-10756.55
3,3,0,1000,0.1723,-11382.9
3,3,1,1000,0.2065,-9675.17
3,3,2,1000,0.228,-8600.17
3,3,3,1000,0.2366,-8170.88
3,3,4,1000,0.2528,-7360.35
3,3,5,1000,0.2802,-5991.18
3,3,6,1000,0.3026,-4870.59
3,3,7,1000,0.3178,-4112.43
3,3,8,1000,0.3446,-2769.44
3,3,9,1000,0.3578,-2111.42
3,3,10,1000,0.3599,-2006.61
3,3,11,1000,0.3948,-262.25
3,3,12,1000,0.3966,-171.03
3,3,13,1000,0.3533,-2335.05
3,3,14,1000,0.333,-3351.02
3,3,15,1000,0.3594,-2027.55
3,3,16,1000,0.3599,-2004.62
3,3,17,1000,0.3376,-3120.4
3,3,18,1000,0.3156,-4217.81
3,3,19,1000,0.3069,-4654.39
3,3,20,1000,0.2942,-5289.12
3,3,21,1000,0.2649,-6752.59
3,3,22,1000,0.2366,-8168.76
3,3,23,1000,0.2206,-8969.12
3,3,24,1000,0.2038,-9811.47
3,4,0,1000,0.1917,-10416.8
3,4,1,1000,0.221,-8949.57
3,4,2,1000,0.2319,-8407.4
3,4,3,1000,0.2371,-8146.08
3,4,4,1000,0.2606,-6968.24
3,4,5,1000,0.3157,-4216.81
3,4,6,1000,0.3561,-2196.33
3,4,7,1000,0.3726,-1370.39
3,4,8,1000,0.3962,-192.31
3,4,9,1000,0.4106,531.4
3,4,10,1000,0.418,897.97
3,4,11,1000,0.4608,3037.68
3,4,12,1000,0.4686,3431.41
3,4,13,1000,0.4259,1296.52
3,4,14,1000,0.3907,-462.6
3,4,15,1000,0.3997,-14.01
3,4,16,1000,0.3968,-161.7
3,4,17,1000,0.3703,-1486.05
3,4,18,1000,0.3458,-2708.2
3,4,19,1000,0.3373,-3136.2
3,4,20,1000,0.3208,-3958.67
3,4,21,1000,0.2864,-5678.14
3,4,22,1000,0.2579,-7106.4
3,4,23,1000,0.2449,-7754.29
3,4,24,1000,0.2323,-8384.44
3,5,0,1000,0.2096,-9521.16
3,5,1,1000,0.2235,-8823.35
3,5,2,1000,0.2424,-7881.7
3,5,3,1000,0.2655,-6723.57
3,5,4,1000,0.2971,-5146.81
3,5,5,1000,0.3566,-2171.39
3,5,6,1000,0.3939,-303.85
3,5,7,1000,0.4065,327.26
3,5,8,1000,0.4339,1694.59
3,5,9,1000,0.4717,3586.32
3,5,10,1000,0.4956,4781.97
3,5,11,1000,0.5261,6303.27
3,5,12,1000,0.53,6500.47
3,5,13,1000,0.5095,5475.77
3,5,14,1000,0.474,3701.15
3,5,15,1000,0.4576,2877.91
3,5,16,1000,0.4479,2396.88
3,5,17,1000,0.415,749.73
3,5,18,1000,0.3918,-410.83
3,5,19,1000,0.3889,-553.7
3,5,20,1000,0.361,-1947.67
3,5,21,1000,0.3142,-4288.97
3,5,22,1000,0.2945,-5277.02
3,5,23,1000,0.2788,-6061.9
3,5,24,1000,0.2487,-7563.17
3,6,0,1000,0.2161,-9192.8
3,6,1,1000,0.2231,-8843.68
3,6,2,1000,0.2597,-7014.59
3,6,3,1000,0.3025,-4873.38
3,6,4,1000,0.3372,-3138.45
3,6,5,1000,0.3826,-871.81
3,6,6,1000,0.4059,295.99
3,6,7,1000,0.4134,672.07
3,6,8,1000,0.4356,1778.23
3,6,9,1000,0.4837,4183.36
3,6,10,1000,0.5175,5873.54
3,6,11,1000,0.5325,6623.03
3,6,12,1000,0.527,6350.74
3,6,13,1000,0.5225,6126.43
3,6,14,1000,0.5072,5362.21
3,6,15,1000,0.4959,4793.02
3,6,16,1000,0.4839,4195.78
3,6,17,1000,0.4402,2012.31
3,6,18,1000,0.4107,535.0
3,6,19,1000,0.4116,579.0
3,6,20,1000,0.3751,-1247.13
3,6,21,1000,0.3179,-4105.32
3,6,22,1000,0.3048,-4761.27
3,6,23,1000,0.2873,-5633.22
3,6,24,1000,0.2444,-7781.5
3,7,0,1000,0.2219,-8904.83
3,7,1,1000,0.2304,-8481.19
3,7,2,1000,0.2737,-6317.11
3,7,3,1000,0.3247,-3767.4
3,7,4,1000,0.3637,-1816.75
3,7,5,1000,0.4054,268.73
3,7,6,1000,0.4277,1382.6
3,7,7,1000,0.4384,1921.9
3,7,8,1000,0.4502,2511.07
3,7,9,1000,0.4851,4255.49
3,7,10,1000,0.5146,5728.51
3,7,11,1000,0.521,6050.6
3,7,12,1000,0.5131,5656.43
3,7,13,1000,0.5118,5588.27
3,7,14,1000,0.5062,5307.95
3,7,15,1000,0.5052,5259.89
3,7,16,1000,0.4964,4817.75
3,7,17,1000,0.4562,2810.66
3,7,18,1000,0.4244,1221.32
3,7,19,1000,0.4195,974.87
3,7,20,1000,0.377,-1148.39
3,7,21,1000,0.3179,-4103.97
3,7,22,1000,0.305,-4751.43
3,7,23,1000,0.2903,-5484.7
3,7,24,1000,0.2505,-7472.68
3,8,0,1000,0.2377,-8114.91
3,8,1,1000,0.2472,-7641.33
3,8,2,1000,0.2887,-5563.75
3,8,3,1000,0.3552,-2241.1
3,8,4,1000,0.4099,494.35
3,8,5,1000,0.4396,1978.81
3,8,6,1000,0.4638,3189.35
3,8,7,1000,0.5066,5328.93
3,8,8,1000,0.5403,7015.33
3,8,9,1000,0.5499,7493.67
3,8,10,1000,0.55,7499.86
3,8,11,1000,0.5314,6569.41
3,8,12,1000,0.5396,6981.33
3,8,13,1000,0.5534,7670.28
3,8,14,1000,0.5284,6419.51
3,8,15,1000,0.5051,5255.61
3,8,16,1000,0.5092,5461.7
3,8,17,1000,0.5247,6234.71
3,8,18,1000,0.51,5501.28
3,8,19,1000,0.467,3347.92
3,8,20,1000,0.4058,289.92
3,8,21,1000,0.3628,-1858.93
3,8,22,1000,0.3477,-2614.32
3,8,23,1000,0.3324,-3381.35
3,8,24,1000,0.2924,-5381.85
3,9,0,1000,0.2507,-7465.12
3,9,1,1000,0.2573,-7132.5
3,9,2,1000,0.2851,-5747.11
3,9,3,1000,0.3561,-2195.29
3,9,4,1000,0.4228,1139.58
3,9,5,1000,0.4483,2416.15
3,9,6,1000,0.4774,3870.06
3,9,7,1000,0.5476,7381.52
3,9,8,1000,0.6127,10633.83
3,9,9,1000,0.6124,10620.66
3,9,10,1000,0.5917,9586.55
3,9,11,1000,0.5732,8659.54
3,9,12,1000,0.614,10698.87
3,9,13,1000,0.6422,12110.81
3,9,14,1000,0.6067,10334.43
3,9,15,1000,0.5701,8504.71
3,9,16,1000,0.5815,9076.51
3,9,17,1000,0.6065,10325.3
3,9,18,1000,0.5618,8088.97
3,9,19,1000,0.4818,4090.67
3,9,20,1000,0.4089,445.08
3,9,21,1000,0.3831,-842.53
3,9,22,1000,0.3683,-1583.64
3,9,23,1000,0.3531,-2347.03
3,9,24,1000,0.3127,-4365.27
3,10,0,1000,0.2553,-7232.62
3,10,1,1000,0.259,-7048.15
3,10,2,1000,0.2732,-6340.24
3,10,3,1000,0.3357,-3217.02
3,10,4,1000,0.4021,104.54
3,10,5,1000,0.4332,1660.48
3,10,6,1000,0.4647,3234.96
3,10,7,1000,0.5334,6669.24
3,10,8,1000,0.6021,10105.85
3,10,9,1000,0.6096,10479.2
3,10,10,1000,0.5947,9734.92
3,10,11,1000,0.5915,9575.68
3,10,12,1000,0.6466,12332.36
3,10,13,1000,0.6807,14036.43
3,10,14,1000,0.6672,13360.21
3,10,15,1000,0.653,12652.23
3,10,16,1000,0.6645,13226.52
3,10,17,1000,0.6439,12192.72
3,10,18,1000,0.5405,7025.51
3,10,19,1000,0.4525,2624.01
3,10,20,1000,0.3794,-1028.91
3,10,21,1000,0.3536,-2320.94
3,10,22,1000,0.3423,-2886.99
3,10,23,1000,0.3306,-3470.79
3,10,24,1000,0.2932,-5342.15
3,11,0,1000,0.2752,-6240.0
3,11,1,1000,0.2853,-5733.27
3,11,2,1000,0.2869,-5656.26
3,11,3,1000,0.3241,-3795.26
3,11,4,1000,0.3802,-990.47
3,11,5,1000,0.4328,1640.01
3,11,6,1000,0.4659,3293.76
3,11,7,1000,0.4992,4957.91
3,11,8,1000,0.5477,7382.67
3,11,9,1000,0.6093,10463.08
3,11,10,1000,0.6463,12317.19
3,11,11,1000,0.6327,11632.77
3,11,12,1000,0.6441,12204.69
3,11,13,1000,0.6886,14432.15
3,11,14,1000,0.6999,14997.22
3,11,15,1000,0.7095,15475.75
3,11,16,1000,0.731,16549.97
3,11,17,1000,0.6802,14012.16
3,11,18,1000,0.5513,7566.13
3,11,19,1000,0.4813,4067.02
3,11,20,1000,0.4024,122.45
3,11,21,1000,0.347,-2647.57
3,11,22,1000,0.3384,-3078.69
3,11,23,1000,0.3224,-3880.52
3,11,24,1000,0.2752,-6240.31
3,12,0,1000,0.2727,-6366.24
3,12,1,1000,0.2977,-5113.95
3,12,2,1000,0.3246,-3770.29
3,12,3,1000,0.3605,-1972.56
3,12,4,1000,0.4103,512.56
3,12,5,1000,0.4797,3985.19
3,12,6,1000,0.5136,5678.11
3,12,7,1000,0.5135,5676.67
3,12,8,1000,0.5222,6111.62
3,12,9,1000,0.6174,10868.83
3,12,10,1000,0.7032,15162.04
3,12,11,1000,0.6842,14211.75
3,12,12,1000,0.6582,12909.47
3,12,13,1000,0.7084,15422.27
3,12,14,1000,0.6916,14581.29
3,12,15,1000,0.6695,13474.44
3,12,16,1000,0.6996,14978.78
3,12,17,1000,0.6676,13378.1
3,12,18,1000,0.572,8600.25
3,12,19,1000,0.5275,6372.7
3,12,20,1000,0.4506,2531.54
3,12,21,1000,0.379,-1049.66
3,12,22,1000,0.3719,-1403.78
3,12,23,1000,0.3469,-2656.07
3,12,24,1000,0.2855,-5725.38
3,13,0,1000,0.2489,-7555.03
3,13,1,1000,0.2809,-5953.24
3,13,2,1000,0.3371,-3144.1
3,13,3,1000,0.3895,-525.95
3,13,4,1000,0.4404,2019.08
3,13,5,1000,0.5068,5340.74
3,13,6,1000,0.5397,6986.28
3,13,7,1000,0.5378,6891.26
3,13,8,1000,0.5263,6315.33
3,13,9,1000,0.6072,10362.24
3,13,10,1000,0.6965,14824.69
3,13,11,1000,0.6947,14735.8
3,13,12,1000,0.6831,14155.85
3,13,13,1000,0.7325,16624.3
3,13,14,1000,0.682,14100.7
3,13,15,1000,0.6229,11145.74
3,13,16,1000,0.6504,12522.01
3,13,17,1000,0.6303,11512.58
3,13,18,1000,0.5499,7495.14
3,13,19,1000,0.5096,5480.06
3,13,20,1000,0.4416,2081.0
3,13,21,1000,0.3827,-865.34
3,13,22,1000,0.3786,-1071.26
3,13,23,1000,0.3536,-2321.9
3,13,24,1000,0.293,-5348.66
3,14,0,1000,0.2538,-7311.57
3,14,1,1000,0.2863,-5686.45
3,14,2,1000,0.3401,-2994.28
3,14,3,1000,0.3962,-189.37
3,14,4,1000,0.4442,2209.75
3,14,5,1000,0.4801,4002.89
3,14,6,1000,0.5076,5378.23
3,14,7,1000,0.5319,6594.28
3,14,8,1000,0.5471,7354.92
3,14,9,1000,0.6172,10859.0
3,14,10,1000,0.6884,14417.62
3,14,11,1000,0.6642,13212.44
3,14,12,1000,0.6415,12073.31
3,14,13,1000,0.6884,14419.27
3,14,14,1000,0.6596,12980.81
3,14,15,1000,0.6065,10324.49
3,14,16,1000,0.6155,10773.13
3,14,17,1000,0.6156,10781.97
3,14,18,1000,0.5642,8208.88
3,14,19,1000,0.5088,5437.95
3,14,20,1000,0.4198,990.21
3,14,21,1000,0.3574,-2130.74
3,14,22,1000,0.3562,-2191.91
3,14,23,1000,0.3417,-2915.61
3,14,24,1000,0.3008,-4960.91
3,15,0,1000,0.2661,-6695.61
3,15,1,1000,0.2929,-5354.16
3,15,2,1000,0.321,-3951.4
3,15,3,1000,0.3664,-1677.63
3,15,4,1000,0.4127,635.2
3,15,5,1000,0.4379,1896.27
3,15,6,1000,0.4747,3736.38
3,15,7,1000,0.5262,6310.98
3,15,8,1000,0.5629,8144.54
3,15,9,1000,0.6148,10740.53
3,15,10,1000,0.6673,13365.27
3,15,11,1000,0.6383,11916.99
3,15,12,1000,0.6213,11065.87
3,15,13,1000,0.6667,13333.43
3,15,14,1000,0.6668,13339.55
3,15,15,1000,0.6261,11303.55
3,15,16,1000,0.6134,10670.93
3,15,17,1000,0.6165,10823.71
3,15,18,1000,0.5738,8691.52
3,15,19,1000,0.4998,4989.82
3,15,20,1000,0.3997,-16.3
3,15,21,1000,0.349,-2548.18
3,15,22,1000,0.3522,-2389.08
3,15,23,1000,0.3349,-3256.63
3,15,24,1000,0.291,-5451.57
3,16,0,1000,0.2433,-7833.32
3,16,1,1000,0.2684,-6578.67
3,16,2,1000,0.2982,-5090.52
3,16,3,1000,0.3437,-2816.9
3,16,4,1000,0.3921,-392.78
3,16,5,1000,0.4363,1812.53
3,16,6,1000,0.4875,4375.37
3,16,7,1000,0.5377,6885.01
3,16,8,1000,0.5475,7375.28
3,16,9,1000,0.5717,8584.44
3,16,10,1000,0.6216,11080.9
3,16,11,1000,0.6323,11614.45
3,16,12,1000,0.6536,12679.61
3,16,13,1000,0.6975,14873.47
3,16,14,1000,0.6734,13672.33
3,16,15,1000,0.6058,10289.45
3,16,16,1000,0.5871,9353.28
3,16,17,1000,0.5798,8988.16
3,16,18,1000,0.5283,6416.07
3,16,19,1000,0.4565,2824.53
3,16,20,1000,0.3807,-967.26
3,16,21,1000,0.3631,-1844.1
3,16,22,1000,0.3708,-1458.1
3,16,23,1000,0.3387,-3064.01
3,16,24,1000,0.2706,-6468.33
3,17,0,1000,0.2081,-9595.93
3,17,1,1000,0.2297,-8515.05
3,17,2,1000,0.2741,-6295.02
3,17,3,1000,0.3355,-3223.79
3,17,4,1000,0.3926,-368.0
3,17,5,1000,0.4432,2159.43
3,17,6,1000,0.4954,4770.07
3,17,7,1000,0.5462,7309.38
3,17,8,1000,0.5374,6868.38
3,17,9,1000,0.5302,6509.65
3,17,10,1000,0.5641,8206.31
3,17,11,1000,0.591,9549.63
3,17,12,1000,0.6363,11816.43
3,17,13,1000,0.6772,13860.92
3,17,14,1000,0.6436,12180.29
3,17,15,1000,0.5503,7513.42
3,17,16,1000,0.5103,5516.42
3,17,17,1000,0.5049,5245.73
3,17,18,1000,0.4967,4833.08
3,17,19,1000,0.4518,2591.6
3,17,20,1000,0.3979,-105.15
3,17,21,1000,0.3824,-879.33
3,17,22,1000,0.3797,-1017.44
3,17,23,1000,0.3327,-3363.47
3,17,24,1000,0.2493,-7534.16
3,18,0,1000,0.2089,-9555.94
3,18,1,1000,0.2221,-8895.51
3,18,2,1000,0.2576,-7121.37
3,18,3,1000,0.3246,-3771.44
3,18,4,1000,0.3852,-738.56
3,18,5,1000,0.4114,569.83
3,18,6,1000,0.4414,2071.6
3,18,7,1000,0.4967,4832.59
3,18,8,1000,0.5141,5707.05
3,18,9,1000,0.5089,5442.71
3,18,10,1000,0.5209,6044.66
3,18,11,1000,0.52,5999.56
3,18,12,1000,0.5502,7511.55
3,18,13,1000,0.5883,9414.03
3,18,14,1000,0.5945,9726.48
3,18,15,1000,0.5248,6237.52
3,18,16,1000,0.4626,3130.27
3,18,17,1000,0.4408,2040.21
3,18,18,1000,0.4628,3138.6
3,18,19,1000,0.4468,2339.26
3,18,20,1000,0.3992,-40.82
3,18,21,1000,0.3556,-2219.68
3,18,22,1000,0.3375,-3127.42
3,18,23,1000,0.2988,-5061.76
3,18,24,1000,0.2413,-7935.32
3,19,0,1000,0.224,-8802.02
3,19,1,1000,0.2311,-8445.07
3,19,2,1000,0.2432,-7840.86
3,19,3,1000,0.2958,-5211.69
3,19,4,1000,0.3499,-2504.87
3,19,5,1000,0.3614,-1929.56
3,19,6,1000,0.3789,-1056.91
3,19,7,1000,0.4312,1558.77
3,19,8,1000,0.4681,3405.02
3,19,9,1000,0.477,3849.81
3,19,10,1000,0.4847,4234.72
3,19,11,1000,0.4761,3804.11
3,19,12,1000,0.4985,4923.99
3,19,13,1000,0.5344,6720.63
3,19,14,1000,0.5659,8297.22
3,19,15,1000,0.5259,6296.33
3,19,16,1000,0.4651,3256.75
3,19,17,1000,0.4124,621.94
3,19,18,1000,0.4009,43.75
3,19,19,1000,0.3873,-637.27
3,19,20,1000,0.3481,-2594.93
3,19,21,1000,0.3076,-4621.65
3,19,22,1000,0.2914,-5428.7
3,19,23,1000,0.2672,-6641.3
3,19,24,1000,0.2347,-8263.3
3,20,0,1000,0.2348,-8261.66
3,20,1,1000,0.2463,-7686.03
3,20,2,1000,0.2481,-7594.99
3,20,3,1000,0.2747,-6265.75
3,20,4,1000,0.3098,-4511.83
3,20,5,1000,0.3258,-3708.61
3,20,6,1000,0.3414,-2927.83
3,20,7,1000,0.3703,-1484.17
3,20,8,1000,0.3976,-119.03
3,20,9,1000,0.4193,965.06
3,20,10,1000,0.4345,1724.26
3,20,11,1000,0.4359,1794.64
3,20,12,1000,0.4454,2271.84
3,20,13,1000,0.4643,3217.15
3,20,14,1000,0.5124,5620.42
3,20,15,1000,0.5225,6123.14
3,20,16,1000,0.4814,4069.58
3,20,17,1000,0.3947,-265.25
3,20,18,1000,0.3312,-3441.94
3,20,19,1000,0.32,-3998.0
3,20,20,1000,0.2947,-5267.32
3,20,21,1000,0.2646,-6769.44
3,20,22,1000,0.2567,-7165.41
3,20,23,1000,0.2562,-7191.3
3,20,24,1000,0.2464,-7678.48
3,21,0,1000,0.2091,-9542.7
3,21,1,1000,0.2339,-8307.17
3,21,2,1000,0.254,-7297.57
3,21,3,1000,0.261,-6948.77
3,21,4,1000,0.2728,-6361.53
3,21,5,1000,0.3075,-4624.62
3,21,6,1000,0.3295,-3526.83
3,21,7,1000,0.3267,-3665.71
3,21,8,1000,0.3344,-3280.83
3,21,9,1000,0.3701,-1493.0
3,21,10,1000,0.3978,-108.21
3,21,11,1000,0.416,799.63
3,21,12,1000,0.4094,470.03
3,21,13,1000,0.4011,53.96
3,21,14,1000,0.4231,1154.33
3,21,15,1000,0.45,2501.28
3,21,16,1000,0.4345,1724.2
3,21,17,1000,0.3624,-1878.07
3,21,18,1000,0.3045,-4775.74
3,21,19,1000,0.3054,-4730.81
3,21,20,1000,0.2842,-5789.01
3,21,21,1000,0.249,-7549.54
3,21,22,1000,0.2457,-7716.74
3,21,23,1000,0.26,-6998.2
3,21,24,1000,0.2483,-7583.48
3,22,0,1000,0.1723,-11384.11
3,22,1,1000,0.1989,-10056.78
3,22,2,1000,0.2293,-8537.34
3,22,3,1000,0.2349,-8252.69
3,22,4,1000,0.2405,-7977.02
3,22,5,1000,0.2783,-6086.47
3,22,6,1000,0.3007,-4964.7
3,22,7,1000,0.2928,-5360.85
3,22,8,1000,0.3068,-4661.92
3,22,9,1000,0.3513,-2434.22
3,22,10,1000,0.3803,-987.11
3,22,11,1000,0.4027,135.29
3,22,12,1000,0.3954,-228.64
3,22,13,1000,0.3802,-990.82
3,22,14,1000,0.3654,-1729.32
3,22,15,1000,0.362,-1902.47
3,22,16,1000,0.3519,-2403.6
3,22,17,1000,0.3162,-4188.64
3,22,18,1000,0.2983,-5086.05
3,22,19,1000,0.3063,-4684.85
3,22,20,1000,0.2814,-5930.35
3,22,21,1000,0.2387,-8062.64
3,22,22,1000,0.2344,-8278.41
3,22,23,1000,0.243,-7849.27
3,22,24,1000,0.2164,-9180.35
3,23,0,1000,0.1484,-12578.98
3,23,1,1000,0.1702,-11489.51
3,23,2,1000,0.1994,-10028.34
3,23,3,1000,0.2073,-9634.12
3,23,4,1000,0.2095,-9526.28
3,23,5,1000,0.2343,-8285.03
3,23,6,1000,0.258,-7099.52
3,23,7,1000,0.2626,-6867.69
3,23,8,1000,0.2824,-5881.04
3,23,9,1000,0.3242,-3788.15
3,23,10,1000,0.3544,-2277.92
3,23,11,1000,0.3648,-1761.57
3,23,12,1000,0.3488,-2561.32
3,23,13,1000,0.3395,-3025.98
3,23,14,1000,0.3261,-3697.2
3,23,15,1000,0.3129,-4354.8
3,23,16,1000,0.2999,-5007.09
3,23,17,1000,0.2912,-5440.97
3,23,18,1000,0.3022,-4890.14
3,23,19,1000,0.3056,-4720.66
3,23,20,1000,0.2738,-6308.82
3,23,21,1000,0.2271,-8647.28
3,23,22,1000,0.2168,-9158.58
3,23,23,1000,0.2136,-9318.75
3,23,24,1000,0.1827,-10867.44
3,24,0,1000,0.1407,-12965.55
3,24,1,1000,0.1558,-12209.95
3,24,2,1000,0.1792,-11042.4
3,24,3,1000,0.1896,-10518.66
3,24,4,1000,0.188,-10601.5
3,24,5,1000,0.1937,-10312.94
3,24,6,1000,0.2242,-8788.0
3,24,7,1000,0.249,-7549.82
3,24,8,1000,0.2538,-7310.86
3,24,9,1000,0.2735,-6323.18
3,24,10,1000,0.3086,-4570.34
3,24,11,1000,0.3065,-4672.97
3,24,12,1000,0.281,-5948.55
3,24,13,1000,0.284,-5798.88
3,24,14,1000,0.3011,-4942.86
3,24,15,1000,0.3011,-4945.13
3,24,16,1000,0.2815,-5927.0
3,24,17,1000,0.2752,-6240.51
3,24,18,1000,0.2828,-5860.36
3,24,19,1000,0.2716,-6419.83
3,24,20,1000,0.2425,-7875.44
3,24,21,1000,0.21,-9498.54
3,24,22,1000,0.1942,-10290.52
3,24,23,1000,0.1801,-10995.85
3,24,24,1000,0.1598,-12008.94
4,0,0,1000,0.1462,-12691.36
4,0,1,1000,0.1467,-12664.79
4,0,2,1000,0.1584,-12080.93
4,0,3,1000,0.1771,-11146.58
4,0,4,1000,0.1922,-10390.25
4,0,5,1000,0.2103,-9485.54
4,0,6,1000,0.2236,-8821.46
4,0,7,1000,0.2304,-8482.5
4,0,8,1000,0.2412,-7940.16
4,0,9,1000,0.274,-6299.96
4,0,10,1000,0.3042,-4789.36
4,0,11,1000,0.3078,-4609.73
4,0,12,1000,0.2881,-5592.83
4,0,13,1000,0.2844,-5779.56
4,0,14,1000,0.2864,-5677.63
4,0,15,1000,0.2948,-5261.01
4,0,16,1000,0.2949,-5256.93
4,0,17,1000,0.285,-5747.7
4,0,18,1000,0.2631,-6843.94
4,0,19,1000,0.2448,-7758.41
4,0,20,1000,0.2433,-7832.69
4,0,21,1000,0.2368,-8160.2
4,0,22,1000,0.2066,-9668.99
4,0,23,1000,0.1797,-11013.91
4,0,24,1000,0.1602,-11988.34
4,1,0,1000,0.1719,-11404.0
4,1,1,1000,0.1776,-11118.88
4,1,2,1000,0.1855,-10724.72
4,1,3,1000,0.2004,-9980.08
4,1,4,1000,0.2133,-9333.46
4,1,5,1000,0.2196,-9018.59
4,1,6,1000,0.226,-8698.86
4,1,7,1000,0.2352,-8241.92
4,1,8,1000,0.2578,-7108.76
4,1,9,1000,0.2972,-5142.38
4,1,10,1000,0.3267,-3665.98
4,1,11,1000,0.3395,-3023.9
4,1,12,1000,0.325,-3750.37
4,1,13,1000,0.3147,-4263.79
4,1,14,1000,0.3072,-4639.41
4,1,15,1000,0.3127,-4364.42
4,1,16,1000,0.3132,-4340.04
4,1,17,1000,0.3094,-4527.86
4,1,18,1000,0.2961,-5194.77
4,1,19,1000,0.2788,-6061.27
4,1,20,1000,0.2738,-6309.85
4,1,21,1000,0.2614,-6931.5
4,1,22,1000,0.2285,-8576.51
4,1,23,1000,0.1999,-10003.76
4,1,24,1000,0.1776,-11119.1
4,2,0,1000,0.1826,-10871.97
4,2,1,1000,0.2105,-9473.98
4,2,2,1000,0.2326,-8368.7
4,2,3,1000,0.2453,-7733.63
4,2,4,1000,0.2537,-7314.89
4,2,5,1000,0.2456,-7719.24
4,2,6,1000,0.2458,-7709.11
4,2,7,1000,0.261,-6950.35
4,2,8,1000,0.3026,-4869.82
4,2,9,1000,0.3395,-3022.76
4,2,10,1000,0.3549,-2256.5
4,2,11,1000,0.382,-897.81
4,2,12,1000,0.3765,-1174.63
4,2,13,1000,0.345,-2749.47
4,2,14,1000,0.3212,-3940.85
4,2,15,1000,0.333,-3351.81
4,2,16,1000,0.3352,-3238.67
4,2,17,1000,0.3216,-3919.45
4,2,18,1000,0.3019,-4905.26
4,2,19,1000,0.2895,-5525.8
4,2,20,1000,0.2806,-5968.27
4,2,21,1000,0.2597,-7017.32
4,2,22,1000,0.2305,-8475.45
4,2,23,1000,0.2062,-9691.42
4,2,24,1000,0.1815,-10925.62
4,3,0,1000,0.1922,-10392.22
4,3,1,1000,0.2317,-8416.66
4,3,2,1000,0.257,-7149.3
4,3,3,1000,0.2658,-6709.71
4,3,4,1000,0.2765,-6173.77
4,3,5,1000,0.2828,-5862.35
4,3,6,1000,0.2952,-5239.29
4,3,7,1000,0.3151,-4244.19
4,3,8,1000,0.3602,-1992.23
4,3,9,1000,0.3903,-485.3
4,3,10,1000,0.3994,-27.95
4,3,11,1000,0.4428,2141.54
4,3,12,1000,0.4478,2389.72
4,3,13,1000,0.4022,107.81
4,3,14,1000,0.3616,-1919.34
4,3,15,1000,0.3711,-1443.44
4,3,16,1000,0.3729,-1354.4
4,3,17,1000,0.3446,-2771.93
4,3,18,1000,0.3098,-4509.12
4,3,19,1000,0.2981,-5093.45
4,3,20,1000,0.2886,-5567.57
4,3,21,1000,0.2647,-6764.65
4,3,22,1000,0.2369,-8154.01
4,3,23,1000,0.2179,-9103.81
4,3,24,1000,0.1987,-10065.88
4,4,0,1000,0.2129,-9355.99
4,4,1,1000,0.2475,-7624.23
4,4,2,1000,0.2609,-6954.02
4,4,3,1000,0.2658,-6711.35
4,4,4,1000,0.2839,-5803.43
4,4,5,1000,0.3174,-4127.79
4,4,6,1000,0.3478,-2607.88
4,4,7,1000,0.3695,-1527.23
4,4,8,1000,0.4114,571.14
4,4,9,1000,0.4429,2143.87
4,4,10,1000,0.4582,2908.68
4,4,11,1000,0.5166,5829.01
4,4,12,1000,0.5336,6680.66
4,4,13,1000,0.4883,4413.56
4,4,14,1000,0.4318,1589.61
4,4,15,1000,0.423,1150.83
4,4,16,1000,0.4205,1024.5
4,4,17,1000,0.3859,-706.11
4,4,18,1000,0.3462,-2690.88
4,4,19,1000,0.3335,-3324.55
4,4,20,1000,0.3224,-3880.05
4,4,21,1000,0.2969,-5154.72
4,4,22,1000,0.2683,-6583.7
4,4,23,1000,0.25,-7500.28
4,4,24,1000,0.2321,-8393.85
4,5,0,1000,0.2346,-8272.05
4,5,1,1000,0.2502,-7491.57
4,5,2,1000,0.2598,-7010.62
4,5,3,1000,0.2772,-6137.56
4,5,4,1000,0.3071,-4643.46
4,5,5,1000,0.3596,-2018.26
4,5,6,1000,0.3959,-205.44
4,5,7,1000,0.4136,680.71
4,5,8,1000,0.4526,2632.14
4,5,9,1000,0.5003,5015.32
4,5,10,1000,0.5312,6562.32
4,5,11,1000,0.5865,9323.89
4,5,12,1000,0.6084,10417.7
4,5,13,1000,0.5847,9235.65
4,5,14,1000,0.53,6502.16
4,5,15,1000,0.4965,4826.85
4,5,16,1000,0.484,4198.11
4,5,17,1000,0.4457,2285.56
4,5,18,1000,0.413,648.21
4,5,19,1000,0.4042,209.09
4,5,20,1000,0.3854,-729.57
4,5,21,1000,0.3546,-2269.98
4,5,22,1000,0.3322,-3388.87
4,5,23,1000,0.3044,-4780.24
4,5,24,1000,0.2611,-6947.28
4,6,0,1000,0.2465,-7676.55
4,6,1,1000,0.2531,-7343.57
4,6,2,1000,0.2733,-6334.44
4,6,3,1000,0.3075,-4624.64
4,6,4,1000,0.3439,-2807.17
4,6,5,1000,0.3935,-322.73
4,6,6,1000,0.4231,1156.84
4,6,7,1000,0.4365,1824.64
4,6,8,1000,0.4662,3311.9
4,6,9,1000,0.5199,5993.2
4,6,10,1000,0.5603,8012.68
4,6,11,1000,0.6031,10154.35
4,6,12,1000,0.6183,10917.06
4,6,13,1000,0.61,10499.6
4,6,14,1000,0.5748,8737.8
4,6,15,1000,0.5443,7214.89
4,6,16,1000,0.5267,6336.14
4,6,17,1000,0.4802,4011.17
4,6,18,1000,0.4458,2290.39
4,6,19,1000,0.4396,1978.67
4,6,20,1000,0.4156,781.03
4,6,21,1000,0.3807,-965.27
4,6,22,1000,0.3632,-1840.0
4,6,23,1000,0.3279,-3604.14
4,6,24,1000,0.2645,-6774.08
4,7,0,1000,0.2546,-7271.88
4,7,1,1000,0.2645,-6772.75
4,7,2,1000,0.296,-5201.26
4,7,3,1000,0.3411,-2947.03
4,7,4,1000,0.3826,-869.26
4,7,5,1000,0.4292,1459.23
4,7,6,1000,0.4587,2935.57
4,7,7,1000,0.4765,3824.18
4,7,8,1000,0.4955,4774.24
4,7,9,1000,0.5354,6771.83
4,7,10,1000,0.5719,8594.89
4,7,11,1000,0.6061,10307.07
4,7,12,1000,0.6198,10991.59
4,7,13,1000,0.6153,10766.62
4,7,14,1000,0.5872,9358.02
4,7,15,1000,0.5634,8168.2
4,7,16,1000,0.5478,7390.31
4,7,17,1000,0.5024,5119.54
4,7,18,1000,0.4636,3178.66
4,7,19,1000,0.4515,2575.07
4,7,20,1000,0.4233,1163.53
4,7,21,1000,0.3877,-613.86
4,7,22,1000,0.3695,-1523.43
4,7,23,1000,0.3352,-3238.46
4,7,24,1000,0.2733,-6333.47
4,8,0,1000,0.261,-6947.97
4,8,1,1000,0.2785,-6073.89
4,8,2,1000,0.3299,-3503.93
4,8,3,1000,0.4015,73.39
4,8,4,1000,0.4589,2946.59
4,8,5,1000,0.4913,4563.64
4,8,6,1000,0.5227,6133.58
4,8,7,1000,0.5731,8653.89
4,8,8,1000,0.6073,10365.04
4,8,9,1000,0.6149,10745.17
4,8,10,1000,0.6191,10956.84
4,8,11,1000,0.6234,11167.88
4,8,12,1000,0.6582,12907.97
4,8,13,1000,0.677,13849.42
4,8,14,1000,0.6343,11717.13
4,8,15,1000,0.5869,9344.42
4,8,16,1000,0.5835,9176.62
4,8,17,1000,0.5875,9373.32
4,8,18,1000,0.562,8097.73
4,8,19,1000,0.515,5751.9
4,8,20,1000,0.4617,3086.54
4,8,21,1000,0.4253,1265.62
4,8,22,1000,0.4006,29.19
4,8,23,1000,0.3713,-1432.87
4,8,24,1000,0.3216,-3918.14
4,9,0,1000,0.2632,-6840.63
4,9,1,1000,0.2821,-5893.6
4,9,2,1000,0.335,-3248.2
4,9,3,1000,0.4185,926.79
4,9,4,1000,0.4878,4390.54
4,9,5,1000,0.5155,5775.26
4,9,6,1000,0.5525,7626.48
4,9,7,1000,0.6307,11535.05
4,9,8,1000,0.6909,14545.52
4,9,9,1000,0.6827,14136.99
4,9,10,1000,0.6633,13164.99
4,9,11,1000,0.6633,13167.0
4,9,12,1000,0.7354,16768.02
4,9,13,1000,0.776,18799.13
4,9,14,1000,0.7301,16506.02
4,9,15,1000,0.6715,13573.44
4,9,16,1000,0.6751,13752.81
4,9,17,1000,0.6859,14293.78
4,9,18,1000,0.6303,11515.32
4,9,19,1000,0.549,7449.7
4,9,20,1000,0.4748,3738.5
4,9,21,1000,0.4365,1822.73
4,9,22,1000,0.4077,385.77
4,9,23,1000,0.3859,-702.8
4,9,24,1000,0.3505,-2474.77
4,10,0,1000,0.2673,-6634.04
4,10,1,1000,0.2833,-5835.96
4,10,2,1000,0.3229,-3854.01
4,10,3,1000,0.3979,-105.51
4,10,4,1000,0.4668,3341.25
4,10,5,1000,0.5006,5030.78
4,10,6,1000,0.5407,7036.34
4,10,7,1000,0.618,10899.55
4,10,8,1000,0.6841,14205.28
4,10,9,1000,0.6861,14304.87
4,10,10,1000,0.6737,13683.85
4,10,11,1000,0.6897,14484.74
4,10,12,1000,0.776,18799.02
4,10,13,1000,0.8222,21107.97
4,10,14,1000,0.7964,19818.62
4,10,15,1000,0.7584,17921.89
4,10,16,1000,0.7616,18082.28
4,10,17,1000,0.729,16451.72
4,10,18,1000,0.6182,10909.51
4,10,19,1000,0.5289,6444.29
4,10,20,1000,0.4522,2607.61
4,10,21,1000,0.4101,506.38
4,10,22,1000,0.3836,-820.43
4,10,23,1000,0.3669,-1657.15
4,10,24,1000,0.3374,-3130.89
4,11,0,1000,0.3055,-4723.38
4,11,1,1000,0.3262,-3691.1
4,11,2,1000,0.3468,-2657.89
4,11,3,1000,0.3941,-293.27
4,11,4,1000,0.4503,2514.16
4,11,5,1000,0.4934,4669.48
4,11,6,1000,0.5266,6331.72
4,11,7,1000,0.5696,8480.08
4,11,8,1000,0.6372,11859.04
4,11,9,1000,0.72,16002.45
4,11,10,1000,0.7731,18652.76
4,11,11,1000,0.7899,19495.62
4,11,12,1000,0.8253,21265.89
4,11,13,1000,0.87,23497.68
4,11,14,1000,0.8375,21875.27
4,11,15,1000,0.8008,20039.78
4,11,16,1000,0.8143,20714.78
4,11,17,1000,0.7603,18016.69
4,11,18,1000,0.633,11650.13
4,11,19,1000,0.5624,8121.22
4,11,20,1000,0.4868,4338.31
4,11,21,1000,0.4256,1282.44
4,11,22,1000,0.4012,61.03
4,11,23,1000,0.376,-1200.22
4,11,24,1000,0.3298,-3510.35
4,12,0,1000,0.3276,-3621.94
4,12,1,1000,0.3609,-1956.58
4,12,2,1000,0.3968,-157.64
4,12,3,1000,0.4387,1935.35
4,12,4,1000,0.4856,4279.46
4,12,5,1000,0.5301,6506.37
4,12,6,1000,0.5532,7661.09
4,12,7,1000,0.5635,8174.91
4,12,8,1000,0.6121,10607.42
4,12,9,1000,0.7541,17706.19
4,12,10,1000,0.8684,23420.35
4,12,11,1000,0.8899,24493.22
4,12,12,1000,0.8801,24004.68
4,12,13,1000,0.9194,25971.32
4,12,14,1000,0.8356,21777.62
4,12,15,1000,0.7531,17653.99
4,12,16,1000,0.7762,18810.58
4,12,17,1000,0.7424,17120.43
4,12,18,1000,0.6482,12407.56
4,12,19,1000,0.6029,10146.27
4,12,20,1000,0.5387,6934.22
4,12,21,1000,0.4748,3741.49
4,12,22,1000,0.4523,2615.64
4,12,23,1000,0.4137,686.6
4,12,24,1000,0.3458,-2708.0
4,13,0,1000,0.3095,-4524.57
4,13,1,1000,0.3487,-2562.77
4,13,2,1000,0.4096,481.21
4,13,3,1000,0.466,3300.64
4,13,4,1000,0.5136,5681.18
4,13,5,1000,0.5512,7558.99
4,13,6,1000,0.57,8498.29
4,13,7,1000,0.5778,8892.48
4,13,8,1000,0.6077,10384.39
4,13,9,1000,0.7364,16817.5
4,13,10,1000,0.8531,22655.25
4,13,11,1000,0.8884,24417.69
4,13,12,1000,0.89,24497.81
4,13,13,1000,0.9288,26440.99
4,13,14,1000,0.8224,21119.82
4,13,15,1000,0.715,15749.88
4,13,16,1000,0.7364,16818.15
4,13,17,1000,0.7077,15386.48
4,13,18,1000,0.6206,11028.01
4,13,19,1000,0.5787,8936.67
4,13,20,1000,0.5242,6209.28
4,13,21,1000,0.4743,3714.09
4,13,22,1000,0.4556,2780.75
4,13,23,1000,0.418,901.16
4,13,24,1000,0.3516,-2417.52
4,14,0,1000,0.2908,-5459.19
4,14,1,1000,0.3309,-3454.94
4,14,2,1000,0.4012,58.25
4,14,3,1000,0.4722,3610.59
4,14,4,1000,0.5229,6145.62
4,14,5,1000,0.5305,6523.08
4,14,6,1000,0.5389,6946.01
4,14,7,1000,0.5707,8534.37
4,14,8,1000,0.6167,10837.49
4,14,9,1000,0.717,15848.99
4,14,10,1000,0.7996,19978.17
4,14,11,1000,0.7846,19229.7
4,14,12,1000,0.765,18249.72
4,14,13,1000,0.8111,20554.72
4,14,14,1000,0.7825,19124.76
4,14,15,1000,0.7309,16546.68
4,14,16,1000,0.7337,16687.29
4,14,17,1000,0.7094,15470.23
4,14,18,1000,0.6334,11670.11
4,14,19,1000,0.5723,8617.43
4,14,20,1000,0.4872,4360.96
4,14,21,1000,0.4266,1329.63
4,14,22,1000,0.4164,819.19
4,14,23,1000,0.3912,-438.31
4,14,24,1000,0.3373,-3137.25
4,15,0,1000,0.2743,-6284.1
4,15,1,1000,0.3096,-4521.76
4,15,2,1000,0.3689,-1556.67
4,15,3,1000,0.4419,2097.35
4,15,4,1000,0.4977,4885.34
4,15,5,1000,0.4982,4908.85
4,15,6,1000,0.513,5651.92
4,15,7,1000,0.5691,8457.31
4,15,8,1000,0.621,11047.63
4,15,9,1000,0.6805,14026.55
4,15,10,1000,0.7281,16403.6
4,15,11,1000,0.6882,14408.71
4,15,12,1000,0.6726,13631.38
4,15,13,1000,0.7269,16344.96
4,15,14,1000,0.7719,18593.33
4,15,15,1000,0.7701,18505.15
4,15,16,1000,0.7506,17528.21
4,15,17,1000,0.7193,15966.55
4,15,18,1000,0.6422,12107.85
4,15,19,1000,0.5596,7977.69
4,15,20,1000,0.4526,2627.52
4,15,21,1000,0.3951,-243.52
4,15,22,1000,0.3949,-253.18
4,15,23,1000,0.37,-1499.0
4,15,24,1000,0.3076,-4619.95
4,16,0,1000,0.2508,-7462.37
4,16,1,1000,0.2835,-5826.26
4,16,2,1000,0.3422,-2891.45
4,16,3,1000,0.4137,686.76
4,16,4,1000,0.4716,3579.65
4,16,5,1000,0.4927,4632.6
4,16,6,1000,0.523,6148.27
4,16,7,1000,0.5766,8830.43
4,16,8,1000,0.5957,9785.26
4,16,9,1000,0.6214,11068.29
4,16,10,1000,0.6646,13228.05
4,16,11,1000,0.6696,13479.11
4,16,12,1000,0.699,14947.91
4,16,13,1000,0.7523,17617.13
4,16,14,1000,0.7701,18504.7
4,16,15,1000,0.7377,16886.38
4,16,16,1000,0.7123,15614.24
4,16,17,1000,0.6729,13643.16
4,16,18,1000,0.5895,9476.6
4,16,19,1000,0.5102,5512.33
4,16,20,1000,0.4275,1374.48
4,16,21,1000,0.4028,140.96
4,16,22,1000,0.4079,396.57
4,16,23,1000,0.3708,-1457.71
4,16,24,1000,0.2882,-5591.45
4,17,0,1000,0.2192,-9039.31
4,17,1,1000,0.2458,-7709.47
4,17,2,1000,0.3018,-4911.5
4,17,3,1000,0.3747,-1263.25
4,17,4,1000,0.44,2000.69
4,17,5,1000,0.491,4548.9
4,17,6,1000,0.5429,7146.12
4,17,7,1000,0.6013,10066.88
4,17,8,1000,0.6042,10212.06
4,17,9,1000,0.5987,9933.25
4,17,10,1000,0.6268,11341.29
4,17,11,1000,0.6497,12484.53
4,17,12,1000,0.705,15248.84
4,17,13,1000,0.7555,17774.65
4,17,14,1000,0.7506,17528.4
4,17,15,1000,0.6751,13754.13
4,17,16,1000,0.6248,11239.3
4,17,17,1000,0.5878,9389.76
4,17,18,1000,0.5496,7479.58
4,17,19,1000,0.4977,4883.83
4,17,20,1000,0.4458,2292.07
4,17,21,1000,0.4341,1704.14
4,17,22,1000,0.4269,1344.51
4,17,23,1000,0.3665,-1674.03
4,17,24,1000,0.2608,-6961.16
4,18,0,1000,0.2167,-9164.8
4,18,1,1000,0.2322,-8392.11
4,18,2,1000,0.2612,-6939.4
4,18,3,1000,0.3235,-3823.72
4,18,4,1000,0.3913,-433.5
4,18,5,1000,0.4488,2438.8
4,18,6,1000,0.5049,5242.97
4,18,7,1000,0.5731,8656.12
4,18,8,1000,0.6091,10452.75
4,18,9,1000,0.6092,10458.24
4,18,10,1000,0.6164,10818.94
4,18,11,1000,0.6049,10244.47
4,18,12,1000,0.6391,11954.35
4,18,13,1000,0.6871,14354.23
4,18,14,1000,0.7153,15766.13
4,18,15,1000,0.6519,12593.39
4,18,16,1000,0.5754,8770.8
4,18,17,1000,0.519,5948.04
4,18,18,1000,0.5087,5435.21
4,18,19,1000,0.4849,4245.62
4,18,20,1000,0.4491,2456.67
4,18,21,1000,0.4214,1069.98
4,18,22,1000,0.3967,-164.79
4,18,23,1000,0.3331,-3347.41
4,18,24,1000,0.241,-7947.81
4,19,0,1000,0.2261,-8696.74
4,19,1,1000,0.2348,-8262.26
4,19,2,1000,0.2386,-8072.12
4,19,3,1000,0.2841,-5794.59
4,19,4,1000,0.3446,-2772.43
4,19,5,1000,0.3913,-435.07
4,19,6,1000,0.4376,1879.0
4,19,7,1000,0.5021,5105.97
4,19,8,1000,0.5568,7842.29
4,19,9,1000,0.5712,8559.75
4,19,10,1000,0.5741,8704.21
4,19,11,1000,0.5533,7663.72
4,19,12,1000,0.5769,8847.45
4,19,13,1000,0.622,11101.81
4,19,14,1000,0.6763,13814.17
4,19,15,1000,0.6445,12226.52
4,19,16,1000,0.5707,8534.54
4,19,17,1000,0.4842,4208.43
4,19,18,1000,0.4407,2035.84
4,19,19,1000,0.4199,993.88
4,19,20,1000,0.3925,-376.78
4,19,21,1000,0.3672,-1642.39
4,19,22,1000,0.3448,-2759.5
4,19,23,1000,0.2972,-5141.61
4,19,24,1000,0.233,-8351.55
4,20,0,1000,0.2358,-8207.58
4,20,1,1000,0.2485,-7574.48
4,20,2,1000,0.2452,-7739.53
4,20,3,1000,0.2679,-6603.21
4,20,4,1000,0.3096,-4520.84
4,20,5,1000,0.3567,-2166.74
4,20,6,1000,0.397,-148.88
4,20,7,1000,0.4339,1694.75
4,20,8,1000,0.4643,3216.53
4,20,9,1000,0.4843,4214.7
4,20,10,1000,0.498,4898.87
4,20,11,1000,0.4888,4439.82
4,20,12,1000,0.493,4649.99
4,20,13,1000,0.5159,5792.9
4,20,14,1000,0.5838,9187.87
4,20,15,1000,0.6052,10258.21
4,20,16,1000,0.5549,7743.8
4,20,17,1000,0.4505,2523.57
4,20,18,1000,0.3745,-1275.98
4,20,19,1000,0.36,-2002.1
4,20,20,1000,0.3407,-2965.21
4,20,21,1000,0.3179,-4105.27
4,20,22,1000,0.3042,-4791.83
4,20,23,1000,0.2863,-5686.65
4,20,24,1000,0.2542,-7287.73
4,21,0,1000,0.2136,-9318.37
4,21,1,1000,0.2398,-8007.63
4,21,2,1000,0.2619,-6905.3
4,21,3,1000,0.2717,-6416.85
4,21,4,1000,0.2911,-5446.05
4,21,5,1000,0.3494,-2529.73
4,21,6,1000,0.39,-502.41
4,21,7,1000,0.3902,-487.69
4,21,8,1000,0.3793,-1035.44
4,21,9,1000,0.4021,105.36
4,21,10,1000,0.4333,1663.4
4,21,11,1000,0.4424,2121.37
4,21,12,1000,0.421,1051.09
4,21,13,1000,0.4095,474.94
4,21,14,1000,0.4431,2156.4
4,21,15,1000,0.4802,4011.56
4,21,16,1000,0.4596,2979.93
4,21,17,1000,0.3934,-331.8
4,21,18,1000,0.3518,-2409.79
4,21,19,1000,0.3547,-2263.64
4,21,20,1000,0.3363,-3182.73
4,21,21,1000,0.3041,-4793.56
4,21,22,1000,0.2959,-5203.86
4,21,23,1000,0.2965,-5172.87
4,21,24,1000,0.2687,-6565.54
4,22,0,1000,0.176,-11198.11
4,22,1,1000,0.2048,-9762.29
4,22,2,1000,0.2413,-7933.34
4,22,3,1000,0.2528,-7359.54
4,22,4,1000,0.2657,-6714.52
4,22,5,1000,0.3227,-3867.04
4,22,6,1000,0.3602,-1989.22
4,22,7,1000,0.3539,-2306.2
4,22,8,1000,0.3445,-2773.51
4,22,9,1000,0.3735,-1327.33
4,22,10,1000,0.4062,311.38
4,22,11,1000,0.4195,976.78
4,22,12,1000,0.3959,-206.19
4,22,13,1000,0.3762,-1188.91
4,22,14,1000,0.3693,-1533.07
4,22,15,1000,0.3738,-1311.54
4,22,16,1000,0.36,-1997.94
4,22,17,1000,0.3342,-3287.68
4,22,18,1000,0.3367,-3162.72
4,22,19,1000,0.348,-2598.22
4,22,20,1000,0.3285,-3575.18
4,22,21,1000,0.2929,-5357.49
4,22,22,1000,0.2852,-5739.93
4,22,23,1000,0.2801,-5996.67
4,22,24,1000,0.2368,-8158.09
4,23,0,1000,0.1573,-12132.92
4,23,1,1000,0.1816,-10919.33
4,23,2,1000,0.2142,-9290.64
4,23,3,1000,0.2254,-8731.96
4,23,4,1000,0.2333,-8336.61
4,23,5,1000,0.2727,-6366.27
4,23,6,1000,0.3074,-4628.12
4,23,7,1000,0.3136,-4320.8
4,23,8,1000,0.3205,-3975.0
4,23,9,1000,0.3547,-2266.88
4,23,10,1000,0.388,-602.04
4,23,11,1000,0.391,-450.62
4,23,12,1000,0.3629,-1852.88
4,23,13,1000,0.3502,-2490.66
4,23,14,1000,0.3337,-3312.59
4,23,15,1000,0.3172,-4138.12
4,23,16,1000,0.3013,-4934.77
4,23,17,1000,0.2989,-5053.47
4,23,18,1000,0.3232,-3840.09
4,23,19,1000,0.3296,-3520.57
4,23,20,1000,0.3063,-4683.09
4,23,21,1000,0.2713,-6435.82
4,23,22,1000,0.2603,-6986.47
4,23,23,1000,0.2467,-7663.49
4,23,24,1000,0.2021,-9892.61
4,24,0,1000,0.1645,-11776.74
4,24,1,1000,0.1817,-10915.6
4,24,2,1000,0.1982,-10089.22
4,24,3,1000,0.2048,-9760.4
4,24,4,1000,0.2061,-9692.51
4,24,5,1000,0.2196,-9019.33
4,24,6,1000,0.2548,-7257.86
4,24,7,1000,0.2813,-5936.34
4,24,8,1000,0.2926,-5368.25
4,24,9,1000,0.3196,-4020.25
4,24,10,1000,0.357,-2151.1
4,24,11,1000,0.3515,-2422.93
4,24,12,1000,0.3215,-3926.53
4,24,13,1000,0.3225,-3876.22
4,24,14,1000,0.3208,-3962.08
4,24,15,1000,0.3012,-4939.82
4,24,16,1000,0.28,-6002.19
4,24,17,1000,0.2757,-6215.85
4,24,18,1000,0.2873,-5635.1
4,24,19,1000,0.2786,-6069.55
4,24,20,1000,0.2574,-7130.3
4,24,21,1000,0.2357,-8213.48
4,24,22,1000,0.2216,-8920.28
4,24,23,1000,0.2053,-9737.02
4,24,24,1000,0.1806,-10972.3
5,0,0,1000,0.1533,-12334.52
5,0,1,1000,0.1551,-12245.5
5,0,2,1000,0.1542,-12288.26
5,0,3,1000,0.1763,-11185.29
5,0,4,1000,0.2054,-9731.44
5,0,5,1000,0.2287,-8567.4
5,0,6,1000,0.2504,-7477.53
5,0,7,1000,0.2738,-6311.71
5,0,8,1000,0.2823,-5885.4
5,0,9,1000,0.2966,-5168.43
5,0,10,1000,0.3216,-3919.24
5,0,11,1000,0.3327,-3367.22
5,0,12,1000,0.328,-3598.19
5,0,13,1000,0.3289,-3553.8
5,0,14,1000,0.3315,-3427.39
5,0,15,1000,0.3351,-3245.55
5,0,16,1000,0.332,-3401.87
5,0,17,1000,0.322,-3901.56
5,0,18,1000,0.2912,-5442.33
5,0,19,1000,0.2596,-7020.98
5,0,20,1000,0.2579,-7105.95
5,0,21,1000,0.2632,-6839.33
5,0,22,1000,0.2313,-8436.37
5,0,23,1000,0.1872,-10641.81
5,0,24,1000,0.1551,-12243.43
5,1,0,1000,0.1791,-11044.07
5,1,1,1000,0.1879,-10603.4
5,1,2,1000,0.1877,-10615.07
5,1,3,1000,0.2059,-9706.87
5,1,4,1000,0.2297,-8514.62
5,1,5,1000,0.2392,-8039.71
5,1,6,1000,0.2552,-7240.2
5,1,7,1000,0.2803,-5986.41
5,1,8,1000,0.2947,-5266.9
5,1,9,1000,0.3142,-4290.28
5,1,10,1000,0.3422,-2889.24
5,1,11,1000,0.3624,-1879.83
5,1,12,1000,0.361,-1949.94
5,1,13,1000,0.3574,-2132.46
5,1,14,1000,0.3578,-2108.06
5,1,15,1000,0.3673,-1632.88
5,1,16,1000,0.3673,-1634.63
5,1,17,1000,0.3565,-2176.68
5,1,18,1000,0.3224,-3881.84
5,1,19,1000,0.2895,-5525.38
5,1,20,1000,0.2803,-5983.96
5,1,21,1000,0.2738,-6308.09
5,1,22,1000,0.239,-8048.52
5,1,23,1000,0.1955,-10224.57
5,1,24,1000,0.1644,-11781.09
5,2,0,1000,0.2036,-9819.83
5,2,1,1000,0.2361,-8196.39
5,2,2,1000,0.2492,-7537.7
5,2,3,1000,0.2533,-7336.64
5,2,4,1000,0.2601,-6993.34
5,2,5,1000,0.2613,-6937.25
5,2,6,1000,0.2817,-5913.59
5,2,7,1000,0.3077,-4613.4
5,2,8,1000,0.3313,-3436.06
5,2,9,1000,0.3575,-2123.09
5,2,10,1000,0.3863,-683.51
5,2,11,1000,0.4151,752.66
5,2,12,1000,0.4081,405.19
5,2,13,1000,0.3857,-715.76
5,2,14,1000,0.3612,-1938.06
5,2,15,1000,0.372,-1400.75
5,2,16,1000,0.3827,-866.25
5,2,17,1000,0.3657,-1714.79
5,2,18,1000,0.3217,-3913.07
5,2,19,1000,0.2959,-5207.03
5,2,20,1000,0.2801,-5994.99
5,2,21,1000,0.2584,-7079.98
5,2,22,1000,0.2288,-8560.18
5,2,23,1000,0.197,-10150.54
5,2,24,1000,0.1731,-11345.32
5,3,0,1000,0.2205,-8973.35
5,3,1,1000,0.2672,-6641.89
5,3,2,1000,0.2881,-5595.81
5,3,3,1000,0.2844,-5780.33
5,3,4,1000,0.2846,-5771.41
5,3,5,1000,0.2919,-5406.46
5,3,6,1000,0.3237,-3817.16
5,3,7,1000,0.3521,-2393.66
5,3,8,1000,0.377,-1152.08
5,3,9,1000,0.4045,224.61
5,3,10,1000,0.4378,1892.03
5,3,11,1000,0.4905,4523.79
5,3,12,1000,0.4955,4775.17
5,3,13,1000,0.4614,3070.77
5,3,14,1000,0.4145,723.06
5,3,15,1000,0.4192,962.35
5,3,16,1000,0.4344,1719.6
5,3,17,1000,0.4014,71.74
5,3,18,1000,0.3352,-3238.45
5,3,19,1000,0.3095,-4522.73
5,3,20,1000,0.2974,-5129.53
5,3,21,1000,0.2785,-6072.59
5,3,22,1000,0.2515,-7424.12
5,3,23,1000,0.2236,-8820.6
5,3,24,1000,0.2026,-9871.84
5,4,0,1000,0.237,-8151.23
5,4,1,1000,0.2819,-5906.02
5,4,2,1000,0.2981,-5097.12
5,4,3,1000,0.2945,-5274.2
5,4,4,1000,0.2995,-5023.34
5,4,5,1000,0.3177,-4116.78
5,4,6,1000,0.3573,-2134.1
5,4,7,1000,0.3885,-575.19
5,4,8,1000,0.4124,620.43
5,4,9,1000,0.4404,2019.18
5,4,10,1000,0.48,4002.3
5,4,11,1000,0.5621,8107.0
5,4,12,1000,0.5914,9569.15
5,4,13,1000,0.5569,7847.45
5,4,14,1000,0.5053,5263.47
5,4,15,1000,0.5048,5241.71
5,4,16,1000,0.5144,5717.96
5,4,17,1000,0.4683,3414.77
5,4,18,1000,0.3877,-614.54
5,4,19,1000,0.3557,-2216.32
5,4,20,1000,0.3437,-2814.67
5,4,21,1000,0.3276,-3621.72
5,4,22,1000,0.2965,-5175.98
5,4,23,1000,0.2642,-6788.53
5,4,24,1000,0.2407,-7964.24
5,5,0,1000,0.256,-7199.81
5,5,1,1000,0.2833,-5833.44
5,5,2,1000,0.2896,-5519.97
5,5,3,1000,0.2981,-5096.74
5,5,4,1000,0.321,-3951.24
5,5,5,1000,0.3631,-1846.3
5,5,6,1000,0.4105,524.83
5,5,7,1000,0.4434,2171.38
5,5,8,1000,0.4713,3565.36
5,5,9,1000,0.5041,5207.49
5,5,10,1000,0.5439,7193.93
5,5,11,1000,0.6155,10775.63
5,5,12,1000,0.6413,12062.92
5,5,13,1000,0.6142,10710.1
5,5,14,1000,0.5841,9204.38
5,5,15,1000,0.5836,9179.46
5,5,16,1000,0.5735,8674.71
5,5,17,1000,0.5367,6834.9
5,5,18,1000,0.4842,4208.3
5,5,19,1000,0.4472,2361.18
5,5,20,1000,0.4167,834.61
5,5,21,1000,0.3819,-905.97
5,5,22,1000,0.3419,-2904.34
5,5,23,1000,0.3005,-4972.58
5,5,24,1000,0.2645,-6775.8
5,6,0,1000,0.2791,-6045.27
5,6,1,1000,0.2997,-5014.2
5,6,2,1000,0.3122,-4389.27
5,6,3,1000,0.3376,-3120.21
5,6,4,1000,0.3756,-1220.75
5,6,5,1000,0.4325,1623.05
5,6,6,1000,0.4858,4292.27
5,6,7,1000,0.5231,6152.71
5,6,8,1000,0.5515,7572.88
5,6,9,1000,0.5865,9323.18
5,6,10,1000,0.6258,11288.8
5,6,11,1000,0.665,13251.72
5,6,12,1000,0.6633,13164.09
5,6,13,1000,0.6388,11939.76
5,6,14,1000,0.6255,11273.17
5,6,15,1000,0.6276,11381.04
5,6,16,1000,0.6041,10206.01
5,6,17,1000,0.5744,8718.36
5,6,18,1000,0.5419,7093.68
5,6,19,1000,0.5014,5071.86
5,6,20,1000,0.4611,3057.05
5,6,21,1000,0.4181,905.96
5,6,22,1000,0.3725,-1374.18
5,6,23,1000,0.32,-3998.81
5,6,24,1000,0.2671,-6645.3
5,7,0,1000,0.2989,-5053.96
5,7,1,1000,0.3278,-3607.6
5,7,2,1000,0.3598,-2007.52
5,7,3,1000,0.3993,-36.95
5,7,4,1000,0.4433,2164.78
5,7,5,1000,0.5009,5042.86
5,7,6,1000,0.5591,7952.57
5,7,7,1000,0.6044,10222.18
5,7,8,1000,0.6305,11523.88
5,7,9,1000,0.6597,12984.88
5,7,10,1000,0.6976,14880.84
5,7,11,1000,0.7244,16221.52
5,7,12,1000,0.7192,15960.2
5,7,13,1000,0.6999,14997.26
5,7,14,1000,0.6798,13989.35
5,7,15,1000,0.6694,13470.71
5,7,16,1000,0.6427,12134.81
5,7,17,1000,0.6026,10131.37
5,7,18,1000,0.5579,7892.85
5,7,19,1000,0.5149,5745.27
5,7,20,1000,0.485,4251.25
5,7,21,1000,0.455,2748.97
5,7,22,1000,0.4065,326.59
5,7,23,1000,0.343,-2852.04
5,7,24,1000,0.2767,-6167.01
5,8,0,1000,0.2968,-5158.32
5,8,1,1000,0.3406,-2967.94
5,8,2,1000,0.4066,329.36
5,8,3,1000,0.4646,3231.13
5,8,4,1000,0.5091,5456.99
5,8,5,1000,0.5515,7576.74
5,8,6,1000,0.6097,10484.81
5,8,7,1000,0.673,13652.48
5,8,8,1000,0.7141,15703.7
5,8,9,1000,0.7242,16211.03
5,8,10,1000,0.7317,16584.26
5,8,11,1000,0.7342,16708.63
5,8,12,1000,0.7798,18989.64
5,8,13,1000,0.8122,20610.13
5,8,14,1000,0.7755,18772.86
5,8,15,1000,0.7096,15482.22
5,8,16,1000,0.6843,14217.29
5,8,17,1000,0.6363,11815.3
5,8,18,1000,0.5786,8932.23
5,8,19,1000,0.5422,7107.85
5,8,20,1000,0.5301,6506.13
5,8,21,1000,0.5053,5265.84
5,8,22,1000,0.4456,2278.17
5,8,23,1000,0.3715,-1423.27
5,8,24,1000,0.3024,-4881.76
5,9,0,1000,0.2765,-6176.97
5,9,1,1000,0.3249,-3752.95
5,9,2,1000,0.3994,-29.84
5,9,3,1000,0.4592,2957.81
5,9,4,1000,0.5011,5053.18
5,9,5,1000,0.5414,7071.78
5,9,6,1000,0.6054,10267.94
5,9,7,1000,0.6814,14068.71
5,9,8,1000,0.7409,17046.94
5,9,9,1000,0.7399,16994.61
5,9,10,1000,0.7212,16061.76
5,9,11,1000,0.7118,15587.63
5,9,12,1000,0.8095,20476.32
5,9,13,1000,0.8884,24422.36
5,9,14,1000,0.8601,23003.48
5,9,15,1000,0.7707,18534.65
5,9,16,1000,0.7476,17378.03
5,9,17,1000,0.6892,14461.07
5,9,18,1000,0.6168,10840.38
5,9,19,1000,0.583,9149.94
5,9,20,1000,0.5658,8287.74
5,9,21,1000,0.5172,5861.21
5,9,22,1000,0.445,2248.03
5,9,23,1000,0.378,-1102.32
5,9,24,1000,0.3318,-3407.81
5,10,0,1000,0.2682,-6588.38
5,10,1,1000,0.314,-4301.81
5,10,2,1000,0.3817,-917.38
5,10,3,1000,0.4356,1779.19
5,10,4,1000,0.4776,3878.43
5,10,5,1000,0.5331,6655.65
5,10,6,1000,0.6085,10424.96
5,10,7,1000,0.6851,14252.77
5,10,8,1000,0.7467,17336.98
5,10,9,1000,0.7535,17674.8
5,10,10,1000,0.7426,17127.64
5,10,11,1000,0.7377,16883.4
5,10,12,1000,0.8351,21752.6
5,10,13,1000,0.915,25749.43
5,10,14,1000,0.8991,24952.71
5,10,15,1000,0.8252,21260.37
5,10,16,1000,0.803,20151.47
5,10,17,1000,0.7351,16754.53
5,10,18,1000,0.6512,12559.62
5,10,19,1000,0.6141,10704.69
5,10,20,1000,0.581,9051.34
5,10,21,1000,0.5076,5377.88
5,10,22,1000,0.4296,1480.16
5,10,23,1000,0.3735,-1324.99
5,10,24,1000,0.3469,-2655.34
5,11,0,1000,0.2966,-5168.78
5,11,1,1000,0.3422,-2888.7
5,11,2,1000,0.4139,694.29
5,11,3,1000,0.4639,3192.6
5,11,4,1000,0.5018,5091.53
5,11,5,1000,0.5757,8785.52
5,11,6,1000,0.6598,12991.09
5,11,7,1000,0.7157,15786.57
5,11,8,1000,0.7634,18170.41
5,11,9,1000,0.8395,21973.6
5,11,10,1000,0.9167,25837.47
5,11,11,1000,0.9654,28269.74
5,11,12,1000,0.9985,29926.9
5,11,13,1000,1.0203,31012.93
5,11,14,1000,0.9419,27093.58
5,11,15,1000,0.8644,23217.83
5,11,16,1000,0.8568,22840.35
5,11,17,1000,0.8001,20002.81
5,11,18,1000,0.7256,16282.04
5,11,19,1000,0.6935,14676.76
5,11,20,1000,0.6456,12279.57
5,11,21,1000,0.5409,7045.84
5,11,22,1000,0.4537,2684.83
5,11,23,1000,0.4006,27.53
5,11,24,1000,0.3724,-1380.92
5,12,0,1000,0.3505,-2476.42
5,12,1,1000,0.399,-48.96
5,12,2,1000,0.4757,3785.88
5,12,3,1000,0.5248,6242.09
5,12,4,1000,0.5567,7836.94
5,12,5,1000,0.6211,11054.79
5,12,6,1000,0.6941,14702.88
5,12,7,1000,0.7276,16381.11
5,12,8,1000,0.7556,17778.64
5,12,9,1000,0.8913,24562.7
5,12,10,1000,1.0498,32490.83
5,12,11,1000,1.148,37399.84
5,12,12,1000,1.1189,35943.19
5,12,13,1000,1.0856,34281.8
5,12,14,1000,0.9636,28179.69
5,12,15,1000,0.8995,24973.38
5,12,16,1000,0.9066,25331.15
5,12,17,1000,0.8401,22002.52
5,12,18,1000,0.7504,17521.05
5,12,19,1000,0.7232,16157.66
5,12,20,1000,0.6822,14111.96
5,12,21,1000,0.577,8847.61
5,12,22,1000,0.4867,4335.0
5,12,23,1000,0.4315,1573.95
5,12,24,1000,0.3937,-313.43
5,13,0,1000,0.3676,-1620.92
5,13,1,1000,0.415,751.74
5,13,2,1000,0.484,4199.22
5,13,3,1000,0.5308,6540.48
5,13,4,1000,0.5607,8036.93
5,13,5,1000,0.6051,10254.4
5,13,6,1000,0.6611,13053.87
5,13,7,1000,0.69,14497.61
5,13,8,1000,0.7142,15707.69
5,13,9,1000,0.8473,22363.39
5,13,10,1000,1.0027,30134.77
5,13,11,1000,1.0931,34654.71
5,13,12,1000,1.0565,32822.78
5,13,13,1000,1.0251,31252.63
5,13,14,1000,0.9462,27310.72
5,13,15,1000,0.9274,26371.44
5,13,16,1000,0.9358,26791.72
5,13,17,1000,0.8373,21866.72
5,13,18,1000,0.7107,15535.85
5,13,19,1000,0.6807,14033.24
5,13,20,1000,0.6483,12417.21
5,13,21,1000,0.5564,7817.66
5,13,22,1000,0.4728,3638.51
5,13,23,1000,0.4247,1233.16
5,13,24,1000,0.3943,-286.04
5,14,0,1000,0.3473,-2633.27
5,14,1,1000,0.3851,-743.58
5,14,2,1000,0.4406,2028.38
5,14,3,1000,0.5068,5341.55
5,14,4,1000,0.5648,8237.99
5,14,5,1000,0.5907,9534.96
5,14,6,1000,0.6122,10611.93
5,14,7,1000,0.6539,12693.8
5,14,8,1000,0.7276,16381.86
5,14,9,1000,0.838,21900.12
5,14,10,1000,0.9141,25705.86
5,14,11,1000,0.9165,25825.16
5,14,12,1000,0.8919,24594.47
5,14,13,1000,0.9053,25262.71
5,14,14,1000,0.9378,26891.54
5,14,15,1000,0.9742,28708.53
5,14,16,1000,0.9567,27834.62
5,14,17,1000,0.8333,21666.2
5,14,18,1000,0.6887,14436.99
5,14,19,1000,0.6409,12043.05
5,14,20,1000,0.5831,9156.12
5,14,21,1000,0.5055,5273.87
5,14,22,1000,0.4576,2880.34
5,14,23,1000,0.4207,1032.92
5,14,24,1000,0.3633,-1835.6
5,15,0,1000,0.3125,-4377.36
5,15,1,1000,0.338,-3097.79
5,15,2,1000,0.3771,-1146.19
5,15,3,1000,0.4618,3088.23
5,15,4,1000,0.5534,7671.71
5,15,5,1000,0.5872,9360.43
5,15,6,1000,0.5923,9615.53
5,15,7,1000,0.6461,12305.19
5,15,8,1000,0.7453,17264.96
5,15,9,1000,0.808,20401.21
5,15,10,1000,0.8049,20246.02
5,15,11,1000,0.7763,18813.91
5,15,12,1000,0.8222,21110.99
5,15,13,1000,0.8804,24021.65
5,15,14,1000,0.9485,27423.4
5,15,15,1000,0.9571,27856.75
5,15,16,1000,0.9078,25389.48
5,15,17,1000,0.7923,19615.31
5,15,18,1000,0.6685,13423.72
5,15,19,1000,0.6074,10371.31
5,15,20,1000,0.5257,6284.24
5,15,21,1000,0.4682,3408.84
5,15,22,1000,0.458,2898.3
5,15,23,1000,0.4302,1509.85
5,15,24,1000,0.3407,-2966.84
5,16,0,1000,0.3042,-4789.83
5,16,1,1000,0.3253,-3735.27
5,16,2,1000,0.3515,-2423.4
5,16,3,1000,0.4286,1429.37
5,16,4,1000,0.5206,6032.33
5,16,5,1000,0.5643,8216.48
5,16,6,1000,0.5751,8756.47
5,16,7,1000,0.623,11148.33
5,16,8,1000,0.6873,14364.99
5,16,9,1000,0.7126,15630.54
5,16,10,1000,0.702,15101.35
5,16,11,1000,0.7274,16370.53
5,16,12,1000,0.8327,21635.1
5,16,13,1000,0.8939,24693.24
5,16,14,1000,0.9186,25929.43
5,16,15,1000,0.8769,23843.33
5,16,16,1000,0.8234,21171.42
5,16,17,1000,0.7198,15988.99
5,16,18,1000,0.6109,10545.08
5,16,19,1000,0.5556,7782.48
5,16,20,1000,0.488,4401.14
5,16,21,1000,0.4517,2586.36
5,16,22,1000,0.449,2450.17
5,16,23,1000,0.4261,1306.78
5,16,24,1000,0.3427,-2866.55
5,17,0,1000,0.3001,-4996.78
5,17,1,1000,0.3263,-3683.17
5,17,2,1000,0.3419,-2906.98
5,17,3,1000,0.398,-101.07
5,17,4,1000,0.476,3798.07
5,17,5,1000,0.5339,6695.15
5,17,6,1000,0.5767,8837.39
5,17,7,1000,0.6403,12014.06
5,17,8,1000,0.6963,14814.69
5,17,9,1000,0.6972,14859.67
5,17,10,1000,0.6807,14037.37
5,17,11,1000,0.7113,15566.71
5,17,12,1000,0.8281,21407.42
5,17,13,1000,0.8925,24625.0
5,17,14,1000,0.8841,24206.74
5,17,15,1000,0.7794,18970.68
5,17,16,1000,0.7016,15078.12
5,17,17,1000,0.6279,11392.6
5,17,18,1000,0.5833,9165.21
5,17,19,1000,0.545,7250.43
5,17,20,1000,0.5019,5092.62
5,17,21,1000,0.4744,3719.12
5,17,22,1000,0.4495,2472.59
5,17,23,1000,0.3987,-65.82
5,17,24,1000,0.3085,-4576.04
5,18,0,1000,0.2826,-5872.03
5,18,1,1000,0.3147,-4266.09
5,18,2,1000,0.3184,-4082.44
5,18,3,1000,0.349,-2552.02
5,18,4,1000,0.4071,355.14
5,18,5,1000,0.474,3697.55
5,18,6,1000,0.549,7449.99
5,18,7,1000,0.6372,11858.28
5,18,8,1000,0.7308,16539.81
5,18,9,1000,0.7421,17103.44
5,18,10,1000,0.7149,15747.42
5,18,11,1000,0.682,14097.89
5,18,12,1000,0.7472,17358.0
5,18,13,1000,0.8163,20812.81
5,18,14,1000,0.8422,22108.28
5,18,15,1000,0.7397,16984.8
5,18,16,1000,0.6361,11804.23
5,18,17,1000,0.5689,8443.53
5,18,18,1000,0.5675,8373.12
5,18,19,1000,0.5428,7138.2
5,18,20,1000,0.5108,5540.25
5,18,21,1000,0.4676,3378.9
5,18,22,1000,0.4128,639.03
5,18,23,1000,0.3383,-3087.49
5,18,24,1000,0.256,-7201.47
5,19,0,1000,0.2586,-7070.18
5,19,1,1000,0.2859,-5706.97
5,19,2,1000,0.2772,-6139.75
5,19,3,1000,0.2946,-5270.08
5,19,4,1000,0.3431,-2843.99
5,19,5,1000,0.4078,390.27
5,19,6,1000,0.4818,4089.69
5,19,7,1000,0.5657,8283.11
5,19,8,1000,0.6677,13385.3
5,19,9,1000,0.6877,14382.69
5,19,10,1000,0.6592,12957.61
5,19,11,1000,0.6101,10504.31
5,19,12,1000,0.6535,12674.93
5,19,13,1000,0.7188,15940.11
5,19,14,1000,0.7774,18868.34
5,19,15,1000,0.7158,15789.23
5,19,16,1000,0.6188,10938.06
5,19,17,1000,0.5326,6630.94
5,19,18,1000,0.5075,5372.55
5,19,19,1000,0.4845,4225.66
5,19,20,1000,0.4529,2643.3
5,19,21,1000,0.4028,138.47
5,19,22,1000,0.349,-2547.68
5,19,23,1000,0.2919,-5406.62
5,19,24,1000,0.242,-7897.85
5,20,0,1000,0.2499,-7503.12
5,20,1,1000,0.2698,-6509.8
5,20,2,1000,0.2473,-7632.61
5,20,3,1000,0.2495,-7525.98
5,20,4,1000,0.2882,-5589.09
5,20,5,1000,0.3569,-2154.85
5,20,6,1000,0.424,1198.05
5,20,7,1000,0.4791,3955.54
5,20,8,1000,0.5415,7076.23
5,20,9,1000,0.5674,8369.89
5,20,10,1000,0.5688,8439.44
5,20,11,1000,0.5501,7502.84
5,20,12,1000,0.5634,8171.51
5,20,13,1000,0.5939,9695.63
5,20,14,1000,0.6686,13430.71
5,20,15,1000,0.6729,13647.03
5,20,16,1000,0.6001,10005.97
5,20,17,1000,0.5009,5046.17
5,20,18,1000,0.4526,2628.55
5,20,19,1000,0.4377,1885.36
5,20,20,1000,0.4016,77.59
5,20,21,1000,0.3399,-3002.69
5,20,22,1000,0.2981,-5092.76
5,20,23,1000,0.2721,-6394.13
5,20,24,1000,0.2587,-7066.3
5,21,0,1000,0.2357,-8216.86
5,21,1,1000,0.2555,-7227.05
5,21,2,1000,0.2485,-7576.84
5,21,3,1000,0.251,-7449.61
5,21,4,1000,0.2811,-5943.27
5,21,5,1000,0.3527,-2364.51
5,21,6,1000,0.4107,533.96
5,21,7,1000,0.4298,1490.32
5,21,8,1000,0.4277,1385.66
5,21,9,1000,0.4547,2732.84
5,21,10,1000,0.5,5000.69
5,21,11,1000,0.5232,6159.51
5,21,12,1000,0.4952,4761.17
5,21,13,1000,0.4746,3731.5
5,21,14,1000,0.5194,5969.22
5,21,15,1000,0.556,7801.99
5,21,16,1000,0.5111,5552.97
5,21,17,1000,0.4346,1730.36
5,21,18,1000,0.4073,366.41
5,21,19,1000,0.4106,529.66
5,21,20,1000,0.3841,-792.58
5,21,21,1000,0.3314,-3431.09
5,21,22,1000,0.3051,-4745.18
5,21,23,1000,0.2866,-5668.33
5,21,24,1000,0.2639,-6806.62
5,22,0,1000,0.1993,-10036.27
5,22,1,1000,0.2223,-8882.72
5,22,2,1000,0.241,-7948.14
5,22,3,1000,0.2557,-7212.71
5,22,4,1000,0.2822,-5891.18
5,22,5,1000,0.345,-2750.5
5,22,6,1000,0.3939,-302.6
5,22,7,1000,0.404,199.49
5,22,8,1000,0.3867,-665.09
5,22,9,1000,0.4097,485.14
5,22,10,1000,0.4592,2959.7
5,22,11,1000,0.4838,4190.74
5,22,12,1000,0.4458,2287.85
5,22,13,1000,0.4148,741.95
5,22,14,1000,0.4263,1316.69
5,22,15,1000,0.4417,2086.22
5,22,16,1000,0.4062,308.82
5,22,17,1000,0.3552,-2239.25
5,22,18,1000,0.3519,-2405.28
5,22,19,1000,0.3631,-1842.7
5,22,20,1000,0.3552,-2239.17
5,22,21,1000,0.3291,-3543.66
5,22,22,1000,0.3113,-4433.55
5,22,23,1000,0.281,-5952.45
5,22,24,1000,0.2312,-8441.69
5,23,0,1000,0.1714,-11429.18
5,23,1,1000,0.1977,-10114.97
5,23,2,1000,0.2266,-8670.28
5,23,3,1000,0.2436,-7819.31
5,23,4,1000,0.2635,-6823.38
5,23,5,1000,0.3105,-4474.46
5,23,6,1000,0.3514,-2431.8
5,23,7,1000,0.3649,-1754.34
5,23,8,1000,0.3649,-1752.85
5,23,9,1000,0.3948,-257.67
5,23,10,1000,0.4371,1857.43
5,23,11,1000,0.4499,2493.02
5,23,12,1000,0.4168,839.72
5,23,13,1000,0.3958,-210.27
5,23,14,1000,0.378,-1100.7
5,23,15,1000,0.3582,-2091.21
5,23,16,1000,0.3299,-3503.13
5,23,17,1000,0.2968,-5157.65
5,23,18,1000,0.2987,-5063.44
5,23,19,1000,0.3076,-4619.03
5,23,20,1000,0.3123,-4385.17
5,23,21,1000,0.3103,-4482.82
5,23,22,1000,0.2992,-5040.76
5,23,23,1000,0.264,-6802.16
5,23,24,1000,0.2027,-9866.51
5,24,0,1000,0.1738,-11308.8
5,24,1,1000,0.202,-9897.68
5,24,2,1000,0.2192,-9040.18
5,24,3,1000,0.2244,-8782.13
5,24,4,1000,0.2334,-8329.5
5,24,5,1000,0.2556,-7220.93
5,24,6,1000,0.2855,-5725.43
5,24,7,1000,0.3052,-4739.9
5,24,8,1000,0.3286,-3571.95
5,24,9,1000,0.3679,-1602.93
5,24,10,1000,0.4029,145.7
5,24,11,1000,0.4083,414.71
5,24,12,1000,0.3912,-439.41
5,24,13,1000,0.3886,-568.69
5,24,14,1000,0.3566,-2169.41
5,24,15,1000,0.3143,-4282.63
5,24,16,1000,0.2968,-5161.52
5,24,17,1000,0.2724,-6380.0
5,24,18,1000,0.2604,-6979.16
5,24,19,1000,0.2595,-7027.22
5,24,20,1000,0.2615,-6924.97
5,24,21,1000,0.2652,-6738.34
5,24,22,1000,0.259,-7051.9
5,24,23,1000,0.2351,-8246.57
5,24,24,1000,0.1893,-10535.54
6,0,0,1000,0.159,-12048.21
6,0,1,1000,0.166,-11700.41
6,0,2,1000,0.1715,-11424.07
6,0,3,1000,0.205,-9750.01
6,0,4,1000,0.2421,-7895.01
6,0,5,1000,0.2532,-7342.13
6,0,6,1000,0.2706,-6471.08
6,0,7,1000,0.3053,-4736.44
6,0,8,1000,0.3121,-4393.55
6,0,9,1000,0.3141,-4293.63
6,0,10,1000,0.3355,-3225.77
6,0,11,1000,0.3461,-2696.33
6,0,12,1000,0.3462,-2688.36
6,0,13,1000,0.3492,-2539.85
6,0,14,1000,0.3431,-2845.78
6,0,15,1000,0.3341,-3293.78
6,0,16,1000,0.329,-3550.19
6,0,17,1000,0.3296,-3521.7
6,0,18,1000,0.3057,-4714.22
6,0,19,1000,0.267,-6652.21
6,0,20,1000,0.2552,-7240.56
6,0,21,1000,0.2531,-7342.51
6,0,22,1000,0.2181,-9096.65
6,0,23,1000,0.1759,-11202.68
6,0,24,1000,0.1598,-12009.55
6,1,0,1000,0.1822,-10892.03
6,1,1,1000,0.1974,-10128.4
6,1,2,1000,0.2071,-9646.43
6,1,3,1000,0.2369,-8157.12
6,1,4,1000,0.2676,-6618.58
6,1,5,1000,0.2677,-6615.54
6,1,6,1000,0.2829,-5854.87
6,1,7,1000,0.3194,-4027.92
6,1,8,1000,0.3279,-3603.77
6,1,9,1000,0.334,-3301.0
6,1,10,1000,0.3608,-1960.8
6,1,11,1000,0.3776,-1119.99
6,1,12,1000,0.3769,-1156.25
6,1,13,1000,0.3765,-1175.29
6,1,14,1000,0.3752,-1238.6
6,1,15,1000,0.3802,-992.4
6,1,16,1000,0.3803,-986.77
6,1,17,1000,0.3781,-1097.01
6,1,18,1000,0.3462,-2690.73
6,1,19,1000,0.3045,-4775.49
6,1,20,1000,0.2815,-5927.21
6,1,21,1000,0.2624,-6877.55
6,1,22,1000,0.2237,-8814.04
6,1,23,1000,0.1817,-10916.97
6,1,24,1000,0.1655,-11726.44
6,2,0,1000,0.2056,-9718.79
6,2,1,1000,0.2445,-7773.08
6,2,2,1000,0.2653,-6735.65
6,2,3,1000,0.271,-6450.84
6,2,4,1000,0.2795,-6025.72
6,2,5,1000,0.2946,-5267.92
6,2,6,1000,0.3352,-3240.37
6,2,7,1000,0.3707,-1466.4
6,2,8,1000,0.3808,-959.16
6,2,9,1000,0.3992,-41.06
6,2,10,1000,0.4367,1837.2
6,2,11,1000,0.4495,2473.43
6,2,12,1000,0.4246,1228.5
6,2,13,1000,0.4067,334.99
6,2,14,1000,0.3835,-827.18
6,2,15,1000,0.3964,-180.52
6,2,16,1000,0.4144,721.59
6,2,17,1000,0.4143,715.34
6,2,18,1000,0.3771,-1145.75
6,2,19,1000,0.343,-2852.21
6,2,20,1000,0.3109,-4455.24
6,2,21,1000,0.2727,-6366.34
6,2,22,1000,0.238,-8098.79
6,2,23,1000,0.2019,-9904.95
6,2,24,1000,0.1813,-10935.26
6,3,0,1000,0.2214,-8931.11
6,3,1,1000,0.2758,-6209.75
6,3,2,1000,0.307,-4652.33
6,3,3,1000,0.3016,-4919.83
6,3,4,1000,0.2992,-5041.32
6,3,5,1000,0.3267,-3664.37
6,3,6,1000,0.3865,-677.15
6,3,7,1000,0.424,1200.97
6,3,8,1000,0.4334,1668.23
6,3,9,1000,0.4582,2910.32
6,3,10,1000,0.5079,5395.08
6,3,11,1000,0.5443,7217.15
6,3,12,1000,0.5267,6334.83
6,3,13,1000,0.4985,4926.41
6,3,14,1000,0.4537,2685.94
6,3,15,1000,0.464,3199.41
6,3,16,1000,0.4905,4526.44
6,3,17,1000,0.4775,3875.84
6,3,18,1000,0.4177,886.25
6,3,19,1000,0.3826,-869.04
6,3,20,1000,0.3559,-2202.59
6,3,21,1000,0.3238,-3807.93
6,3,22,1000,0.2909,-5456.51
6,3,23,1000,0.2515,-7426.72
6,3,24,1000,0.2221,-8893.36
6,4,0,1000,0.2333,-8336.3
6,4,1,1000,0.2885,-5573.74
6,4,2,1000,0.322,-3898.16
6,4,3,1000,0.321,-3949.68
6,4,4,1000,0.3214,-3930.5
6,4,5,1000,0.3464,-2681.12
6,4,6,1000,0.4058,292.35
6,4,7,1000,0.4472,2359.54
6,4,8,1000,0.4585,2925.81
6,4,9,1000,0.4845,4223.95
6,4,10,1000,0.5415,7073.09
6,4,11,1000,0.6204,11019.29
6,4,12,1000,0.6378,11891.0
6,4,13,1000,0.6089,10442.9
6,4,14,1000,0.5654,8269.42
6,4,15,1000,0.5777,8884.6
6,4,16,1000,0.5971,9857.45
6,4,17,1000,0.5641,8203.31
6,4,18,1000,0.4804,4019.86
6,4,19,1000,0.4344,1720.74
6,4,20,1000,0.4094,472.41
6,4,21,1000,0.3837,-814.75
6,4,22,1000,0.3445,-2777.38
6,4,23,1000,0.2984,-5078.28
6,4,24,1000,0.2664,-6682.1
6,5,0,1000,0.248,-7598.18
6,5,1,1000,0.2879,-5605.43
6,5,2,1000,0.3137,-4316.01
6,5,3,1000,0.3285,-3573.58
6,5,4,1000,0.348,-2598.51
6,5,5,1000,0.3822,-888.61
6,5,6,1000,0.4379,1893.35
6,5,7,1000,0.4845,4223.33
6,5,8,1000,0.5121,5606.84
6,5,9,1000,0.5412,7060.32
6,5,10,1000,0.5896,9477.71
6,5,11,1000,0.6718,13591.08
6,5,12,1000,0.6975,14874.67
6,5,13,1000,0.6664,13319.48
6,5,14,1000,0.6484,12420.11
6,5,15,1000,0.6665,13322.74
6,5,16,1000,0.6566,12830.76
6,5,17,1000,0.6246,11230.24
6,5,18,1000,0.5627,8137.12
6,5,19,1000,0.5042,5210.98
6,5,20,1000,0.4604,3019.7
6,5,21,1000,0.4166,832.45
6,5,22,1000,0.3617,-1916.1
6,5,23,1000,0.3146,-4271.69
6,5,24,1000,0.2917,-5412.61
6,6,0,1000,0.2766,-6170.62
6,6,1,1000,0.3123,-4384.13
6,6,2,1000,0.3466,-2670.27
6,6,3,1000,0.3821,-893.49
6,6,4,1000,0.4209,1047.22
6,6,5,1000,0.4697,3485.09
6,6,6,1000,0.5314,6569.14
6,6,7,1000,0.5886,9427.82
6,6,8,1000,0.6296,11479.96
6,6,9,1000,0.6631,13153.19
6,6,10,1000,0.7059,15295.64
6,6,11,1000,0.7543,17714.94
6,6,12,1000,0.7491,17457.18
6,6,13,1000,0.7116,15581.81
6,6,14,1000,0.7011,15053.59
6,6,15,1000,0.713,15649.3
6,6,16,1000,0.6814,14071.29
6,6,17,1000,0.6553,12763.5
6,6,18,1000,0.6143,10713.22
6,6,19,1000,0.5469,7344.72
6,6,20,1000,0.4951,4757.23
6,6,21,1000,0.4471,2356.25
6,6,22,1000,0.3815,-922.52
6,6,23,1000,0.3261,-3697.28
6,6,24,1000,0.2974,-5129.9
6,7,0,1000,0.3086,-4571.8
6,7,1,1000,0.3559,-2206.57
6,7,2,1000,0.4135,675.07
6,7,3,1000,0.4646,3232.44
6,7,4,1000,0.5109,5545.22
6,7,5,1000,0.5645,8223.83
6,7,6,1000,0.6359,11794.06
6,7,7,1000,0.7055,15277.4
6,7,8,1000,0.7535,17676.44
6,7,9,1000,0.7896,19482.38
6,7,10,1000,0.8339,21697.12
6,7,11,1000,0.8657,23284.99
6,7,12,1000,0.8542,22707.99
6,7,13,1000,0.8227,21137.1
6,7,14,1000,0.7947,19734.02
6,7,15,1000,0.7793,18964.02
6,7,16,1000,0.7398,16990.56
6,7,17,1000,0.6942,14712.13
6,7,18,1000,0.6344,11722.22
6,7,19,1000,0.5661,8303.73
6,7,20,1000,0.5339,6693.81
6,7,21,1000,0.5067,5335.56
6,7,22,1000,0.4359,1794.57
6,7,23,1000,0.3601,-1993.64
6,7,24,1000,0.3069,-4655.28
6,8,0,1000,0.3321,-3393.43
6,8,1,1000,0.3958,-208.62
6,8,2,1000,0.4741,3704.2
6,8,3,1000,0.5257,6286.37
6,8,4,1000,0.5639,8196.65
6,8,5,1000,0.6146,10728.8
6,8,6,1000,0.6945,14724.61
6,8,7,1000,0.7756,18781.35
6,8,8,1000,0.8492,22461.52
6,8,9,1000,0.8842,24209.34
6,8,10,1000,0.8989,24946.59
6,8,11,1000,0.8941,24703.67
6,8,12,1000,0.9427,27134.84
6,8,13,1000,0.9859,29294.26
6,8,14,1000,0.9464,27320.73
6,8,15,1000,0.8569,22847.49
6,8,16,1000,0.8103,20516.37
6,8,17,1000,0.7178,15890.36
6,8,18,1000,0.6304,11517.87
6,8,19,1000,0.5967,9835.42
6,8,20,1000,0.6043,10215.89
6,8,21,1000,0.5748,8741.83
6,8,22,1000,0.4857,4284.99
6,8,23,1000,0.382,-899.84
6,8,24,1000,0.3043,-4782.8
6,9,0,1000,0.3211,-3943.29
6,9,1,1000,0.3888,-562.16
6,9,2,1000,0.4614,3071.91
6,9,3,1000,0.4968,4839.23
6,9,4,1000,0.5236,6178.8
6,9,5,1000,0.5846,9230.0
6,9,6,1000,0.6785,13926.7
6,9,7,1000,0.7645,18223.99
6,9,8,1000,0.8605,23024.45
6,9,9,1000,0.8948,24740.83
6,9,10,1000,0.881,24052.1
6,9,11,1000,0.8442,22209.67
6,9,12,1000,0.946,27297.59
6,9,13,1000,1.0567,32833.18
6,9,14,1000,1.0413,32063.29
6,9,15,1000,0.9238,26187.57
6,9,16,1000,0.8751,23754.35
6,9,17,1000,0.7614,18069.74
6,9,18,1000,0.6733,13665.29
6,9,19,1000,0.6676,13380.01
6,9,20,1000,0.6732,13661.28
6,9,21,1000,0.5938,9689.72
6,9,22,1000,0.4831,4156.74
6,9,23,1000,0.3811,-943.6
6,9,24,1000,0.3241,-3793.73
6,10,0,1000,0.3019,-4906.92
6,10,1,1000,0.3665,-1674.96
6,10,2,1000,0.4363,1814.83
6,10,3,1000,0.467,3349.65
6,10,4,1000,0.4941,4702.89
6,10,5,1000,0.579,8950.48
6,10,6,1000,0.6925,14622.82
6,10,7,1000,0.7804,19021.13
6,10,8,1000,0.8761,23804.8
6,10,9,1000,0.9173,25864.58
6,10,10,1000,0.9125,25624.63
6,10,11,1000,0.8699,23495.67
6,10,12,1000,0.9586,27930.76
6,10,13,1000,1.0675,33374.32
6,10,14,1000,1.0607,33037.16
6,10,15,1000,0.9564,27820.09
6,10,16,1000,0.9094,25472.11
6,10,17,1000,0.8106,20530.18
6,10,18,1000,0.7426,17132.14
6,10,19,1000,0.7364,16821.56
6,10,20,1000,0.7159,15795.65
6,10,21,1000,0.5957,9783.87
6,10,22,1000,0.4734,3671.29
6,10,23,1000,0.3859,-707.08
6,10,24,1000,0.3568,-2157.52
6,11,0,1000,0.2863,-5682.99
6,11,1,1000,0.3461,-2695.44
6,11,2,1000,0.444,2201.41
6,11,3,1000,0.49,4501.55
6,11,4,1000,0.518,5901.64
6,11,5,1000,0.6359,11797.28
6,11,6,1000,0.7749,18745.93
6,11,7,1000,0.8477,22382.69
6,11,8,1000,0.8978,24889.0
6,11,9,1000,0.986,29298.29
6,11,10,1000,1.0879,34395.69
6,11,11,1000,1.1404,37019.59
6,11,12,1000,1.15,37498.28
6,11,13,1000,1.154,37701.27
6,11,14,1000,1.0479,32393.8
6,11,15,1000,0.9472,27357.8
6,11,16,1000,0.9224,26118.12
6,11,17,1000,0.8621,23103.13
6,11,18,1000,0.8257,21285.27
6,11,19,1000,0.8177,20883.79
6,11,20,1000,0.7817,19083.65
6,11,21,1000,0.6355,11774.19
6,11,22,1000,0.4991,4953.63
6,11,23,1000,0.4194,967.89
6,11,24,1000,0.3932,-338.21
6,12,0,1000,0.3279,-3606.64
6,12,1,1000,0.3829,-854.57
6,12,2,1000,0.4869,4347.05
6,12,3,1000,0.5381,6904.1
6,12,4,1000,0.5609,8045.28
6,12,5,1000,0.6677,13385.27
6,12,6,1000,0.7985,19924.35
6,12,7,1000,0.8512,22558.47
6,12,8,1000,0.8606,23028.6
6,12,9,1000,0.9946,29730.82
6,12,10,1000,1.1937,39684.76
6,12,11,1000,1.3316,46582.43
6,12,12,1000,1.261,43052.09
6,12,13,1000,1.1684,38420.64
6,12,14,1000,1.0317,31582.68
6,12,15,1000,1.0018,30090.13
6,12,16,1000,0.9991,29956.98
6,12,17,1000,0.9076,25378.66
6,12,18,1000,0.8218,21089.82
6,12,19,1000,0.8074,20370.66
6,12,20,1000,0.7871,19355.55
6,12,21,1000,0.6564,12821.93
6,12,22,1000,0.5169,5846.39
6,12,23,1000,0.4403,2014.12
6,12,24,1000,0.4074,370.81
6,13,0,1000,0.3678,-1612.04
6,13,1,1000,0.4173,863.86
6,13,2,1000,0.492,4600.46
6,13,3,1000,0.5295,6477.32
6,13,4,1000,0.5483,7416.63
6,13,5,1000,0.6251,11255.44
6,13,6,1000,0.7288,16439.71
6,13,7,1000,0.7741,18707.01
6,13,8,1000,0.7894,19469.75
6,13,9,1000,0.9277,26384.11
6,13,10,1000,1.1186,35930.11
6,13,11,1000,1.2309,41546.4
6,13,12,1000,1.1371,36854.59
6,13,13,1000,1.0481,32403.61
6,13,14,1000,1.0073,30364.12
6,13,15,1000,1.0782,33910.08
6,13,16,1000,1.0785,33926.39
6,13,17,1000,0.9266,26331.05
6,13,18,1000,0.7714,18571.9
6,13,19,1000,0.7502,17512.13
6,13,20,1000,0.7381,16906.57
6,13,21,1000,0.6207,11034.3
6,13,22,1000,0.4902,4510.97
6,13,23,1000,0.4258,1290.98
6,13,24,1000,0.4055,275.74
6,14,0,1000,0.3617,-1914.36
6,14,1,1000,0.3973,-134.3
6,14,2,1000,0.4478,2389.79
6,14,3,1000,0.5133,5665.14
6,14,4,1000,0.581,9051.84
6,14,5,1000,0.645,12247.96
6,14,6,1000,0.6948,14742.0
6,14,7,1000,0.749,17447.63
6,14,8,1000,0.8493,22464.57
6,14,9,1000,0.9758,28790.08
6,14,10,1000,1.0516,32578.11
6,14,11,1000,1.0423,32116.67
6,14,12,1000,0.9874,29370.25
6,14,13,1000,0.9731,28654.8
6,14,14,1000,1.0447,32235.43
6,14,15,1000,1.1395,36976.89
6,14,16,1000,1.1049,35242.61
6,14,17,1000,0.9282,26409.22
6,14,18,1000,0.7599,17993.86
6,14,19,1000,0.7222,16111.6
6,14,20,1000,0.6731,13654.84
6,14,21,1000,0.5696,8478.11
6,14,22,1000,0.4911,4554.51
6,14,23,1000,0.4467,2334.13
6,14,24,1000,0.3889,-555.18
6,15,0,1000,0.3308,-3461.25
6,15,1,1000,0.3521,-2394.14
6,15,2,1000,0.3877,-616.98
6,15,3,1000,0.4884,4422.15
6,15,4,1000,0.6138,10687.89
6,15,5,1000,0.6939,14694.31
6,15,6,1000,0.7096,15477.67
6,15,7,1000,0.7714,18569.87
6,15,8,1000,0.9215,26077.11
6,15,9,1000,1.0006,30032.4
6,15,10,1000,0.9625,28125.68
6,15,11,1000,0.9172,25860.01
6,15,12,1000,0.9889,29443.42
6,15,13,1000,1.0481,32406.16
6,15,14,1000,1.0945,34726.26
6,15,15,1000,1.0661,33304.87
6,15,16,1000,0.9897,29483.46
6,15,17,1000,0.8577,22884.55
6,15,18,1000,0.7561,17807.36
6,15,19,1000,0.712,15602.32
6,15,20,1000,0.6213,11066.62
6,15,21,1000,0.5308,6539.21
6,15,22,1000,0.5063,5314.41
6,15,23,1000,0.4876,4377.76
6,15,24,1000,0.3989,-53.13
6,16,0,1000,0.3349,-3255.96
6,16,1,1000,0.3509,-2457.02
6,16,2,1000,0.3659,-1705.99
6,16,3,1000,0.4552,2758.71
6,16,4,1000,0.5794,8968.08
6,16,5,1000,0.6597,12982.61
6,16,6,1000,0.6723,13614.98
6,16,7,1000,0.7247,16233.7
6,16,8,1000,0.8354,21767.99
6,16,9,1000,0.8713,23566.65
6,16,10,1000,0.8226,21129.97
6,16,11,1000,0.8425,22125.49
6,16,12,1000,0.9888,29437.89
6,16,13,1000,1.054,32698.84
6,16,14,1000,1.0421,32106.34
6,16,15,1000,0.9459,27292.68
6,16,16,1000,0.8674,23371.94
6,16,17,1000,0.7634,18171.23
6,16,18,1000,0.6932,14661.25
6,16,19,1000,0.6572,12861.21
6,16,20,1000,0.574,8698.25
6,16,21,1000,0.4971,4853.92
6,16,22,1000,0.482,4098.28
6,16,23,1000,0.481,4047.85
6,16,24,1000,0.4181,903.12
6,17,0,1000,0.3484,-2581.22
6,17,1,1000,0.3812,-939.97
6,17,2,1000,0.3931,-346.67
6,17,3,1000,0.454,2699.55
6,17,4,1000,0.5456,7277.69
6,17,5,1000,0.6051,10253.39
6,17,6,1000,0.6406,12028.54
6,17,7,1000,0.7114,15570.9
6,17,8,1000,0.7986,19930.57
6,17,9,1000,0.7967,19835.57
6,17,10,1000,0.7474,17367.71
6,17,11,1000,0.7838,19191.63
6,17,12,1000,0.9508,27541.0
6,17,13,1000,1.0267,31334.73
6,17,14,1000,0.992,29599.36
6,17,15,1000,0.8361,21803.81
6,17,16,1000,0.734,16698.53
6,17,17,1000,0.6629,13146.28
6,17,18,1000,0.6512,12557.57
6,17,19,1000,0.6239,11196.65
6,17,20,1000,0.5733,8663.25
6,17,21,1000,0.5184,5917.87
6,17,22,1000,0.4764,3817.65
6,17,23,1000,0.4429,2146.72
6,17,24,1000,0.384,-800.56
6,18,0,1000,0.3195,-4026.37
6,18,1,1000,0.3743,-1286.12
6,18,2,1000,0.4005,26.21
6,18,3,1000,0.4355,1774.16
6,18,4,1000,0.4872,4357.86
6,18,5,1000,0.5277,6387.4
6,18,6,1000,0.5951,9757.29
6,18,7,1000,0.6957,14782.68
6,18,8,1000,0.8013,20063.77
6,18,9,1000,0.7937,19686.86
6,18,10,1000,0.7399,16996.68
6,18,11,1000,0.7132,15661.43
6,18,12,1000,0.8268,21342.13
6,18,13,1000,0.9162,25808.97
6,18,14,1000,0.9406,27032.37
6,18,15,1000,0.8043,20215.0
6,18,16,1000,0.6771,13852.8
6,18,17,1000,0.6094,10468.27
6,18,18,1000,0.6262,11311.81
6,18,19,1000,0.6009,10043.5
6,18,20,1000,0.5723,8617.0
6,18,21,1000,0.5203,6016.85
6,18,22,1000,0.4426,2129.27
6,18,23,1000,0.3702,-1491.99
6,18,24,1000,0.3152,-4237.89
6,19,0,1000,0.2731,-6347.26
6,19,1,1000,0.3241,-3796.31
6,19,2,1000,0.3465,-2675.4
6,19,3,1000,0.3701,-1493.75
6,19,4,1000,0.4094,469.6
6,19,5,1000,0.4509,2544.69
6,19,6,1000,0.5213,6063.68
6,19,7,1000,0.6159,10797.08
6,19,8,1000,0.7214,16069.12
6,19,9,1000,0.7181,15905.71
6,19,10,1000,0.6653,13262.6
6,19,11,1000,0.6188,10941.97
6,19,12,1000,0.7025,15124.65
6,19,13,1000,0.7871,19356.39
6,19,14,1000,0.8537,22684.46
6,19,15,1000,0.7708,18540.49
6,19,16,1000,0.654,12701.26
6,19,17,1000,0.5709,8543.2
6,19,18,1000,0.5649,8243.92
6,19,19,1000,0.5403,7014.48
6,19,20,1000,0.5085,5425.67
6,19,21,1000,0.4459,2294.0
6,19,22,1000,0.3693,-1534.08
6,19,23,1000,0.3151,-4244.39
6,19,24,1000,0.2954,-5228.63
6,20,0,1000,0.255,-7250.83
6,20,1,1000,0.2888,-5559.79
6,20,2,1000,0.2849,-5756.3
6,20,3,1000,0.2929,-5352.85
6,20,4,1000,0.3272,-3638.03
6,20,5,1000,0.3768,-1159.7
6,20,6,1000,0.44,1999.72
6,20,7,1000,0.5067,5337.28
6,20,8,1000,0.5816,9080.48
6,20,9,1000,0.6027,10132.95
6,20,10,1000,0.5963,9814.22
6,20,11,1000,0.5907,9533.13
6,20,12,1000,0.6306,11529.47
6,20,13,1000,0.6688,13439.15
6,20,14,1000,0.7466,17328.03
6,20,15,1000,0.7338,16691.03
6,20,16,1000,0.6417,12085.93
6,20,17,1000,0.5466,7328.19
6,20,18,1000,0.5206,6031.29
6,20,19,1000,0.5049,5244.79
6,20,20,1000,0.4528,2637.61
6,20,21,1000,0.3587,-2066.08
6,20,22,1000,0.2959,-5202.61
6,20,23,1000,0.2735,-6325.34
6,20,24,1000,0.2901,-5494.99
6,21,0,1000,0.25,-7498.34
6,21,1,1000,0.2722,-6388.78
6,21,2,1000,0.2676,-6620.68
6,21,3,1000,0.2789,-6055.78
6,21,4,1000,0.3124,-4378.39
6,21,5,1000,0.3604,-1980.13
6,21,6,1000,0.4083,413.03
6,21,7,1000,0.4422,2108.92
6,21,8,1000,0.4643,3213.7
6,21,9,1000,0.5098,5488.3
6,21,10,1000,0.5696,8481.74
6,21,11,1000,0.619,10947.74
6,21,12,1000,0.5995,9974.88
6,21,13,1000,0.5718,8587.94
6,21,14,1000,0.6115,10572.81
6,21,15,1000,0.6331,11656.65
6,21,16,1000,0.5671,8353.66
6,21,17,1000,0.482,4101.55
6,21,18,1000,0.4652,3259.05
6,21,19,1000,0.4677,3384.83
6,21,20,1000,0.4216,1080.54
6,21,21,1000,0.3342,-3288.22
6,21,22,1000,0.2926,-5368.84
6,21,23,1000,0.2688,-6561.42
6,21,24,1000,0.2615,-6923.16
6,22,0,1000,0.2148,-9261.73
6,22,1,1000,0.2399,-8007.49
6,22,2,1000,0.2653,-6732.53
6,22,3,1000,0.2938,-5308.55
6,22,4,1000,0.3255,-3722.64
6,22,5,1000,0.3625,-1877.37
6,22,6,1000,0.399,-50.48
6,22,7,1000,0.4226,1129.11
6,22,8,1000,0.4219,1093.54
6,22,9,1000,0.4597,2986.7
6,22,10,1000,0.5254,6269.99
6,22,11,1000,0.5715,8576.99
6,22,12,1000,0.5338,6691.84
6,22,13,1000,0.4938,4691.54
6,22,14,1000,0.5036,5181.68
6,22,15,1000,0.5108,5538.88
6,22,16,1000,0.4565,2825.09
6,22,17,1000,0.3871,-645.06
6,22,18,1000,0.3804,-978.87
6,22,19,1000,0.391,-449.05
6,22,20,1000,0.3766,-1169.47
6,22,21,1000,0.3355,-3223.91
6,22,22,1000,0.3077,-4614.46
6,22,23,1000,0.2665,-6673.17
6,22,24,1000,0.2219,-8906.13
6,23,0,1000,0.1752,-11240.73
6,23,1,1000,0.2069,-9653.0
6,23,2,1000,0.2482,-7592.39
6,23,3,1000,0.2778,-6110.99
6,23,4,1000,0.3039,-4807.39
6,23,5,1000,0.3401,-2993.33
6,23,6,1000,0.3747,-1263.07
6,23,7,1000,0.3945,-275.23
6,23,8,1000,0.3991,-42.81
6,23,9,1000,0.4345,1722.77
6,23,10,1000,0.4857,4283.21
6,23,11,1000,0.5132,5659.17
6,23,12,1000,0.4827,4137.15
6,23,13,1000,0.4558,2791.44
6,23,14,1000,0.4348,1738.15
6,23,15,1000,0.4099,496.49
6,23,16,1000,0.3716,-1420.26
6,23,17,1000,0.318,-4097.74
6,23,18,1000,0.3068,-4662.5
6,23,19,1000,0.3166,-4171.86
6,23,20,1000,0.3248,-3760.53
6,23,21,1000,0.3223,-3886.16
6,23,22,1000,0.3072,-4641.53
6,23,23,1000,0.2637,-6817.39
6,23,24,1000,0.2014,-9932.28
6,24,0,1000,0.1645,-11773.26
6,24,1,1000,0.2016,-9922.1
6,24,2,1000,0.2274,-8627.53
6,24,3,1000,0.2358,-8211.8
6,24,4,1000,0.2515,-7424.62
6,24,5,1000,0.2872,-5637.89
6,24,6,1000,0.3193,-4034.49
6,24,7,1000,0.3335,-3324.86
6,24,8,1000,0.3528,-2358.2
6,24,9,1000,0.3915,-424.76
6,24,10,1000,0.425,1248.4
6,24,11,1000,0.438,1897.66
6,24,12,1000,0.4295,1474.51
6,24,13,1000,0.4259,1295.14
6,24,14,1000,0.3925,-373.37
6,24,15,1000,0.3553,-2235.52
6,24,16,1000,0.3415,-2925.11
6,24,17,1000,0.3061,-4692.92
6,24,18,1000,0.2822,-5889.95
6,24,19,1000,0.2849,-5753.83
6,24,20,1000,0.2832,-5841.81
6,24,21,1000,0.2755,-6227.03
6,24,22,1000,0.269,-6548.4
6,24,23,1000,0.2476,-7618.63
6,24,24,1000,0.2009,-9953.96
7,0,0,1000,0.1678,-11608.01
7,0,1,1000,0.1807,-10965.56
7,0,2,1000,0.2027,-9866.99
7,0,3,1000,0.2452,-7739.82
7,0,4,1000,0.2797,-6015.12
7,0,5,1000,0.2722,-6392.47
7,0,6,1000,0.2773,-6133.14
7,0,7,1000,0.3136,-4321.85
7,0,8,1000,0.3335,-3323.76
7,0,9,1000,0.3446,-2767.61
7,0,10,1000,0.3629,-1856.11
7,0,11,1000,0.3545,-2274.89
7,0,12,1000,0.3368,-3159.05
7,0,13,1000,0.3362,-3190.34
7,0,14,1000,0.3331,-3344.1
7,0,15,1000,0.3328,-3359.95
7,0,16,1000,0.3316,-3420.62
7,0,17,1000,0.3409,-2954.56
7,0,18,1000,0.3247,-3764.87
7,0,19,1000,0.2853,-5737.34
7,0,20,1000,0.2621,-6893.21
7,0,21,1000,0.2458,-7710.78
7,0,22,1000,0.2099,-9502.61
7,0,23,1000,0.179,-11049.83
7,0,24,1000,0.1787,-11064.12
7,1,0,1000,0.187,-10651.82
7,1,1,1000,0.2081,-9595.59
7,1,2,1000,0.2359,-8206.59
7,1,3,1000,0.2763,-6187.02
7,1,4,1000,0.306,-4698.7
7,1,5,1000,0.292,-5398.71
7,1,6,1000,0.2985,-5075.6
7,1,7,1000,0.338,-3100.5
7,1,8,1000,0.3607,-1964.27
7,1,9,1000,0.3773,-1136.29
7,1,10,1000,0.4023,115.72
7,1,11,1000,0.399,-48.18
7,1,12,1000,0.3783,-1082.66
7,1,13,1000,0.374,-1301.98
7,1,14,1000,0.3735,-1326.69
7,1,15,1000,0.3845,-776.17
7,1,16,1000,0.388,-601.71
7,1,17,1000,0.3967,-162.66
7,1,18,1000,0.376,-1201.25
7,1,19,1000,0.3339,-3304.56
7,1,20,1000,0.2979,-5105.31
7,1,21,1000,0.2614,-6929.85
7,1,22,1000,0.2202,-8991.05
7,1,23,1000,0.1877,-10616.44
7,1,24,1000,0.1855,-10723.47
7,2,0,1000,0.1961,-10193.05
7,2,1,1000,0.2399,-8004.06
7,2,2,1000,0.2824,-5882.27
7,2,3,1000,0.3022,-4888.78
7,2,4,1000,0.3141,-4296.63
7,2,5,1000,0.3297,-3515.59
7,2,6,1000,0.3731,-1345.24
7,2,7,1000,0.4147,735.86
7,2,8,1000,0.4343,1715.48
7,2,9,1000,0.4613,3066.08
7,2,10,1000,0.502,5099.2
7,2,11,1000,0.4954,4770.09
7,2,12,1000,0.4478,2389.19
7,2,13,1000,0.4261,1302.69
7,2,14,1000,0.4015,75.42
7,2,15,1000,0.4163,816.8
7,2,16,1000,0.4356,1778.22
7,2,17,1000,0.4482,2410.71
7,2,18,1000,0.4281,1402.65
7,2,19,1000,0.3954,-229.9
7,2,20,1000,0.3528,-2362.27
7,2,21,1000,0.2964,-5179.67
7,2,22,1000,0.2547,-7265.61
7,2,23,1000,0.2179,-9103.65
7,2,24,1000,0.1983,-10085.33
7,3,0,1000,0.2061,-9694.95
7,3,1,1000,0.2651,-6746.63
7,3,2,1000,0.3202,-3991.16
7,3,3,1000,0.3313,-3432.59
7,3,4,1000,0.3347,-3263.26
7,3,5,1000,0.3701,-1496.38
7,3,6,1000,0.4391,1956.02
7,3,7,1000,0.4853,4265.35
7,3,8,1000,0.502,5100.55
7,3,9,1000,0.5352,6758.86
7,3,10,1000,0.5914,9568.23
7,3,11,1000,0.6075,10372.89
7,3,12,1000,0.5634,8170.37
7,3,13,1000,0.5309,6545.56
7,3,14,1000,0.4821,4103.56
7,3,15,1000,0.4907,4535.51
7,3,16,1000,0.5173,5864.3
7,3,17,1000,0.5202,6007.72
7,3,18,1000,0.4834,4169.05
7,3,19,1000,0.451,2547.88
7,3,20,1000,0.4149,747.32
7,3,21,1000,0.3641,-1792.73
7,3,22,1000,0.321,-3949.97
7,3,23,1000,0.275,-6247.96
7,3,24,1000,0.2395,-8023.26
7,4,0,1000,0.2191,-9047.32
7,4,1,1000,0.2794,-6031.01
7,4,2,1000,0.3383,-3083.44
7,4,3,1000,0.355,-2251.81
7,4,4,1000,0.3609,-1956.3
7,4,5,1000,0.3899,-507.5
7,4,6,1000,0.4559,2794.36
7,4,7,1000,0.5064,5319.62
7,4,8,1000,0.5293,6466.23
7,4,9,1000,0.5673,8366.55
7,4,10,1000,0.6319,11595.45
7,4,11,1000,0.6943,14716.05
7,4,12,1000,0.6891,14453.64
7,4,13,1000,0.656,12798.09
7,4,14,1000,0.6035,10175.07
7,4,15,1000,0.6079,10392.97
7,4,16,1000,0.6255,11274.02
7,4,17,1000,0.6068,10339.18
7,4,18,1000,0.5451,7257.01
7,4,19,1000,0.5014,5068.04
7,4,20,1000,0.4696,3481.74
7,4,21,1000,0.4297,1486.7
7,4,22,1000,0.3809,-955.27
7,4,23,1000,0.3283,-3582.89
7,4,24,1000,0.2902,-5490.14
7,5,0,1000,0.2335,-8326.01
7,5,1,1000,0.2794,-6029.71
7,5,2,1000,0.3327,-3364.33
7,5,3,1000,0.366,-1700.16
7,5,4,1000,0.3872,-638.94
7,5,5,1000,0.4066,330.06
7,5,6,1000,0.4523,2616.18
7,5,7,1000,0.5047,5234.74
7,5,8,1000,0.5578,7890.93
7,5,9,1000,0.6096,10481.66
7,5,10,1000,0.6648,13239.78
7,5,11,1000,0.7557,17784.66
7,5,12,1000,0.7885,19423.29
7,5,13,1000,0.7579,17893.33
7,5,14,1000,0.7243,16216.3
7,5,15,1000,0.7198,15988.73
7,5,16,1000,0.6998,14991.21
7,5,17,1000,0.6581,12903.24
7,5,18,1000,0.5921,9603.88
7,5,19,1000,0.5325,6625.63
7,5,20,1000,0.4969,4846.32
7,5,21,1000,0.4649,3243.22
7,5,22,1000,0.408,401.25
7,5,23,1000,0.3578,-2112.32
7,5,24,1000,0.331,-3447.66
7,6,0,1000,0.2627,-6862.79
7,6,1,1000,0.3048,-4760.08
7,6,2,1000,0.3664,-1680.62
7,6,3,1000,0.4202,1010.92
7,6,4,1000,0.4588,2939.08
7,6,5,1000,0.4817,4084.31
7,6,6,1000,0.5233,6165.81
7,6,7,1000,0.5848,9242.49
7,6,8,1000,0.6648,13241.92
7,6,9,1000,0.732,16601.3
7,6,10,1000,0.7822,19108.36
7,6,11,1000,0.8577,22884.3
7,6,12,1000,0.8812,24061.69
7,6,13,1000,0.8476,22381.47
7,6,14,1000,0.8179,20893.24
7,6,15,1000,0.7971,19853.82
7,6,16,1000,0.748,17399.65
7,6,17,1000,0.6908,14541.67
7,6,18,1000,0.6231,11154.03
7,6,19,1000,0.5515,7573.71
7,6,20,1000,0.5168,5838.8
7,6,21,1000,0.4958,4790.43
7,6,22,1000,0.433,1650.92
7,6,23,1000,0.3777,-1115.57
7,6,24,1000,0.3485,-2573.01
7,7,0,1000,0.3023,-4884.99
7,7,1,1000,0.3554,-2227.58
7,7,2,1000,0.4366,1832.13
7,7,3,1000,0.5046,5231.77
7,7,4,1000,0.5521,7605.7
7,7,5,1000,0.5836,9182.23
7,7,6,1000,0.6386,11928.84
7,7,7,1000,0.7157,15782.91
7,7,8,1000,0.8089,20447.4
7,7,9,1000,0.8846,24231.23
7,7,10,1000,0.939,26949.56
7,7,11,1000,0.9988,29938.63
7,7,12,1000,1.0166,30828.44
7,7,13,1000,0.9895,29475.9
7,7,14,1000,0.9415,27073.3
7,7,15,1000,0.8916,24582.3
7,7,16,1000,0.8322,21609.79
7,7,17,1000,0.7496,17480.47
7,7,18,1000,0.6568,12841.9
7,7,19,1000,0.5821,9106.67
7,7,20,1000,0.5632,8159.13
7,7,21,1000,0.5576,7881.04
7,7,22,1000,0.4878,4390.27
7,7,23,1000,0.4134,668.95
7,7,24,1000,0.3623,-1886.96
7,8,0,1000,0.3574,-2129.7
7,8,1,1000,0.4255,1274.99
7,8,2,1000,0.5136,5681.08
7,8,3,1000,0.5753,8765.01
7,8,4,1000,0.6193,10966.3
7,8,5,1000,0.6685,13423.57
7,8,6,1000,0.752,17598.86
7,8,7,1000,0.8491,22454.37
7,8,8,1000,0.9651,28256.19
7,8,9,1000,1.0364,31821.1
7,8,10,1000,1.064,33201.28
7,8,11,1000,1.0713,33563.14
7,8,12,1000,1.1363,36814.62
7,8,13,1000,1.187,39347.92
7,8,14,1000,1.1354,36772.11
7,8,15,1000,1.0225,31125.73
7,8,16,1000,0.9598,27991.94
7,8,17,1000,0.8313,21566.99
7,8,18,1000,0.7089,15443.64
7,8,19,1000,0.6652,13257.93
7,8,20,1000,0.6662,13307.9
7,8,21,1000,0.6292,11460.58
7,8,22,1000,0.534,6699.67
7,8,23,1000,0.4307,1535.28
7,8,24,1000,0.3548,-2260.98
7,9,0,1000,0.3703,-1484.04
7,9,1,1000,0.4413,2066.43
7,9,2,1000,0.5135,5675.09
7,9,3,1000,0.5534,7669.45
7,9,4,1000,0.5895,9475.61
7,9,5,1000,0.6669,13344.86
7,9,6,1000,0.7821,19105.4
7,9,7,1000,0.8918,24590.47
7,9,8,1000,1.0299,31496.25
7,9,9,1000,1.0996,34977.87
7,9,10,1000,1.1014,35070.25
7,9,11,1000,1.0641,33206.04
7,9,12,1000,1.1738,38691.49
7,9,13,1000,1.2959,44796.53
7,9,14,1000,1.2696,43478.8
7,9,15,1000,1.1305,36527.48
7,9,16,1000,1.0682,33411.5
7,9,17,1000,0.9237,26184.72
7,9,18,1000,0.8041,20207.33
7,9,19,1000,0.7851,19256.3
7,9,20,1000,0.7667,18337.39
7,9,21,1000,0.6556,12780.84
7,9,22,1000,0.5328,6638.58
7,9,23,1000,0.428,1401.58
7,9,24,1000,0.3682,-1587.97
7,10,0,1000,0.3507,-2467.17
7,10,1,1000,0.4179,894.43
7,10,2,1000,0.4849,4245.9
7,10,3,1000,0.5189,5945.26
7,10,4,1000,0.5557,7783.84
7,10,5,1000,0.6604,13018.62
7,10,6,1000,0.7987,19935.12
7,10,7,1000,0.9137,25687.22
7,10,8,1000,1.0607,33032.72
7,10,9,1000,1.1453,37263.88
7,10,10,1000,1.1592,37961.9
7,10,11,1000,1.115,35750.98
7,10,12,1000,1.2114,40571.33
7,10,13,1000,1.3329,46643.47
7,10,14,1000,1.3069,45342.98
7,10,15,1000,1.1704,38518.63
7,10,16,1000,1.1071,35352.56
7,10,17,1000,0.9805,29026.59
7,10,18,1000,0.8852,24260.22
7,10,19,1000,0.864,23199.96
7,10,20,1000,0.817,20848.99
7,10,21,1000,0.6633,13163.26
7,10,22,1000,0.5276,6381.34
7,10,23,1000,0.4347,1735.96
7,10,24,1000,0.3993,-37.13
7,11,0,1000,0.3023,-4887.14
7,11,1,1000,0.3605,-1973.62
7,11,2,1000,0.4566,2829.73
7,11,3,1000,0.5069,5345.82
7,11,4,1000,0.5417,7083.6
7,11,5,1000,0.6714,13571.79
7,11,6,1000,0.8288,21440.49
7,11,7,1000,0.9287,26437.15
7,11,8,1000,1.0418,32088.94
7,11,9,1000,1.1827,39133.08
7,11,10,1000,1.3037,45186.15
7,11,11,1000,1.3384,46922.24
7,11,12,1000,1.3363,46815.94
7,11,13,1000,1.3491,47454.44
7,11,14,1000,1.2176,40879.8
7,11,15,1000,1.08,33999.25
7,11,16,1000,1.0409,32044.05
7,11,17,1000,0.9684,28420.47
7,11,18,1000,0.9194,25972.35
7,11,19,1000,0.8976,24879.39
7,11,20,1000,0.8542,22710.13
7,11,21,1000,0.7044,15220.91
7,11,22,1000,0.5588,7940.82
7,11,23,1000,0.4654,3270.16
7,11,24,1000,0.4234,1168.93
7,12,0,1000,0.3114,-4427.77
7,12,1,1000,0.3613,-1935.65
7,12,2,1000,0.4646,3228.12
7,12,3,1000,0.521,6047.77
7,12,4,1000,0.5481,7406.4
7,12,5,1000,0.6612,13058.45
7,12,6,1000,0.8048,20238.73
7,12,7,1000,0.8821,24102.68
7,12,8,1000,0.9532,27660.52
7,12,9,1000,1.1381,36907.24
7,12,10,1000,1.3548,47741.0
7,12,11,1000,1.4646,53231.08
7,12,12,1000,1.3674,48367.72
7,12,13,1000,1.2795,43973.0
7,12,14,1000,1.1223,36113.84
7,12,15,1000,1.0629,33142.62
7,12,16,1000,1.0484,32420.51
7,12,17,1000,0.9499,27495.76
7,12,18,1000,0.8558,22787.85
7,12,19,1000,0.8296,21480.64
7,12,20,1000,0.8259,21293.52
7,12,21,1000,0.7262,16310.85
7,12,22,1000,0.5828,9138.88
7,12,23,1000,0.485,4251.5
7,12,24,1000,0.4282,1411.7
7,13,0,1000,0.3487,-2564.66
7,13,1,1000,0.393,-348.79
7,13,2,1000,0.4667,3337.5
7,13,3,1000,0.5091,5455.73
7,13,4,1000,0.5329,6645.68
7,13,5,1000,0.6196,10980.44
7,13,6,1000,0.7383,16912.88
7,13,7,1000,0.8067,20337.39
7,13,8,1000,0.8755,23776.31
7,13,9,1000,1.0571,32853.9
7,13,10,1000,1.2639,43196.94
7,13,11,1000,1.3521,47604.13
7,13,12,1000,1.2352,41762.32
7,13,13,1000,1.151,37547.7
7,13,14,1000,1.0962,34809.06
7,13,15,1000,1.1437,37185.83
7,13,16,1000,1.1315,36575.99
7,13,17,1000,0.9673,28364.61
7,13,18,1000,0.7987,19934.25
7,13,19,1000,0.7658,18290.38
7,13,20,1000,0.774,18701.05
7,13,21,1000,0.6924,14621.42
7,13,22,1000,0.5587,7933.35
7,13,23,1000,0.4726,3628.34
7,13,24,1000,0.4279,1397.31
7,14,0,1000,0.3509,-2453.75
7,14,1,1000,0.3903,-483.06
7,14,2,1000,0.4588,2938.39
7,14,3,1000,0.5415,7074.04
7,14,4,1000,0.6191,10955.76
7,14,5,1000,0.6872,14361.59
7,14,6,1000,0.7476,17379.97
7,14,7,1000,0.8259,21297.5
7,14,8,1000,0.9685,28423.22
7,14,9,1000,1.1257,36287.13
7,14,10,1000,1.2127,40632.9
7,14,11,1000,1.1817,39087.42
7,14,12,1000,1.1051,35253.06
7,14,13,1000,1.0885,34424.24
7,14,14,1000,1.1474,37369.31
7,14,15,1000,1.2268,41339.58
7,14,16,1000,1.1804,39020.7
7,14,17,1000,1.0058,30287.87
7,14,18,1000,0.8385,21925.57
7,14,19,1000,0.7852,19260.34
7,14,20,1000,0.7337,16682.78
7,14,21,1000,0.6364,11820.56
7,14,22,1000,0.5477,7385.32
7,14,23,1000,0.4902,4510.76
7,14,24,1000,0.4265,1324.89
7,15,0,1000,0.3278,-3610.52
7,15,1,1000,0.3626,-1868.38
7,15,2,1000,0.4372,1859.36
7,15,3,1000,0.5686,8429.1
7,15,4,1000,0.7076,15377.7
7,15,5,1000,0.7813,19065.66
7,15,6,1000,0.7996,19980.67
7,15,7,1000,0.8864,24319.44
7,15,8,1000,1.0694,33471.49
7,15,9,1000,1.1683,38415.12
7,15,10,1000,1.1363,36816.69
7,15,11,1000,1.0723,33616.68
7,15,12,1000,1.1232,36159.12
7,15,13,1000,1.1715,38574.08
7,15,14,1000,1.1967,39833.79
7,15,15,1000,1.1538,37691.38
7,15,16,1000,1.0696,33479.17
7,15,17,1000,0.9675,28372.63
7,15,18,1000,0.8951,24756.01
7,15,19,1000,0.8327,21633.46
7,15,20,1000,0.711,15551.03
7,15,21,1000,0.589,9451.3
7,15,22,1000,0.5459,7296.05
7,15,23,1000,0.5233,6166.18
7,15,24,1000,0.448,2398.58
7,16,0,1000,0.3304,-3479.03
7,16,1,1000,0.3602,-1992.05
7,16,2,1000,0.4145,722.8
7,16,3,1000,0.5335,6675.83
7,16,4,1000,0.67,13501.52
7,16,5,1000,0.7428,17140.02
7,16,6,1000,0.7566,17831.64
7,16,7,1000,0.8308,21540.45
7,16,8,1000,0.967,28350.35
7,16,9,1000,1.0156,30781.18
7,16,10,1000,0.9701,28504.22
7,16,11,1000,0.976,28799.64
7,16,12,1000,1.1062,35312.0
7,16,13,1000,1.16,38001.48
7,16,14,1000,1.1244,36219.82
7,16,15,1000,1.0129,30647.27
7,16,16,1000,0.93,26501.39
7,16,17,1000,0.8638,23191.75
7,16,18,1000,0.8313,21563.35
7,16,19,1000,0.7795,18974.25
7,16,20,1000,0.6636,13178.34
7,16,21,1000,0.5516,7581.41
7,16,22,1000,0.5178,5891.95
7,16,23,1000,0.5134,5669.3
7,16,24,1000,0.4635,3174.36
7,17,0,1000,0.3389,-3056.34
7,17,1,1000,0.3852,-737.57
7,17,2,1000,0.4389,1946.93
7,17,3,1000,0.5279,6396.51
7,17,4,1000,0.6267,11334.4
7,17,5,1000,0.6749,13743.87
7,17,6,1000,0.7089,15443.61
7,17,7,1000,0.7944,19722.36
7,17,8,1000,0.8887,24433.73
7,17,9,1000,0.8833,24166.65
7,17,10,1000,0.8332,21662.45
7,17,11,1000,0.8739,23694.3
7,17,12,1000,1.0485,32427.34
7,17,13,1000,1.1209,36045.01
7,17,14,1000,1.0747,33734.66
7,17,15,1000,0.91,25497.67
7,17,16,1000,0.8026,20130.27
7,17,17,1000,0.7488,17437.74
7,17,18,1000,0.7527,17632.66
7,17,19,1000,0.7123,15615.64
7,17,20,1000,0.6467,12334.75
7,17,21,1000,0.5802,9011.98
7,17,22,1000,0.5269,6343.05
7,17,23,1000,0.4898,4491.57
7,17,24,1000,0.4372,1860.82
7,18,0,1000,0.3052,-4742.4
7,18,1,1000,0.3742,-1291.38
7,18,2,1000,0.4488,2439.81
7,18,3,1000,0.5123,5614.76
7,18,4,1000,0.5651,8254.92
7,18,5,1000,0.586,9300.81
7,18,6,1000,0.646,12299.46
7,18,7,1000,0.7534,17667.55
7,18,8,1000,0.8471,22353.03
7,18,9,1000,0.8208,21040.24
7,18,10,1000,0.7633,18164.55
7,18,11,1000,0.7607,18034.42
7,18,12,1000,0.9074,25368.03
7,18,13,1000,1.002,30100.64
7,18,14,1000,1.0313,31563.91
7,18,15,1000,0.8958,24788.17
7,18,16,1000,0.7616,18078.32
7,18,17,1000,0.6814,14071.48
7,18,18,1000,0.6818,14088.59
7,18,19,1000,0.6452,12258.15
7,18,20,1000,0.6237,11185.16
7,18,21,1000,0.5906,9531.02
7,18,22,1000,0.5113,5564.31
7,18,23,1000,0.4366,1829.98
7,18,24,1000,0.3821,-895.94
7,19,0,1000,0.2576,-7121.57
7,19,1,1000,0.3225,-3875.54
7,19,2,1000,0.3935,-323.75
7,19,3,1000,0.445,2248.58
7,19,4,1000,0.4834,4167.51
7,19,5,1000,0.5017,5084.71
7,19,6,1000,0.5614,8070.25
7,19,7,1000,0.6598,12991.27
7,19,8,1000,0.7501,17503.62
7,19,9,1000,0.7267,16336.89
7,19,10,1000,0.6699,13496.79
7,19,11,1000,0.6496,12478.8
7,19,12,1000,0.7671,18356.35
7,19,13,1000,0.8572,22857.94
7,19,14,1000,0.9294,26471.5
7,19,15,1000,0.849,22451.16
7,19,16,1000,0.7271,16354.96
7,19,17,1000,0.6302,11507.9
7,19,18,1000,0.606,10300.81
7,19,19,1000,0.5723,8613.33
7,19,20,1000,0.5508,7541.42
7,19,21,1000,0.511,5551.78
7,19,22,1000,0.4353,1767.12
7,19,23,1000,0.3798,-1011.42
7,19,24,1000,0.3596,-2019.11
7,20,0,1000,0.2441,-7793.96
7,20,1,1000,0.2903,-5486.42
7,20,2,1000,0.3312,-3438.99
7,20,3,1000,0.367,-1652.11
7,20,4,1000,0.4011,56.66
7,20,5,1000,0.4233,1165.6
7,20,6,1000,0.4716,3579.16
7,20,7,1000,0.5429,7145.2
7,20,8,1000,0.6135,10677.45
7,20,9,1000,0.626,11298.07
7,20,10,1000,0.6189,10942.76
7,20,11,1000,0.6323,11615.83
7,20,12,1000,0.6937,14682.85
7,20,13,1000,0.733,16648.58
7,20,14,1000,0.8065,20324.25
7,20,15,1000,0.7875,19375.55
7,20,16,1000,0.6905,14523.05
7,20,17,1000,0.5936,9681.3
7,20,18,1000,0.5654,8269.34
7,20,19,1000,0.5432,7161.13
7,20,20,1000,0.4924,4621.05
7,20,21,1000,0.406,298.53
7,20,22,1000,0.3408,-2962.34
7,20,23,1000,0.316,-4199.0
7,20,24,1000,0.3321,-3393.44
7,21,0,1000,0.248,-7599.9
7,21,1,1000,0.2795,-6026.5
7,21,2,1000,0.3112,-4439.72
7,21,3,1000,0.3486,-2568.54
7,21,4,1000,0.384,-801.24
7,21,5,1000,0.401,52.06
7,21,6,1000,0.4302,1508.43
7,21,7,1000,0.4715,3574.93
7,21,8,1000,0.5072,5361.56
7,21,9,1000,0.5606,8032.23
7,21,10,1000,0.6236,11180.49
7,21,11,1000,0.6828,14142.05
7,21,12,1000,0.6703,13513.3
7,21,13,1000,0.6392,11959.1
7,21,14,1000,0.6619,13093.09
7,21,15,1000,0.6645,13227.15
7,21,16,1000,0.5923,9615.5
7,21,17,1000,0.5208,6039.62
7,21,18,1000,0.5223,6113.09
7,21,19,1000,0.5211,6053.08
7,21,20,1000,0.4627,3133.97
7,21,21,1000,0.3597,-2012.97
7,21,22,1000,0.3093,-4534.94
7,21,23,1000,0.2821,-5897.3
7,21,24,1000,0.2762,-6188.05
7,22,0,1000,0.2152,-9239.71
7,22,1,1000,0.2476,-7621.38
7,22,2,1000,0.3028,-4859.17
7,22,3,1000,0.3537,-2314.14
7,22,4,1000,0.3869,-654.98
7,22,5,1000,0.3941,-293.86
7,22,6,1000,0.4122,610.44
7,22,7,1000,0.4429,2143.54
7,22,8,1000,0.4588,2941.94
7,22,9,1000,0.5073,5367.19
7,22,10,1000,0.576,8802.24
7,22,11,1000,0.6307,11533.3
7,22,12,1000,0.5983,9913.56
7,22,13,1000,0.5548,7740.14
7,22,14,1000,0.5463,7316.29
7,22,15,1000,0.5333,6666.0
7,22,16,1000,0.4736,3682.07
7,22,17,1000,0.421,1048.23
7,22,18,1000,0.4365,1826.32
7,22,19,1000,0.4446,2232.2
7,22,20,1000,0.4157,783.8
7,22,21,1000,0.3544,-2280.33
7,22,22,1000,0.3168,-4158.8
7,22,23,1000,0.2732,-6340.28
7,22,24,1000,0.2321,-8394.43
7,23,0,1000,0.1755,-11225.75
7,23,1,1000,0.2107,-9463.07
7,23,2,1000,0.2694,-6527.72
7,23,3,1000,0.3133,-4333.58
7,23,4,1000,0.3413,-2933.19
7,23,5,1000,0.3618,-1908.1
7,23,6,1000,0.3874,-628.8
7,23,7,1000,0.413,652.48
7,23,8,1000,0.428,1401.12
7,23,9,1000,0.4679,3393.66
7,23,10,1000,0.5195,5975.41
7,23,11,1000,0.5512,7562.5
7,23,12,1000,0.5246,6229.32
7,23,13,1000,0.4963,4812.97
7,23,14,1000,0.4694,3468.7
7,23,15,1000,0.4373,1863.34
7,23,16,1000,0.3955,-226.13
7,23,17,1000,0.3556,-2218.72
7,23,18,1000,0.3626,-1870.36
7,23,19,1000,0.37,-1498.39
7,23,20,1000,0.3618,-1907.58
7,23,21,1000,0.3361,-3196.65
7,23,22,1000,0.3117,-4415.08
7,23,23,1000,0.2695,-6526.96
7,23,24,1000,0.2166,-9168.65
7,24,0,1000,0.1628,-11862.16
7,24,1,1000,0.198,-10098.14
7,24,2,1000,0.2255,-8723.62
7,24,3,1000,0.2378,-8108.38
7,24,4,1000,0.2581,-7094.97
7,24,5,1000,0.3036,-4821.49
7,24,6,1000,0.3441,-2795.99
7,24,7,1000,0.363,-1851.62
7,24,8,1000,0.3796,-1022.12
7,24,9,1000,0.4106,529.89
7,24,10,1000,0.4406,2027.86
7,24,11,1000,0.4492,2457.79
7,24,12,1000,0.4398,1988.76
7,24,13,1000,0.4374,1870.53
7,24,14,1000,0.4176,880.21
7,24,15,1000,0.3929,-355.66
7,24,16,1000,0.3778,-1110.11
7,24,17,1000,0.3509,-2456.94
7,24,18,1000,0.3388,-3057.75
7,24,19,1000,0.3389,-3054.56
7,24,20,1000,0.3179,-4106.05
7,24,21,1000,0.2826,-5871.41
7,24,22,1000,0.2675,-6623.77
7,24,23,1000,0.252,-7399.44
7,24,24,1000,0.2222,-8890.04
8,0,0,1000,0.1687,-11563.12
8,0,1,1000,0.1894,-10530.47
8,0,2,1000,0.2299,-8505.95
8,0,3,1000,0.2679,-6606.31
8,0,4,1000,0.2918,-5408.36
8,0,5,1000,0.2991,-5042.61
8,0,6,1000,0.3111,-4444.2
8,0,7,1000,0.3371,-3146.36
8,0,8,1000,0.3678,-1609.5
8,0,9,1000,0.3818,-912.26
8,0,10,1000,0.3824,-880.89
8,0,11,1000,0.3651,-1743.49
8,0,12,1000,0.3405,-2972.58
8,0,13,1000,0.3235,-3824.62
8,0,14,1000,0.3256,-3721.43
8,0,15,1000,0.3626,-1868.01
8,0,16,1000,0.3792,-1038.98
8,0,17,1000,0.3811,-946.0
8,0,18,1000,0.3447,-2766.66
8,0,19,1000,0.3051,-4745.18
8,0,20,1000,0.2729,-6354.94
8,0,21,1000,0.2536,-7321.74
8,0,22,1000,0.2343,-8287.18
8,0,23,1000,0.2202,-8989.6
8,0,24,1000,0.2091,-9543.6
8,1,0,1000,0.182,-10902.15
8,1,1,1000,0.2066,-9667.75
8,1,2,1000,0.2502,-7489.1
8,1,3,1000,0.2894,-5530.03
8,1,4,1000,0.3152,-4238.19
8,1,5,1000,0.3299,-3506.56
8,1,6,1000,0.3532,-2340.69
8,1,7,1000,0.3873,-632.78
8,1,8,1000,0.4234,1170.0
8,1,9,1000,0.446,2298.45
8,1,10,1000,0.4588,2941.58
8,1,11,1000,0.4524,2617.86
8,1,12,1000,0.427,1352.28
8,1,13,1000,0.4061,306.0
8,1,14,1000,0.3983,-84.66
8,1,15,1000,0.4296,1481.27
8,1,16,1000,0.4455,2276.78
8,1,17,1000,0.4444,2219.79
8,1,18,1000,0.4069,347.42
8,1,19,1000,0.3679,-1606.95
8,1,20,1000,0.3224,-3879.31
8,1,21,1000,0.2754,-6228.79
8,1,22,1000,0.2448,-7759.54
8,1,23,1000,0.2294,-8532.06
8,1,24,1000,0.2223,-8884.15
8,2,0,1000,0.1851,-10745.91
8,2,1,1000,0.2222,-8892.31
8,2,2,1000,0.2829,-5856.29
8,2,3,1000,0.325,-3749.79
8,2,4,1000,0.349,-2550.5
8,2,5,1000,0.3783,-1084.06
8,2,6,1000,0.4315,1576.77
8,2,7,1000,0.4797,3986.32
8,2,8,1000,0.4916,4579.38
8,2,9,1000,0.5133,5663.83
8,2,10,1000,0.5622,8110.07
8,2,11,1000,0.5717,8585.95
8,2,12,1000,0.5275,6376.73
8,2,13,1000,0.4995,4974.49
8,2,14,1000,0.4825,4123.27
8,2,15,1000,0.509,5448.36
8,2,16,1000,0.5216,6080.11
8,2,17,1000,0.4945,4724.59
8,2,18,1000,0.4477,2386.75
8,2,19,1000,0.4275,1374.08
8,2,20,1000,0.3938,-312.48
8,2,21,1000,0.3248,-3761.93
8,2,22,1000,0.2737,-6314.82
8,2,23,1000,0.2431,-7847.01
8,2,24,1000,0.2285,-8576.56
8,3,0,1000,0.2062,-9689.58
8,3,1,1000,0.2521,-7396.1
8,3,2,1000,0.3219,-3905.75
8,3,3,1000,0.3668,-1659.02
8,3,4,1000,0.3912,-441.08
8,3,5,1000,0.4259,1293.46
8,3,6,1000,0.4968,4841.38
8,3,7,1000,0.5567,7833.65
8,3,8,1000,0.5525,7625.32
8,3,9,1000,0.5731,8652.96
8,3,10,1000,0.6486,12431.9
8,3,11,1000,0.6797,13986.33
8,3,12,1000,0.6312,11560.22
8,3,13,1000,0.5967,9833.63
8,3,14,1000,0.561,8049.32
8,3,15,1000,0.5736,8681.6
8,3,16,1000,0.5835,9175.11
8,3,17,1000,0.5406,7031.16
8,3,18,1000,0.4873,4364.35
8,3,19,1000,0.4769,3844.44
8,3,20,1000,0.4609,3047.45
8,3,21,1000,0.3953,-236.57
8,3,22,1000,0.3313,-3433.66
8,3,23,1000,0.2876,-5619.0
8,3,24,1000,0.266,-6698.79
8,4,0,1000,0.2324,-8380.41
8,4,1,1000,0.2808,-5959.02
8,4,2,1000,0.3535,-2325.04
8,4,3,1000,0.4038,189.27
8,4,4,1000,0.4314,1571.84
8,4,5,1000,0.4568,2838.46
8,4,6,1000,0.5203,6016.92
8,4,7,1000,0.5837,9184.17
8,4,8,1000,0.5932,9658.83
8,4,9,1000,0.6254,11267.54
8,4,10,1000,0.7061,15306.17
8,4,11,1000,0.7607,18033.3
8,4,12,1000,0.7352,16759.54
8,4,13,1000,0.7025,15124.3
8,4,14,1000,0.6528,12640.03
8,4,15,1000,0.6421,12106.69
8,4,16,1000,0.6389,11947.17
8,4,17,1000,0.5905,9524.72
8,4,18,1000,0.5383,6916.67
8,4,19,1000,0.523,6151.58
8,4,20,1000,0.5127,5634.18
8,4,21,1000,0.4613,3066.44
8,4,22,1000,0.3955,-222.68
8,4,23,1000,0.3471,-2645.93
8,4,24,1000,0.3194,-4029.24
8,5,0,1000,0.2441,-7794.21
8,5,1,1000,0.2901,-5493.31
8,5,2,1000,0.3756,-1217.79
8,5,3,1000,0.4435,2176.07
8,5,4,1000,0.479,3952.35
8,5,5,1000,0.4783,3916.73
8,5,6,1000,0.4967,4837.37
8,5,7,1000,0.5461,7304.35
8,5,8,1000,0.6185,10925.22
8,5,9,1000,0.6923,14617.38
8,5,10,1000,0.7435,17173.65
8,5,11,1000,0.7912,19559.64
8,5,12,1000,0.8089,20442.72
8,5,13,1000,0.8039,20192.53
8,5,14,1000,0.8006,20030.14
8,5,15,1000,0.7741,18703.13
8,5,16,1000,0.717,15850.02
8,5,17,1000,0.6325,11624.67
8,5,18,1000,0.5717,8583.15
8,5,19,1000,0.5381,6905.13
8,5,20,1000,0.5235,6173.13
8,5,21,1000,0.5053,5266.21
8,5,22,1000,0.457,2848.48
8,5,23,1000,0.4107,533.42
8,5,24,1000,0.3616,-1919.21
8,6,0,1000,0.2736,-6321.22
8,6,1,1000,0.3186,-4072.2
8,6,2,1000,0.4069,345.34
8,6,3,1000,0.485,4249.91
8,6,4,1000,0.5323,6614.93
8,6,5,1000,0.5325,6624.83
8,6,6,1000,0.5341,6707.31
8,6,7,1000,0.5818,9090.68
8,6,8,1000,0.7188,15938.94
8,6,9,1000,0.8408,22040.72
8,6,10,1000,0.8751,23756.81
8,6,11,1000,0.8977,24882.94
8,6,12,1000,0.9262,26312.21
8,6,13,1000,0.941,27048.58
8,6,14,1000,0.9821,29106.88
8,6,15,1000,0.9512,27557.6
8,6,16,1000,0.8477,22384.74
8,6,17,1000,0.7124,15618.0
8,6,18,1000,0.619,10949.38
8,6,19,1000,0.566,8298.89
8,6,20,1000,0.537,6851.28
8,6,21,1000,0.5266,6327.84
8,6,22,1000,0.4871,4352.62
8,6,23,1000,0.4458,2287.59
8,6,24,1000,0.3881,-594.57
8,7,0,1000,0.3239,-3807.16
8,7,1,1000,0.3725,-1373.34
8,7,2,1000,0.4559,2793.25
8,7,3,1000,0.5341,6703.43
8,7,4,1000,0.5899,9493.61
8,7,5,1000,0.6091,10456.56
8,7,6,1000,0.6317,11583.34
8,7,7,1000,0.6974,14867.63
8,7,8,1000,0.8622,23107.77
8,7,9,1000,1.007,30351.3
8,7,10,1000,1.0507,32536.03
8,7,11,1000,1.064,33200.38
8,7,12,1000,1.0911,34553.98
8,7,13,1000,1.1142,35707.98
8,7,14,1000,1.1546,37728.43
8,7,15,1000,1.1123,35614.64
8,7,16,1000,0.996,29801.42
8,7,17,1000,0.8181,20904.63
8,7,18,1000,0.6798,13991.9
8,7,19,1000,0.6178,10889.58
8,7,20,1000,0.584,9198.77
8,7,21,1000,0.5633,8162.57
8,7,22,1000,0.5159,5793.53
8,7,23,1000,0.4733,3664.62
8,7,24,1000,0.4192,959.12
8,8,0,1000,0.3739,-1303.33
8,8,1,1000,0.4299,1494.85
8,8,2,1000,0.5201,6005.31
8,8,3,1000,0.5968,9841.39
8,8,4,1000,0.6495,12476.65
8,8,5,1000,0.6946,14731.97
8,8,6,1000,0.7706,18532.27
8,8,7,1000,0.8722,23611.6
8,8,8,1000,1.0146,30727.58
8,8,9,1000,1.1186,35931.29
8,8,10,1000,1.1594,37969.19
8,8,11,1000,1.1554,37771.57
8,8,12,1000,1.2173,40864.6
8,8,13,1000,1.287,44350.4
8,8,14,1000,1.3041,45206.38
8,8,15,1000,1.2424,42119.1
8,8,16,1000,1.1627,38134.25
8,8,17,1000,0.951,27548.04
8,8,18,1000,0.7507,17535.7
8,8,19,1000,0.7007,15036.82
8,8,20,1000,0.6784,13919.61
8,8,21,1000,0.6289,11446.17
8,8,22,1000,0.5595,7974.96
8,8,23,1000,0.4986,4929.18
8,8,24,1000,0.4356,1780.83
8,9,0,1000,0.3862,-691.05
8,9,1,1000,0.4428,2138.13
8,9,2,1000,0.5297,6484.43
8,9,3,1000,0.5972,9861.97
8,9,4,1000,0.6453,12264.66
8,9,5,1000,0.7263,16317.16
8,9,6,1000,0.8573,22863.57
8,9,7,1000,0.9903,29513.57
8,9,8,1000,1.1255,36277.3
8,9,9,1000,1.2048,40238.33
8,9,10,1000,1.246,42301.78
8,9,11,1000,1.2414,42072.05
8,9,12,1000,1.3492,47460.49
8,9,13,1000,1.4603,53014.98
8,9,14,1000,1.4225,51124.52
8,9,15,1000,1.3075,45376.18
8,9,16,1000,1.2591,42953.93
8,9,17,1000,1.0621,33105.43
8,9,18,1000,0.8604,23020.33
8,9,19,1000,0.8227,21134.22
8,9,20,1000,0.7906,19531.0
8,9,21,1000,0.6934,14670.98
8,9,22,1000,0.5998,9989.25
8,9,23,1000,0.5202,6012.44
8,9,24,1000,0.4445,2222.67
8,10,0,1000,0.3822,-889.05
8,10,1,1000,0.4331,1655.23
8,10,2,1000,0.5054,5268.46
8,10,3,1000,0.5645,8223.76
8,10,4,1000,0.6164,10820.65
8,10,5,1000,0.7281,16406.59
8,10,6,1000,0.8872,24360.47
8,10,7,1000,1.0385,31925.34
8,10,8,1000,1.2213,41066.06
8,10,9,1000,1.3439,47196.91
8,10,10,1000,1.4038,50192.0
8,10,11,1000,1.3995,49973.96
8,10,12,1000,1.509,55448.49
8,10,13,1000,1.624,61198.26
8,10,14,1000,1.5327,56637.07
8,10,15,1000,1.3566,47828.46
8,10,16,1000,1.2979,44897.1
8,10,17,1000,1.1317,36586.7
8,10,18,1000,0.9664,28318.13
8,10,19,1000,0.9212,26057.62
8,10,20,1000,0.8583,22913.6
8,10,21,1000,0.7231,16155.92
8,10,22,1000,0.6159,10795.28
8,10,23,1000,0.5323,6614.51
8,10,24,1000,0.4564,2818.03
8,11,0,1000,0.34,-2999.67
8,11,1,1000,0.3781,-1097.17
8,11,2,1000,0.4639,3196.56
8,11,3,1000,0.5464,7318.52
8,11,4,1000,0.606,10301.88
8,11,5,1000,0.7032,15161.31
8,11,6,1000,0.8527,22635.5
8,11,7,1000,1.0213,31066.17
8,11,8,1000,1.2638,43190.65
8,11,9,1000,1.4592,52960.35
8,11,10,1000,1.5603,58013.9
8,11,11,1000,1.4961,54802.54
8,11,12,1000,1.4923,54613.63
8,11,13,1000,1.5749,58745.63
8,11,14,1000,1.4673,53365.39
8,11,15,1000,1.2846,44230.69
8,11,16,1000,1.2181,40902.75
8,11,17,1000,1.119,35949.6
8,11,18,1000,1.01,30498.99
8,11,19,1000,0.9343,26713.18
8,11,20,1000,0.8561,22802.52
8,11,21,1000,0.7309,16544.36
8,11,22,1000,0.6138,10690.72
8,11,23,1000,0.5215,6076.71
8,11,24,1000,0.455,2750.86
8,12,0,1000,0.322,-3902.25
8,12,1,1000,0.3477,-2615.77
8,12,2,1000,0.4368,1838.44
8,12,3,1000,0.5359,6796.18
8,12,4,1000,0.6025,10123.62
8,12,5,1000,0.6814,14072.36
8,12,6,1000,0.8171,20853.84
8,12,7,1000,0.9875,29373.97
8,12,8,1000,1.2085,40425.29
8,12,9,1000,1.4022,50107.84
8,12,10,1000,1.5292,56459.28
8,12,11,1000,1.4417,52087.43
8,12,12,1000,1.3632,48161.6
8,12,13,1000,1.4206,51030.32
8,12,14,1000,1.3809,49047.34
8,12,15,1000,1.279,43951.58
8,12,16,1000,1.2067,40336.27
8,12,17,1000,1.0856,34280.16
8,12,18,1000,0.9331,26652.72
8,12,19,1000,0.8275,21374.92
8,12,20,1000,0.7849,19244.96
8,12,21,1000,0.7317,16584.64
8,12,22,1000,0.6186,10931.33
8,12,23,1000,0.5175,5875.15
8,12,24,1000,0.4585,2922.58
8,13,0,1000,0.3388,-3060.98
8,13,1,1000,0.359,-2051.88
8,13,2,1000,0.4207,1032.89
8,13,3,1000,0.5046,5228.79
8,13,4,1000,0.5745,8724.38
8,13,5,1000,0.6713,13567.2
8,13,6,1000,0.8177,20885.8
8,13,7,1000,0.9808,29039.37
8,13,8,1000,1.1517,37582.91
8,13,9,1000,1.2972,44860.38
8,13,10,1000,1.4164,50821.3
8,13,11,1000,1.37,48501.27
8,13,12,1000,1.3301,46505.72
8,13,13,1000,1.3881,49406.07
8,13,14,1000,1.3984,49920.84
8,13,15,1000,1.3512,47559.99
8,13,16,1000,1.2757,43783.76
8,13,17,1000,1.0926,34628.79
8,13,18,1000,0.8692,23458.25
8,13,19,1000,0.757,17852.22
8,13,20,1000,0.744,17199.0
8,13,21,1000,0.7316,16580.76
8,13,22,1000,0.6263,11314.06
8,13,23,1000,0.5246,6228.43
8,13,24,1000,0.4663,3315.3
8,14,0,1000,0.3675,-1626.83
8,14,1,1000,0.4064,318.63
8,14,2,1000,0.469,3447.72
8,14,3,1000,0.5725,8626.19
8,14,4,1000,0.6767,13836.52
8,14,5,1000,0.7494,17468.62
8,14,6,1000,0.8497,22485.21
8,14,7,1000,1.0102,30508.54
8,14,8,1000,1.1851,39257.27
8,14,9,1000,1.2883,44413.66
8,14,10,1000,1.354,47698.52
8,14,11,1000,1.3655,48276.29
8,14,12,1000,1.3835,49175.84
8,14,13,1000,1.3912,49557.56
8,14,14,1000,1.4112,50561.7
8,14,15,1000,1.427,51348.3
8,14,16,1000,1.3532,47659.87
8,14,17,1000,1.1558,37789.93
8,14,18,1000,0.9041,25204.82
8,14,19,1000,0.7699,18493.18
8,14,20,1000,0.7365,16826.94
8,14,21,1000,0.7239,16196.15
8,14,22,1000,0.6282,11411.81
8,14,23,1000,0.5302,6512.21
8,14,24,1000,0.4682,3407.75
8,15,0,1000,0.3743,-1283.66
8,15,1,1000,0.4342,1710.5
8,15,2,1000,0.5102,5510.07
8,15,3,1000,0.6405,12026.78
8,15,4,1000,0.776,18800.19
8,15,5,1000,0.8064,20319.08
8,15,6,1000,0.8439,22196.1
8,15,7,1000,0.9972,29860.94
8,15,8,1000,1.19,39501.93
8,15,9,1000,1.2618,43090.38
8,15,10,1000,1.2712,43559.19
8,15,11,1000,1.3447,47236.45
8,15,12,1000,1.4242,51207.9
8,15,13,1000,1.375,48751.87
8,15,14,1000,1.3256,46281.38
8,15,15,1000,1.3273,46363.42
8,15,16,1000,1.2655,43276.87
8,15,17,1000,1.1588,37938.21
8,15,18,1000,0.9947,29732.75
8,15,19,1000,0.8496,22477.89
8,15,20,1000,0.76,18000.56
8,15,21,1000,0.7017,15087.48
8,15,22,1000,0.6098,10491.14
8,15,23,1000,0.5183,5916.83
8,15,24,1000,0.4531,2655.72
8,16,0,1000,0.3592,-2039.75
8,16,1,1000,0.4141,707.28
8,16,2,1000,0.4726,3629.49
8,16,3,1000,0.5874,9369.22
8,16,4,1000,0.715,15750.6
8,16,5,1000,0.7453,17262.95
8,16,6,1000,0.7769,18845.01
8,16,7,1000,0.9106,25528.92
8,16,8,1000,1.0623,33115.28
8,16,9,1000,1.0957,34783.95
8,16,10,1000,1.0897,34486.87
8,16,11,1000,1.1999,39995.54
8,16,12,1000,1.3192,45959.9
8,16,13,1000,1.27,43498.15
8,16,14,1000,1.1809,39043.17
8,16,15,1000,1.1441,37206.12
8,16,16,1000,1.0956,34781.19
8,16,17,1000,1.0538,32691.54
8,16,18,1000,0.963,28152.37
8,16,19,1000,0.8349,21742.87
8,16,20,1000,0.7375,16874.07
8,16,21,1000,0.6673,13362.71
8,16,22,1000,0.5797,8986.34
8,16,23,1000,0.4946,4727.72
8,16,24,1000,0.4322,1612.03
8,17,0,1000,0.3447,-2765.43
8,17,1,1000,0.4034,169.54
8,17,2,1000,0.459,2950.81
8,17,3,1000,0.5367,6837.09
8,17,4,1000,0.6224,11118.3
8,17,5,1000,0.6645,13223.98
8,17,6,1000,0.725,16252.08
8,17,7,1000,0.8467,22333.45
8,17,8,1000,0.9818,29089.91
8,17,9,1000,0.9962,29809.94
8,17,10,1000,0.9688,28438.86
8,17,11,1000,1.0512,32561.66
8,17,12,1000,1.1939,39695.85
8,17,13,1000,1.1922,39609.35
8,17,14,1000,1.1086,35427.5
8,17,15,1000,1.0128,30638.82
8,17,16,1000,0.9477,27384.09
8,17,17,1000,0.9239,26193.54
8,17,18,1000,0.8839,24193.72
8,17,19,1000,0.7843,19216.11
8,17,20,1000,0.7037,15185.85
8,17,21,1000,0.6486,12429.94
8,17,22,1000,0.5739,8696.63
8,17,23,1000,0.4977,4884.71
8,17,24,1000,0.4305,1527.11
8,18,0,1000,0.3102,-4489.63
8,18,1,1000,0.3817,-913.8
8,18,2,1000,0.4675,3373.32
8,18,3,1000,0.5215,6073.19
8,18,4,1000,0.5562,7811.6
8,18,5,1000,0.5874,9369.1
8,18,6,1000,0.6652,13258.71
8,18,7,1000,0.7795,18977.15
8,18,8,1000,0.9308,26540.6
8,18,9,1000,0.954,27698.13
8,18,10,1000,0.9046,25230.83
8,18,11,1000,0.9196,25981.16
8,18,12,1000,1.0528,32641.12
8,18,13,1000,1.1041,35207.46
8,18,14,1000,1.0698,33491.91
8,18,15,1000,0.9517,27583.46
8,18,16,1000,0.8635,23173.67
8,18,17,1000,0.812,20598.64
8,18,18,1000,0.7758,18791.5
8,18,19,1000,0.7018,15087.56
8,18,20,1000,0.6425,12126.9
8,18,21,1000,0.6075,10372.77
8,18,22,1000,0.5503,7513.66
8,18,23,1000,0.4948,4741.6
8,18,24,1000,0.4381,1903.39
8,19,0,1000,0.2668,-6658.59
8,19,1,1000,0.337,-3150.03
8,19,2,1000,0.4345,1724.73
8,19,3,1000,0.4873,4362.91
8,19,4,1000,0.5067,5335.68
8,19,5,1000,0.5161,5803.32
8,19,6,1000,0.5759,8795.38
8,19,7,1000,0.6742,13707.93
8,19,8,1000,0.8124,20617.95
8,19,9,1000,0.8321,21604.9
8,19,10,1000,0.7806,19028.7
8,19,11,1000,0.7877,19384.04
8,19,12,1000,0.9095,25473.75
8,19,13,1000,0.9635,28174.88
8,19,14,1000,0.9489,27444.45
8,19,15,1000,0.8506,22530.72
8,19,16,1000,0.7717,18582.82
8,19,17,1000,0.7192,15959.78
8,19,18,1000,0.6843,14215.67
8,19,19,1000,0.6234,11171.26
8,19,20,1000,0.5694,8470.41
8,19,21,1000,0.5337,6685.33
8,19,22,1000,0.4858,4289.87
8,19,23,1000,0.4497,2483.5
8,19,24,1000,0.4166,830.23
8,20,0,1000,0.2501,-7492.85
8,20,1,1000,0.3035,-4823.29
8,20,2,1000,0.3883,-582.76
8,20,3,1000,0.4495,2476.74
8,20,4,1000,0.4784,3921.54
8,20,5,1000,0.4758,3792.31
8,20,6,1000,0.5131,5653.68
8,20,7,1000,0.5936,9678.6
8,20,8,1000,0.6955,14773.57
8,20,9,1000,0.722,16101.5
8,20,10,1000,0.7085,15423.87
8,20,11,1000,0.7319,16595.5
8,20,12,1000,0.7985,19924.91
8,20,13,1000,0.8151,20754.07
8,20,14,1000,0.8116,20578.7
8,20,15,1000,0.7564,17819.5
8,20,16,1000,0.6857,14284.32
8,20,17,1000,0.6347,11736.9
8,20,18,1000,0.6122,10611.93
8,20,19,1000,0.5668,8340.09
8,20,20,1000,0.512,5599.67
8,20,21,1000,0.4539,2696.74
8,20,22,1000,0.4001,4.68
8,20,23,1000,0.3687,-1565.8
8,20,24,1000,0.3571,-2147.0
8,21,0,1000,0.2554,-7229.51
8,21,1,1000,0.2857,-5714.3
8,21,2,1000,0.3464,-2681.89
8,21,3,1000,0.4187,933.49
8,21,4,1000,0.4671,3355.44
8,21,5,1000,0.4615,3074.32
8,21,6,1000,0.48,4002.36
8,21,7,1000,0.5452,7257.51
8,21,8,1000,0.6077,10383.16
8,21,9,1000,0.65,12499.5
8,21,10,1000,0.6907,14534.02
8,21,11,1000,0.7374,16870.97
8,21,12,1000,0.7339,16692.51
8,21,13,1000,0.7001,15006.12
8,21,14,1000,0.6889,14442.97
8,21,15,1000,0.6633,13166.37
8,21,16,1000,0.5956,9779.98
8,21,17,1000,0.554,7700.0
8,21,18,1000,0.5601,8004.69
8,21,19,1000,0.5329,6642.54
8,21,20,1000,0.4878,4392.04
8,21,21,1000,0.4172,858.64
8,21,22,1000,0.3505,-2477.48
8,21,23,1000,0.3018,-4907.52
8,21,24,1000,0.2868,-5661.1
8,22,0,1000,0.2319,-8404.58
8,22,1,1000,0.2554,-7228.27
8,22,2,1000,0.3114,-4428.44
8,22,3,1000,0.3825,-875.11
8,22,4,1000,0.4285,1424.32
8,22,5,1000,0.4154,772.32
8,22,6,1000,0.423,1148.34
8,22,7,1000,0.477,3848.49
8,22,8,1000,0.5257,6284.98
8,22,9,1000,0.5665,8326.69
8,22,10,1000,0.6129,10644.71
8,22,11,1000,0.6673,13364.46
8,22,12,1000,0.6587,12936.76
8,22,13,1000,0.6185,10925.91
8,22,14,1000,0.5926,9631.01
8,22,15,1000,0.5606,8031.52
8,22,16,1000,0.501,5051.03
8,22,17,1000,0.4768,3838.0
8,22,18,1000,0.5016,5082.26
8,22,19,1000,0.4842,4208.18
8,22,20,1000,0.4544,2722.31
8,22,21,1000,0.4002,9.55
8,22,22,1000,0.3379,-3103.81
8,22,23,1000,0.2836,-5820.38
8,22,24,1000,0.2592,-7038.51
8,23,0,1000,0.2022,-9891.83
8,23,1,1000,0.221,-8947.72
8,23,2,1000,0.2606,-6968.0
8,23,3,1000,0.3132,-4340.25
8,23,4,1000,0.3491,-2544.92
8,23,5,1000,0.3434,-2828.99
8,23,6,1000,0.355,-2250.55
8,23,7,1000,0.4035,177.4
8,23,8,1000,0.4605,3026.94
8,23,9,1000,0.4988,4938.5
8,23,10,1000,0.5272,6359.09
8,23,11,1000,0.5634,8170.17
8,23,12,1000,0.5651,8256.43
8,23,13,1000,0.5419,7093.48
8,23,14,1000,0.5208,6039.18
8,23,15,1000,0.4902,4510.26
8,23,16,1000,0.4452,2257.75
8,23,17,1000,0.4267,1334.41
8,23,18,1000,0.4445,2223.98
8,23,19,1000,0.4301,1506.35
8,23,20,1000,0.4077,387.43
8,23,21,1000,0.3677,-1614.12
8,23,22,1000,0.3185,-4074.45
8,23,23,1000,0.2726,-6370.53
8,23,24,1000,0.2489,-7557.06
8,24,0,1000,0.1832,-10839.6
8,24,1,1000,0.1972,-10139.9
8,24,2,1000,0.2098,-9510.49
8,24,3,1000,0.2357,-8214.38
8,24,4,1000,0.2637,-6817.28
8,24,5,1000,0.2846,-5771.95
8,24,6,1000,0.3156,-4221.99
8,24,7,1000,0.3613,-1934.45
8,24,8,1000,0.4187,934.5
8,24,9,1000,0.441,2051.6
8,24,10,1000,0.4426,2129.42
8,24,11,1000,0.444,2202.36
8,24,12,1000,0.4544,2721.26
8,24,13,1000,0.4571,2855.19
8,24,14,1000,0.4582,2910.41
8,24,15,1000,0.4437,2187.39
8,24,16,1000,0.4174,871.13
8,24,17,1000,0.3957,-216.48
8,24,18,1000,0.39,-497.85
8,24,19,1000,0.3755,-1224.91
8,24,20,1000,0.3502,-2488.13
8,24,21,1000,0.3122,-4392.28
8,24,22,1000,0.2785,-6076.76
8,24,23,1000,0.2486,-7568.69
8,24,24,1000,0.2323,-8383.4
9,0,0,1000,0.1779,-11105.17
9,0,1,1000,0.1991,-10045.08
9,0,2,1000,0.2332,-8338.48
9,0,3,1000,0.2554,-7231.13
9,0,4,1000,0.2717,-6412.81
9,0,5,1000,0.3037,-4814.35
9,0,6,1000,0.3294,-3530.95
9,0,7,1000,0.3462,-2690.86
9,0,8,1000,0.3814,-930.15
9,0,9,1000,0.3942,-289.05
9,0,10,1000,0.3845,-775.11
9,0,11,1000,0.398,-101.75
9,0,12,1000,0.4028,141.43
9,0,13,1000,0.3727,-1365.89
9,0,14,1000,0.346,-2700.24
9,0,15,1000,0.3776,-1117.67
9,0,16,1000,0.4049,245.47
9,0,17,1000,0.4046,227.82
9,0,18,1000,0.3566,-2172.22
9,0,19,1000,0.3178,-4111.93
9,0,20,1000,0.2803,-5986.8
9,0,21,1000,0.2615,-6926.77
9,0,22,1000,0.2557,-7217.37
9,0,23,1000,0.2509,-7455.07
9,0,24,1000,0.2239,-8803.11
9,1,0,1000,0.1907,-10465.87
9,1,1,1000,0.212,-9402.21
9,1,2,1000,0.2435,-7824.68
9,1,3,1000,0.2673,-6633.19
9,1,4,1000,0.2898,-5508.26
9,1,5,1000,0.3374,-3131.4
9,1,6,1000,0.3806,-972.44
9,1,7,1000,0.4094,469.98
9,1,8,1000,0.4544,2722.29
9,1,9,1000,0.4804,4019.93
9,1,10,1000,0.4871,4355.42
9,1,11,1000,0.5152,5762.3
9,1,12,1000,0.5206,6032.16
9,1,13,1000,0.4864,4321.64
9,1,14,1000,0.441,2047.86
9,1,15,1000,0.4546,2732.46
9,1,16,1000,0.4773,3863.63
9,1,17,1000,0.4721,3603.95
9,1,18,1000,0.426,1298.57
9,1,19,1000,0.3903,-486.52
9,1,20,1000,0.3399,-3004.98
9,1,21,1000,0.2884,-5578.21
9,1,22,1000,0.2668,-6657.77
9,1,23,1000,0.2606,-6968.54
9,1,24,1000,0.242,-7901.38
9,2,0,1000,0.2009,-9956.76
9,2,1,1000,0.2258,-8710.52
9,2,2,1000,0.2706,-6471.61
9,2,3,1000,0.3128,-4361.38
9,2,4,1000,0.3432,-2839.54
9,2,5,1000,0.3801,-996.74
9,2,6,1000,0.4379,1897.48
9,2,7,1000,0.4903,4515.93
9,2,8,1000,0.5038,5190.89
9,2,9,1000,0.5275,6376.1
9,2,10,1000,0.585,9248.19
9,2,11,1000,0.6272,11361.82
9,2,12,1000,0.6041,10203.71
9,2,13,1000,0.5711,8553.31
9,2,14,1000,0.5461,7303.35
9,2,15,1000,0.5672,8360.01
9,2,16,1000,0.5734,8671.36
9,2,17,1000,0.5171,5853.56
9,2,18,1000,0.4525,2627.39
9,2,19,1000,0.4436,2179.77
9,2,20,1000,0.4217,1086.44
9,2,21,1000,0.3492,-2538.25
9,2,22,1000,0.2918,-5407.96
9,2,23,1000,0.2622,-6891.43
9,2,24,1000,0.2447,-7766.73
9,3,0,1000,0.2385,-8075.96
9,3,1,1000,0.2666,-6670.39
9,3,2,1000,0.3129,-4357.28
9,3,3,1000,0.3643,-1782.82
9,3,4,1000,0.4003,17.1
9,3,5,1000,0.423,1148.27
9,3,6,1000,0.4863,4313.34
9,3,7,1000,0.5557,7786.1
9,3,8,1000,0.5484,7421.37
9,3,9,1000,0.5699,8497.19
9,3,10,1000,0.6622,13109.84
9,3,11,1000,0.7161,15805.0
9,3,12,1000,0.6736,13680.59
9,3,13,1000,0.6377,11882.7
9,3,14,1000,0.6083,10414.89
9,3,15,1000,0.6198,10991.22
9,3,16,1000,0.6163,10815.87
9,3,17,1000,0.5388,6941.06
9,3,18,1000,0.4755,3777.24
9,3,19,1000,0.4847,4234.85
9,3,20,1000,0.4913,4564.79
9,3,21,1000,0.4223,1114.43
9,3,22,1000,0.3431,-2842.91
9,3,23,1000,0.2973,-5133.09
9,3,24,1000,0.28,-6000.22
9,4,0,1000,0.2764,-6179.4
9,4,1,1000,0.3077,-4616.44
9,4,2,1000,0.3538,-2309.81
9,4,3,1000,0.4091,455.44
9,4,4,1000,0.4507,2536.69
9,4,5,1000,0.4704,3518.22
9,4,6,1000,0.529,6447.95
9,4,7,1000,0.6007,10036.51
9,4,8,1000,0.604,10200.62
9,4,9,1000,0.6353,11765.22
9,4,10,1000,0.73,16497.59
9,4,11,1000,0.7898,19488.21
9,4,12,1000,0.7585,17922.83
9,4,13,1000,0.7262,16311.85
9,4,14,1000,0.6716,13578.14
9,4,15,1000,0.6411,12056.67
9,4,16,1000,0.6214,11071.36
9,4,17,1000,0.5584,7917.73
9,4,18,1000,0.5261,6304.23
9,4,19,1000,0.5365,6823.0
9,4,20,1000,0.545,7250.49
9,4,21,1000,0.4862,4311.96
9,4,22,1000,0.407,352.36
9,4,23,1000,0.3588,-2058.27
9,4,24,1000,0.3341,-3297.42
9,5,0,1000,0.281,-5949.82
9,5,1,1000,0.3196,-4017.87
9,5,2,1000,0.3955,-223.98
9,5,3,1000,0.4702,3510.77
9,5,4,1000,0.5237,6185.36
9,5,5,1000,0.5496,7481.59
9,5,6,1000,0.5767,8836.86
9,5,7,1000,0.6209,11047.1
9,5,8,1000,0.6666,13327.71
9,5,9,1000,0.723,16152.37
9,5,10,1000,0.7693,18466.19
9,5,11,1000,0.7928,19641.39
9,5,12,1000,0.8096,20478.8
9,5,13,1000,0.8259,21294.52
9,5,14,1000,0.8308,21542.25
9,5,15,1000,0.7676,18378.55
9,5,16,1000,0.6809,14045.42
9,5,17,1000,0.6011,10056.21
9,5,18,1000,0.5931,9655.91
9,5,19,1000,0.5851,9255.55
9,5,20,1000,0.5638,8190.16
9,5,21,1000,0.5243,6214.96
9,5,22,1000,0.4772,3859.13
9,5,23,1000,0.4365,1827.02
9,5,24,1000,0.3724,-1380.21
9,6,0,1000,0.308,-4598.98
9,6,1,1000,0.3479,-2605.3
9,6,2,1000,0.4227,1136.41
9,6,3,1000,0.4993,4962.73
9,6,4,1000,0.567,8350.43
9,6,5,1000,0.6255,11277.45
9,6,6,1000,0.6514,12569.45
9,6,7,1000,0.6852,14261.23
9,6,8,1000,0.7912,19559.87
9,6,9,1000,0.8932,24660.92
9,6,10,1000,0.9112,25561.08
9,6,11,1000,0.9014,25071.04
9,6,12,1000,0.9475,27374.07
9,6,13,1000,1.0031,30156.36
9,6,14,1000,1.0793,33966.96
9,6,15,1000,1.0121,30602.82
9,6,16,1000,0.8641,23205.19
9,6,17,1000,0.7269,16344.16
9,6,18,1000,0.6885,14424.95
9,6,19,1000,0.6557,12785.25
9,6,20,1000,0.5881,9406.23
9,6,21,1000,0.528,6398.04
9,6,22,1000,0.4977,4887.32
9,6,23,1000,0.4743,3716.16
9,6,24,1000,0.4024,119.63
9,7,0,1000,0.3645,-1774.04
9,7,1,1000,0.4024,121.74
9,7,2,1000,0.4535,2676.82
9,7,3,1000,0.519,5951.86
9,7,4,1000,0.5942,9712.45
9,7,5,1000,0.6793,13967.23
9,7,6,1000,0.7322,16611.78
9,7,7,1000,0.7864,19317.71
9,7,8,1000,0.931,26551.7
9,7,9,1000,1.0664,33321.46
9,7,10,1000,1.0977,34885.85
9,7,11,1000,1.0828,34138.62
9,7,12,1000,1.1306,36532.12
9,7,13,1000,1.197,39851.72
9,7,14,1000,1.2878,44390.63
9,7,15,1000,1.2232,41158.21
9,7,16,1000,1.0596,32981.57
9,7,17,1000,0.8689,23444.51
9,7,18,1000,0.7734,18669.96
9,7,19,1000,0.7265,16325.84
9,7,20,1000,0.6344,11718.76
9,7,21,1000,0.5404,7020.28
9,7,22,1000,0.5019,5097.4
9,7,23,1000,0.4926,4632.16
9,7,24,1000,0.4455,2275.92
9,8,0,1000,0.3874,-632.4
9,8,1,1000,0.4297,1483.87
9,8,2,1000,0.5075,5374.47
9,8,3,1000,0.587,9350.13
9,8,4,1000,0.6504,12518.99
9,8,5,1000,0.7217,16082.98
9,8,6,1000,0.8138,20688.31
9,8,7,1000,0.9155,25777.07
9,8,8,1000,1.034,31702.34
9,8,9,1000,1.1263,36316.16
9,8,10,1000,1.1738,38689.19
9,8,11,1000,1.1565,37824.66
9,8,12,1000,1.2141,40705.8
9,8,13,1000,1.3006,45030.07
9,8,14,1000,1.3659,48294.54
9,8,15,1000,1.336,46800.48
9,8,16,1000,1.2456,42281.93
9,8,17,1000,1.0192,30962.44
9,8,18,1000,0.8197,20985.3
9,8,19,1000,0.7703,18512.53
9,8,20,1000,0.6947,14736.18
9,8,21,1000,0.5901,9504.84
9,8,22,1000,0.5368,6842.21
9,8,23,1000,0.5186,5931.55
9,8,24,1000,0.4759,3795.65
9,9,0,1000,0.3803,-982.74
9,9,1,1000,0.4239,1196.06
9,9,2,1000,0.5248,6237.94
9,9,3,1000,0.615,10751.38
9,9,4,1000,0.6693,13464.03
9,9,5,1000,0.7444,17221.63
9,9,6,1000,0.8814,24071.21
9,9,7,1000,1.0291,31452.65
9,9,8,1000,1.1452,37260.07
9,9,9,1000,1.218,40897.85
9,9,10,1000,1.2889,44446.09
9,9,11,1000,1.2973,44865.47
9,9,12,1000,1.3899,49494.3
9,9,13,1000,1.491,54552.23
9,9,14,1000,1.4408,52039.57
9,9,15,1000,1.3471,47356.22
9,9,16,1000,1.3182,45909.85
9,9,17,1000,1.124,36200.8
9,9,18,1000,0.9076,25377.63
9,9,19,1000,0.8612,23058.94
9,9,20,1000,0.7943,19716.66
9,9,21,1000,0.6769,13844.96
9,9,22,1000,0.6056,10281.99
9,9,23,1000,0.5553,7766.07
9,9,24,1000,0.4767,3834.0
9,10,0,1000,0.3923,-384.4
9,10,1,1000,0.4293,1465.62
9,10,2,1000,0.5088,5442.04
9,10,3,1000,0.5896,9481.27
9,10,4,1000,0.6508,12540.56
9,10,5,1000,0.7578,17891.66
9,10,6,1000,0.9264,26321.64
9,10,7,1000,1.1041,35204.29
9,10,8,1000,1.3,45001.51
9,10,9,1000,1.4411,52056.73
9,10,10,1000,1.5406,57031.57
9,10,11,1000,1.5662,58309.5
9,10,12,1000,1.6836,64181.66
9,10,13,1000,1.7935,69677.26
9,10,14,1000,1.6326,61630.83
9,10,15,1000,1.4124,50621.27
9,10,16,1000,1.3637,48183.56
9,10,17,1000,1.2129,40646.62
9,10,18,1000,1.0444,32219.19
9,10,19,1000,0.9845,29223.32
9,10,20,1000,0.881,24050.66
9,10,21,1000,0.7253,16262.88
9,10,22,1000,0.639,11949.29
9,10,23,1000,0.5713,8564.56
9,10,24,1000,0.4721,3606.48
9,11,0,1000,0.3949,-253.87
9,11,1,1000,0.4213,1064.52
9,11,2,1000,0.5052,5261.84
9,11,3,1000,0.6209,11045.95
9,11,4,1000,0.7052,15258.92
9,11,5,1000,0.767,18347.62
9,11,6,1000,0.9061,25303.48
9,11,7,1000,1.1327,36634.96
9,11,8,1000,1.4436,52180.62
9,11,9,1000,1.6496,62480.2
9,11,10,1000,1.7423,67114.46
9,11,11,1000,1.6584,62917.89
9,11,12,1000,1.7257,66287.04
9,11,13,1000,1.8808,74040.82
9,11,14,1000,1.7514,67569.12
9,11,15,1000,1.4767,53835.36
9,11,16,1000,1.3752,48760.56
9,11,17,1000,1.2933,44664.01
9,11,18,1000,1.1792,38961.48
9,11,19,1000,1.0517,32585.15
9,11,20,1000,0.8939,24696.97
9,11,21,1000,0.7271,16354.44
9,11,22,1000,0.6241,11204.34
9,11,23,1000,0.5356,6780.51
9,11,24,1000,0.4507,2534.9
9,12,0,1000,0.3919,-404.64
9,12,1,1000,0.4076,380.98
9,12,2,1000,0.4945,4722.79
9,12,3,1000,0.6409,12045.8
9,12,4,1000,0.7509,17544.92
9,12,5,1000,0.796,19801.53
9,12,6,1000,0.9263,26316.91
9,12,7,1000,1.1804,39022.02
9,12,8,1000,1.4621,53106.32
9,12,9,1000,1.6009,60044.11
9,12,10,1000,1.6637,63182.98
9,12,11,1000,1.5389,56943.27
9,12,12,1000,1.6267,61335.49
9,12,13,1000,1.8352,71759.89
9,12,14,1000,1.8317,71584.49
9,12,15,1000,1.5999,59995.41
9,12,16,1000,1.4484,52419.22
9,12,17,1000,1.3358,46791.3
9,12,18,1000,1.1677,38384.86
9,12,19,1000,0.9776,28879.2
9,12,20,1000,0.8315,21575.02
9,12,21,1000,0.7313,16567.06
9,12,22,1000,0.6273,11364.13
9,12,23,1000,0.5209,6047.01
9,12,24,1000,0.4538,2690.34
9,13,0,1000,0.3929,-352.9
9,13,1,1000,0.4027,134.91
9,13,2,1000,0.4626,3127.64
9,13,3,1000,0.5918,9590.68
9,13,4,1000,0.7109,15545.03
9,13,5,1000,0.8137,20686.66
9,13,6,1000,0.988,29400.13
9,13,7,1000,1.2377,41883.65
9,13,8,1000,1.4276,51380.13
9,13,9,1000,1.4771,53857.32
9,13,10,1000,1.5334,56667.64
9,13,11,1000,1.5109,55543.41
9,13,12,1000,1.6963,64814.99
9,13,13,1000,1.9025,75124.08
9,13,14,1000,1.8974,74868.21
9,13,15,1000,1.67,63500.51
9,13,16,1000,1.5095,55476.39
9,13,17,1000,1.3356,46780.19
9,13,18,1000,1.097,34849.36
9,13,19,1000,0.9003,25016.51
9,13,20,1000,0.7995,19977.03
9,13,21,1000,0.76,18000.89
9,13,22,1000,0.6618,13091.05
9,13,23,1000,0.5444,7221.1
9,13,24,1000,0.4685,3423.97
9,14,0,1000,0.414,698.83
9,14,1,1000,0.4536,2680.32
9,14,2,1000,0.502,5098.38
9,14,3,1000,0.6192,10962.34
9,14,4,1000,0.7539,17695.22
9,14,5,1000,0.8549,22747.36
9,14,6,1000,1.0119,30596.23
9,14,7,1000,1.2503,42516.39
9,14,8,1000,1.4173,50866.62
9,14,9,1000,1.4392,51960.16
9,14,10,1000,1.4984,54917.92
9,14,11,1000,1.6272,61357.89
9,14,12,1000,1.8107,70536.73
9,14,13,1000,1.8444,72219.1
9,14,14,1000,1.7819,69093.42
9,14,15,1000,1.6866,64329.23
9,14,16,1000,1.5699,58497.08
9,14,17,1000,1.3602,48010.65
9,14,18,1000,1.0468,32340.24
9,14,19,1000,0.8334,21667.62
9,14,20,1000,0.7732,18661.42
9,14,21,1000,0.7783,18914.76
9,14,22,1000,0.6676,13381.82
9,14,23,1000,0.5369,6842.95
9,14,24,1000,0.4746,3731.7
9,15,0,1000,0.4134,671.59
9,15,1,1000,0.4862,4308.64
9,15,2,1000,0.5355,6777.1
9,15,3,1000,0.6463,12316.82
9,15,4,1000,0.7848,19239.76
9,15,5,1000,0.8315,21572.75
9,15,6,1000,0.9258,26289.07
9,15,7,1000,1.1441,37205.94
9,15,8,1000,1.3448,47241.35
9,15,9,1000,1.3924,49618.16
9,15,10,1000,1.4461,52305.03
9,15,11,1000,1.6442,62210.46
9,15,12,1000,1.7448,67242.26
9,15,13,1000,1.6007,60034.61
9,15,14,1000,1.4708,53538.57
9,15,15,1000,1.5031,55156.8
9,15,16,1000,1.4543,52715.27
9,15,17,1000,1.3344,46717.79
9,15,18,1000,1.0817,34083.82
9,15,19,1000,0.8623,23115.82
9,15,20,1000,0.786,19299.6
9,15,21,1000,0.7619,18095.68
9,15,22,1000,0.6285,11423.76
9,15,23,1000,0.4848,4238.4
9,15,24,1000,0.432,1601.14
9,16,0,1000,0.381,-952.18
9,16,1,1000,0.448,2399.72
9,16,2,1000,0.4806,4028.59
9,16,3,1000,0.572,8601.59
9,16,4,1000,0.6977,14883.3
9,16,5,1000,0.7457,17284.48
9,16,6,1000,0.8324,21619.72
9,16,7,1000,1.0234,31171.91
9,16,8,1000,1.19,39500.36
9,16,9,1000,1.2113,40567.14
9,16,10,1000,1.2445,42225.31
9,16,11,1000,1.436,51798.25
9,16,12,1000,1.5301,56506.69
9,16,13,1000,1.3832,49157.7
9,16,14,1000,1.2411,42056.19
9,16,15,1000,1.269,43448.35
9,16,16,1000,1.2473,42366.27
9,16,17,1000,1.2184,40922.02
9,16,18,1000,1.0679,33396.89
9,16,19,1000,0.872,23598.07
9,16,20,1000,0.7794,18970.98
9,16,21,1000,0.7289,16446.06
9,16,22,1000,0.5968,9840.89
9,16,23,1000,0.45,2499.75
9,16,24,1000,0.3821,-892.69
9,17,0,1000,0.3633,-1834.0
9,17,1,1000,0.424,1201.86
9,17,2,1000,0.4478,2391.0
9,17,3,1000,0.4948,4738.89
9,17,4,1000,0.5754,8771.85
9,17,5,1000,0.6639,13193.27
9,17,6,1000,0.7854,19270.84
9,17,7,1000,0.9421,27106.93
9,17,8,1000,1.1011,35054.76
9,17,9,1000,1.123,36150.15
9,17,10,1000,1.1162,35809.88
9,17,11,1000,1.2188,40940.99
9,17,12,1000,1.3158,45791.58
9,17,13,1000,1.247,42351.58
9,17,14,1000,1.1463,37316.63
9,17,15,1000,1.1288,36440.23
9,17,16,1000,1.0988,34942.41
9,17,17,1000,1.0881,34406.28
9,17,18,1000,0.9959,29797.17
9,17,19,1000,0.8424,22118.2
9,17,20,1000,0.7337,16686.4
9,17,21,1000,0.6669,13344.23
9,17,22,1000,0.5739,8694.85
9,17,23,1000,0.4664,3322.29
9,17,24,1000,0.3849,-757.04
9,18,0,1000,0.3473,-2634.63
9,18,1,1000,0.4134,668.23
9,18,2,1000,0.4696,3480.4
9,18,3,1000,0.4924,4621.39
9,18,4,1000,0.5193,5963.32
9,18,5,1000,0.6083,10417.48
9,18,6,1000,0.7383,16916.83
9,18,7,1000,0.8611,23054.98
9,18,8,1000,1.0358,31791.65
9,18,9,1000,1.0797,33983.21
9,18,10,1000,1.0355,31774.3
9,18,11,1000,1.0459,32297.17
9,18,12,1000,1.1488,37442.35
9,18,13,1000,1.1638,38188.88
9,18,14,1000,1.1118,35589.94
9,18,15,1000,1.0478,32387.72
9,18,16,1000,0.9991,29957.11
9,18,17,1000,0.9536,27681.22
9,18,18,1000,0.8655,23276.72
9,18,19,1000,0.7548,17740.0
9,18,20,1000,0.6434,12171.6
9,18,21,1000,0.5782,8909.09
9,18,22,1000,0.5374,6868.93
9,18,23,1000,0.4938,4688.29
9,18,24,1000,0.4235,1172.57
9,19,0,1000,0.3082,-4587.66
9,19,1,1000,0.3755,-1223.66
9,19,2,1000,0.4574,2870.71
9,19,3,1000,0.4892,4462.23
9,19,4,1000,0.5001,5004.91
9,19,5,1000,0.5477,7384.64
9,19,6,1000,0.6415,12075.26
9,19,7,1000,0.7411,17053.32
9,19,8,1000,0.8937,24686.44
9,19,9,1000,0.928,26400.61
9,19,10,1000,0.8785,23924.6
9,19,11,1000,0.8908,24540.01
9,19,12,1000,0.9995,29974.59
9,19,13,1000,1.0242,31210.85
9,19,14,1000,0.972,28597.68
9,19,15,1000,0.8969,24843.54
9,19,16,1000,0.8554,22768.42
9,19,17,1000,0.8236,21180.77
9,19,18,1000,0.76,18002.27
9,19,19,1000,0.6719,13593.88
9,19,20,1000,0.5713,8563.76
9,19,21,1000,0.5114,5570.84
9,19,22,1000,0.4841,4206.24
9,19,23,1000,0.4593,2964.12
9,19,24,1000,0.4033,165.39
9,20,0,1000,0.2782,-6088.25
9,20,1,1000,0.3299,-3507.09
9,20,2,1000,0.4158,788.87
9,20,3,1000,0.477,3850.29
9,20,4,1000,0.508,5397.77
9,20,5,1000,0.5295,6475.25
9,20,6,1000,0.5897,9486.66
9,20,7,1000,0.6781,13905.85
9,20,8,1000,0.7807,19033.84
9,20,9,1000,0.7978,19887.74
9,20,10,1000,0.7763,18815.49
9,20,11,1000,0.7949,19743.25
9,20,12,1000,0.8537,22686.87
9,20,13,1000,0.8529,22643.66
9,20,14,1000,0.8204,21018.0
9,20,15,1000,0.7726,18630.05
9,20,16,1000,0.7252,16260.02
9,20,17,1000,0.6902,14507.95
9,20,18,1000,0.6458,12291.76
9,20,19,1000,0.5771,8856.53
9,20,20,1000,0.5116,5578.67
9,20,21,1000,0.4655,3273.36
9,20,22,1000,0.4207,1032.59
9,20,23,1000,0.38,-1000.22
9,20,24,1000,0.3365,-3174.39
9,21,0,1000,0.2696,-6521.03
9,21,1,1000,0.2907,-5465.41
9,21,2,1000,0.3433,-2836.07
9,21,3,1000,0.4242,1212.17
9,21,4,1000,0.4888,4439.98
9,21,5,1000,0.5092,5457.94
9,21,6,1000,0.5503,7516.6
9,21,7,1000,0.6339,11692.69
9,21,8,1000,0.6927,14636.99
9,21,9,1000,0.7046,15228.48
9,21,10,1000,0.7245,16223.6
9,21,11,1000,0.7536,17679.07
9,21,12,1000,0.7509,17544.16
9,21,13,1000,0.7171,15853.2
9,21,14,1000,0.7146,15729.47
9,21,15,1000,0.7048,15238.49
9,21,16,1000,0.6418,12090.55
9,21,17,1000,0.5931,9654.72
9,21,18,1000,0.5649,8242.69
9,21,19,1000,0.5123,5613.83
9,21,20,1000,0.4871,4354.81
9,21,21,1000,0.4542,2711.4
9,21,22,1000,0.3772,-1138.25
9,21,23,1000,0.3086,-4570.64
9,21,24,1000,0.2804,-5980.32
9,22,0,1000,0.2496,-7519.64
9,22,1,1000,0.2583,-7082.78
9,22,2,1000,0.2868,-5659.09
9,22,3,1000,0.3565,-2175.35
9,22,4,1000,0.4177,886.79
9,22,5,1000,0.4288,1442.22
9,22,6,1000,0.4558,2790.94
9,22,7,1000,0.5273,6363.38
9,22,8,1000,0.5793,8964.37
9,22,9,1000,0.5946,9729.52
9,22,10,1000,0.6205,11027.47
9,22,11,1000,0.6695,13476.92
9,22,12,1000,0.6759,13794.21
9,22,13,1000,0.6403,12015.83
9,22,14,1000,0.6332,11662.2
9,22,15,1000,0.6208,11042.04
9,22,16,1000,0.5623,8114.28
9,22,17,1000,0.5309,6547.14
9,22,18,1000,0.5267,6334.21
9,22,19,1000,0.4845,4226.29
9,22,20,1000,0.4654,3271.51
9,22,21,1000,0.4321,1606.6
9,22,22,1000,0.3534,-2330.02
9,22,23,1000,0.288,-5597.64
9,22,24,1000,0.2724,-6380.16
9,23,0,1000,0.2294,-8529.83
9,23,1,1000,0.231,-8450.04
9,23,2,1000,0.2386,-8070.36
9,23,3,1000,0.2879,-5607.23
9,23,4,1000,0.3334,-3331.99
9,23,5,1000,0.3303,-3486.92
9,23,6,1000,0.3467,-2662.82
9,23,7,1000,0.4125,626.3
9,23,8,1000,0.487,4349.45
9,23,9,1000,0.5104,5521.65
9,23,10,1000,0.5187,5933.88
9,23,11,1000,0.5564,7817.87
9,23,12,1000,0.5793,8966.99
9,23,13,1000,0.5616,8079.32
9,23,14,1000,0.5665,8326.34
9,23,15,1000,0.5598,7989.53
9,23,16,1000,0.5125,5626.71
9,23,17,1000,0.4884,4422.16
9,23,18,1000,0.4869,4344.45
9,23,19,1000,0.452,2597.56
9,23,20,1000,0.4268,1338.58
9,23,21,1000,0.3872,-638.63
9,23,22,1000,0.321,-3949.52
9,23,23,1000,0.2694,-6531.39
9,23,24,1000,0.2632,-6838.76
9,24,0,1000,0.2093,-9534.82
9,24,1,1000,0.2079,-9604.89
9,24,2,1000,0.2103,-9484.55
9,24,3,1000,0.2485,-7572.65
9,24,4,1000,0.283,-5852.0
9,24,5,1000,0.2808,-5959.16
9,24,6,1000,0.3021,-4893.35
9,24,7,1000,0.3689,-1554.6
9,24,8,1000,0.4525,2626.91
9,24,9,1000,0.4625,3126.3
9,24,10,1000,0.4411,2053.91
9,24,11,1000,0.4392,1962.37
9,24,12,1000,0.468,3401.73
9,24,13,1000,0.4753,3765.69
9,24,14,1000,0.4977,4884.8
9,24,15,1000,0.496,4800.39
9,24,16,1000,0.4601,3003.29
9,24,17,1000,0.429,1450.25
9,24,18,1000,0.4119,593.65
9,24,19,1000,0.3841,-795.31
9,24,20,1000,0.3607,-1964.35
9,24,21,1000,0.3276,-3619.58
9,24,22,1000,0.2811,-5943.36
9,24,23,1000,0.2363,-8185.6
9,24,24,1000,0.2232,-8841.05
10,0,0,1000,0.1942,-10291.14
10,0,1,1000,0.2143,-9284.49
10,0,2,1000,0.2369,-8152.96
10,0,3,1000,0.2518,-7411.12
10,0,4,1000,0.2658,-6708.54
10,0,5,1000,0.2933,-5337.31
10,0,6,1000,0.3173,-4136.09
10,0,7,1000,0.335,-3251.25
10,0,8,1000,0.3742,-1290.57
10,0,9,1000,0.3914,-429.9
10,0,10,1000,0.3873,-637.26
10,0,11,1000,0.4297,1483.33
10,0,12,1000,0.4589,2945.88
10,0,13,1000,0.4271,1356.21
10,0,14,1000,0.3625,-1876.98
10,0,15,1000,0.3543,-2284.17
10,0,16,1000,0.3787,-1062.65
10,0,17,1000,0.3927,-365.65
10,0,18,1000,0.3628,-1861.08
10,0,19,1000,0.3271,-3646.6
10,0,20,1000,0.2847,-5765.63
10,0,21,1000,0.2575,-7122.85
10,0,22,1000,0.2498,-7510.95
10,0,23,1000,0.2458,-7711.2
10,0,24,1000,0.2209,-8953.0
10,1,0,1000,0.2091,-9543.87
10,1,1,1000,0.2289,-8554.99
10,1,2,1000,0.247,-7648.54
10,1,3,1000,0.2627,-6866.82
10,1,4,1000,0.2829,-5854.28
10,1,5,1000,0.3255,-3726.82
10,1,6,1000,0.3663,-1685.77
10,1,7,1000,0.3963,-183.26
10,1,8,1000,0.4493,2462.58
10,1,9,1000,0.4825,4126.07
10,1,10,1000,0.4945,4723.1
10,1,11,1000,0.5498,7491.78
10,1,12,1000,0.5788,8940.75
10,1,13,1000,0.5433,7162.53
10,1,14,1000,0.4596,2981.22
10,1,15,1000,0.4326,1630.87
10,1,16,1000,0.4519,2592.55
10,1,17,1000,0.4622,3110.05
10,1,18,1000,0.4363,1812.95
10,1,19,1000,0.4037,184.69
10,1,20,1000,0.3489,-2552.98
10,1,21,1000,0.2899,-5503.87
10,1,22,1000,0.2659,-6704.99
10,1,23,1000,0.2588,-7062.1
10,1,24,1000,0.2398,-8007.52
10,2,0,1000,0.2193,-9035.58
10,2,1,1000,0.2414,-7930.77
10,2,2,1000,0.2703,-6483.59
10,2,3,1000,0.304,-4801.19
10,2,4,1000,0.3327,-3366.98
10,2,5,1000,0.3625,-1874.14
10,2,6,1000,0.4146,731.23
10,2,7,1000,0.4684,3420.71
10,2,8,1000,0.5006,5030.16
10,2,9,1000,0.5393,6963.33
10,2,10,1000,0.5981,9904.7
10,2,11,1000,0.6473,12367.37
10,2,12,1000,0.6326,11629.19
10,2,13,1000,0.6004,10021.01
10,2,14,1000,0.5575,7874.12
10,2,15,1000,0.5558,7789.15
10,2,16,1000,0.5581,7904.37
10,2,17,1000,0.5183,5913.68
10,2,18,1000,0.4778,3888.62
10,2,19,1000,0.4718,3588.11
10,2,20,1000,0.4478,2388.02
10,2,21,1000,0.3709,-1457.12
10,2,22,1000,0.3092,-4540.91
10,2,23,1000,0.272,-6401.93
10,2,24,1000,0.2447,-7765.01
10,3,0,1000,0.2563,-7184.4
10,3,1,1000,0.2807,-5966.31
10,3,2,1000,0.309,-4551.14
10,3,3,1000,0.3512,-2440.86
10,3,4,1000,0.3856,-717.96
10,3,5,1000,0.4003,13.05
10,3,6,1000,0.4558,2791.96
10,3,7,1000,0.527,6347.85
10,3,8,1000,0.5459,7293.17
10,3,9,1000,0.588,9400.73
10,3,10,1000,0.6797,13983.58
10,3,11,1000,0.7276,16378.8
10,3,12,1000,0.6834,14169.65
10,3,13,1000,0.6496,12478.74
10,3,14,1000,0.614,10697.99
10,3,15,1000,0.6126,10630.9
10,3,16,1000,0.6047,10236.73
10,3,17,1000,0.5472,7359.47
10,3,18,1000,0.514,5698.17
10,3,19,1000,0.5262,6309.37
10,3,20,1000,0.5302,6509.01
10,3,21,1000,0.4558,2791.63
10,3,22,1000,0.3704,-1480.48
10,3,23,1000,0.3133,-4333.19
10,3,24,1000,0.2815,-5927.02
10,4,0,1000,0.2939,-5304.77
10,4,1,1000,0.3211,-3944.33
10,4,2,1000,0.3475,-2622.59
10,4,3,1000,0.3922,-392.25
10,4,4,1000,0.4336,1680.7
10,4,5,1000,0.4542,2708.09
10,4,6,1000,0.5122,5611.16
10,4,7,1000,0.586,9301.67
10,4,8,1000,0.6072,10358.28
10,4,9,1000,0.6527,12633.22
10,4,10,1000,0.7479,17395.03
10,4,11,1000,0.8055,20274.17
10,4,12,1000,0.7754,18767.58
10,4,13,1000,0.7452,17258.93
10,4,14,1000,0.6782,13910.47
10,4,15,1000,0.6279,11395.35
10,4,16,1000,0.603,10150.88
10,4,17,1000,0.5676,8381.15
10,4,18,1000,0.5755,8775.25
10,4,19,1000,0.5897,9485.81
10,4,20,1000,0.5898,9487.84
10,4,21,1000,0.5174,5872.06
10,4,22,1000,0.4305,1524.0
10,4,23,1000,0.3728,-1358.08
10,4,24,1000,0.3366,-3169.92
10,5,0,1000,0.2967,-5163.94
10,5,1,1000,0.3312,-3438.41
10,5,2,1000,0.3859,-703.07
10,5,3,1000,0.4474,2371.36
10,5,4,1000,0.5072,5358.38
10,5,5,1000,0.5743,8716.02
10,5,6,1000,0.6349,11743.2
10,5,7,1000,0.6817,14085.37
10,5,8,1000,0.6916,14578.71
10,5,9,1000,0.7185,15927.03
10,5,10,1000,0.7692,18458.08
10,5,11,1000,0.818,20902.4
10,5,12,1000,0.8592,22960.1
10,5,13,1000,0.8775,23876.55
10,5,14,1000,0.847,22350.77
10,5,15,1000,0.7382,16910.38
10,5,16,1000,0.6437,12186.05
10,5,17,1000,0.6077,10385.34
10,5,18,1000,0.6607,13035.69
10,5,19,1000,0.6587,12932.59
10,5,20,1000,0.6112,10562.19
10,5,21,1000,0.5352,6758.96
10,5,22,1000,0.4796,3981.04
10,5,23,1000,0.4394,1972.14
10,5,24,1000,0.3772,-1140.39
10,6,0,1000,0.3239,-3805.56
10,6,1,1000,0.3593,-2033.94
10,6,2,1000,0.4103,514.77
10,6,3,1000,0.4707,3537.36
10,6,4,1000,0.5496,7479.66
10,6,5,1000,0.681,14050.87
10,6,6,1000,0.7678,18388.38
10,6,7,1000,0.8057,20287.25
10,6,8,1000,0.8342,21710.65
10,6,9,1000,0.8718,23590.73
10,6,10,1000,0.8976,24878.29
10,6,11,1000,0.9395,26974.18
10,6,12,1000,1.0336,31679.22
10,6,13,1000,1.0921,34606.64
10,6,14,1000,1.113,35651.83
10,6,15,1000,0.9767,28835.33
10,6,16,1000,0.8169,20843.0
10,6,17,1000,0.7338,16691.6
10,6,18,1000,0.7708,18539.4
10,6,19,1000,0.7447,17234.47
10,6,20,1000,0.6377,11885.82
10,6,21,1000,0.5247,6234.14
10,6,22,1000,0.4859,4292.85
10,6,23,1000,0.4701,3507.17
10,6,24,1000,0.4096,479.74
10,7,0,1000,0.3801,-995.33
10,7,1,1000,0.4136,677.77
10,7,2,1000,0.4404,2021.16
10,7,3,1000,0.4894,4468.43
10,7,4,1000,0.5761,8803.81
10,7,5,1000,0.7378,16890.31
10,7,6,1000,0.8557,22785.04
10,7,7,1000,0.9157,25785.77
10,7,8,1000,0.9812,29061.62
10,7,9,1000,1.0515,32574.01
10,7,10,1000,1.0935,34673.54
10,7,11,1000,1.1353,36766.75
10,7,12,1000,1.2357,41784.41
10,7,13,1000,1.3057,45284.24
10,7,14,1000,1.3373,46866.59
10,7,15,1000,1.1975,39875.41
10,7,16,1000,1.0188,30939.53
10,7,17,1000,0.884,24199.5
10,7,18,1000,0.8663,23315.7
10,7,19,1000,0.8238,21191.34
10,7,20,1000,0.6869,14345.74
10,7,21,1000,0.5349,6747.03
10,7,22,1000,0.487,4347.75
10,7,23,1000,0.4865,4325.88
10,7,24,1000,0.453,2648.48
10,8,0,1000,0.3961,-194.12
10,8,1,1000,0.4366,1830.78
10,8,2,1000,0.5048,5237.75
10,8,3,1000,0.5776,8878.68
10,8,4,1000,0.6479,12394.89
10,8,5,1000,0.7621,18105.14
10,8,6,1000,0.8912,24561.01
10,8,7,1000,0.9992,29957.98
10,8,8,1000,1.0867,34333.33
10,8,9,1000,1.1611,38053.56
10,8,10,1000,1.2246,41230.29
10,8,11,1000,1.2245,41223.87
10,8,12,1000,1.292,44600.18
10,8,13,1000,1.3798,48991.55
10,8,14,1000,1.4128,50641.57
10,8,15,1000,1.3401,47002.74
10,8,16,1000,1.2373,41863.97
10,8,17,1000,1.0594,32968.77
10,8,18,1000,0.9217,26086.29
10,8,19,1000,0.8669,23347.02
10,8,20,1000,0.743,17147.94
10,8,21,1000,0.5802,9007.83
10,8,22,1000,0.5151,5756.93
10,8,23,1000,0.503,5148.92
10,8,24,1000,0.4733,3662.92
10,9,0,1000,0.3866,-669.12
10,9,1,1000,0.4305,1526.82
10,9,2,1000,0.5329,6645.46
10,9,3,1000,0.6245,11223.04
10,9,4,1000,0.6815,14072.85
10,9,5,1000,0.7678,18389.42
10,9,6,1000,0.9154,25768.61
10,9,7,1000,1.0703,33515.3
10,9,8,1000,1.2068,40337.53
10,9,9,1000,1.3134,45668.53
10,9,10,1000,1.4092,50458.44
10,9,11,1000,1.3939,49695.12
10,9,12,1000,1.4516,52582.24
10,9,13,1000,1.5518,57591.21
10,9,14,1000,1.4854,54269.49
10,9,15,1000,1.371,48551.97
10,9,16,1000,1.3324,46620.26
10,9,17,1000,1.1845,39225.75
10,9,18,1000,1.0202,31008.1
10,9,19,1000,0.9599,27993.16
10,9,20,1000,0.8403,22016.1
10,9,21,1000,0.6634,13172.28
10,9,22,1000,0.5782,8910.4
10,9,23,1000,0.5307,6534.97
10,9,24,1000,0.4632,3161.3
10,10,0,1000,0.4044,220.04
10,10,1,1000,0.4421,2104.18
10,10,2,1000,0.5221,6103.63
10,10,3,1000,0.6041,10205.34
10,10,4,1000,0.6683,13414.65
10,10,5,1000,0.7839,19193.16
10,10,6,1000,0.9621,28104.25
10,10,7,1000,1.1505,37524.27
10,10,8,1000,1.3786,48927.89
10,10,9,1000,1.5685,58426.83
10,10,10,1000,1.7053,65266.5
10,10,11,1000,1.7168,65841.74
10,10,12,1000,1.8068,70339.48
10,10,13,1000,1.9173,75864.57
10,10,14,1000,1.7166,65830.25
10,10,15,1000,1.4506,52532.19
10,10,16,1000,1.3852,49258.7
10,10,17,1000,1.2843,44216.5
10,10,18,1000,1.1724,38622.17
10,10,19,1000,1.0955,34775.88
10,10,20,1000,0.9338,26688.38
10,10,21,1000,0.7134,15669.91
10,10,22,1000,0.6118,10590.87
10,10,23,1000,0.5455,7274.68
10,10,24,1000,0.4553,2765.96
10,11,0,1000,0.4294,1470.54
10,11,1,1000,0.4598,2989.81
10,11,2,1000,0.5474,7367.72
10,11,3,1000,0.671,13550.25
10,11,4,1000,0.7649,18247.14
10,11,5,1000,0.8319,21594.81
10,11,6,1000,0.9808,29039.76
10,11,7,1000,1.2236,41182.15
10,11,8,1000,1.5401,57004.4
10,11,9,1000,1.7684,68420.5
10,11,10,1000,1.9119,75594.69
10,11,11,1000,1.9074,75372.48
10,11,12,1000,2.0472,82361.98
10,11,13,1000,2.2151,90752.56
10,11,14,1000,1.9886,79430.23
10,11,15,1000,1.5947,59732.62
10,11,16,1000,1.4512,52557.72
10,11,17,1000,1.4093,50467.43
10,11,18,1000,1.3514,47568.11
10,11,19,1000,1.2044,40219.9
10,11,20,1000,0.9824,29121.38
10,11,21,1000,0.742,17101.52
10,11,22,1000,0.6195,10975.91
10,11,23,1000,0.5219,6093.05
10,11,24,1000,0.4274,1371.91
10,12,0,1000,0.4461,2306.05
10,12,1,1000,0.4695,3477.17
10,12,2,1000,0.5654,8271.71
10,12,3,1000,0.7278,16392.27
10,12,4,1000,0.8543,22714.23
10,12,5,1000,0.9016,25080.66
10,12,6,1000,1.0424,32118.59
10,12,7,1000,1.3174,45869.84
10,12,8,1000,1.5684,58420.13
10,12,9,1000,1.6886,64429.91
10,12,10,1000,1.8059,70294.3
10,12,11,1000,1.8513,72563.31
10,12,12,1000,2.1164,85820.64
10,12,13,1000,2.3528,97640.24
10,12,14,1000,2.2189,90945.17
10,12,15,1000,1.8144,70720.46
10,12,16,1000,1.5941,59707.12
10,12,17,1000,1.5033,55163.99
10,12,18,1000,1.3838,49188.24
10,12,19,1000,1.172,38599.32
10,12,20,1000,0.9551,27757.2
10,12,21,1000,0.7704,18518.24
10,12,22,1000,0.6423,12113.4
10,12,23,1000,0.5176,5878.86
10,12,24,1000,0.4248,1239.24
10,13,0,1000,0.4484,2418.87
10,13,1,1000,0.4664,3317.7
10,13,2,1000,0.5359,6796.38
10,13,3,1000,0.6815,14076.83
10,13,4,1000,0.8173,20865.61
10,13,5,1000,0.9228,26139.18
10,13,6,1000,1.1089,35447.37
10,13,7,1000,1.3811,49054.82
10,13,8,1000,1.5385,56924.58
10,13,9,1000,1.5647,58236.89
10,13,10,1000,1.6726,63631.89
10,13,11,1000,1.8208,71041.79
10,13,12,1000,2.1868,89339.98
10,13,13,1000,2.4203,101016.92
10,13,14,1000,2.2922,94610.78
10,13,15,1000,1.9,75000.24
10,13,16,1000,1.6691,63454.51
10,13,17,1000,1.512,55598.84
10,13,18,1000,1.3186,45927.78
10,13,19,1000,1.0999,34995.69
10,13,20,1000,0.9254,26269.21
10,13,21,1000,0.7964,19819.28
10,13,22,1000,0.6733,13667.45
10,13,23,1000,0.5386,6932.19
10,13,24,1000,0.4385,1922.51
10,14,0,1000,0.4401,2004.55
10,14,1,1000,0.4855,4274.98
10,14,2,1000,0.5392,6961.31
10,14,3,1000,0.665,13251.42
10,14,4,1000,0.8148,20741.82
10,14,5,1000,0.9444,27221.8
10,14,6,1000,1.1348,36740.96
10,14,7,1000,1.4027,50135.33
10,14,8,1000,1.5703,58512.84
10,14,9,1000,1.5993,59966.57
10,14,10,1000,1.7079,65394.23
10,14,11,1000,1.9198,75989.69
10,14,12,1000,2.1692,88458.15
10,14,13,1000,2.1973,89865.58
10,14,14,1000,2.0467,82336.38
10,14,15,1000,1.8563,72816.51
10,14,16,1000,1.6958,64792.39
10,14,17,1000,1.5012,55059.61
10,14,18,1000,1.2183,40914.9
10,14,19,1000,0.9855,29274.27
10,14,20,1000,0.8622,23108.62
10,14,21,1000,0.7892,19459.99
10,14,22,1000,0.6585,12925.23
10,14,23,1000,0.5248,6240.82
10,14,24,1000,0.4613,3066.88
10,15,0,1000,0.4054,272.35
10,15,1,1000,0.4809,4047.09
10,15,2,1000,0.5308,6542.34
10,15,3,1000,0.6415,12075.71
10,15,4,1000,0.7927,19635.15
10,15,5,1000,0.8933,24667.05
10,15,6,1000,1.0407,32033.46
10,15,7,1000,1.2926,44630.18
10,15,8,1000,1.527,56349.51
10,15,9,1000,1.612,60599.7
10,15,10,1000,1.7082,65409.32
10,15,11,1000,1.8962,74807.8
10,15,12,1000,1.9492,77458.7
10,15,13,1000,1.7736,68677.72
10,15,14,1000,1.5875,59373.01
10,15,15,1000,1.5891,59454.65
10,15,16,1000,1.5276,56382.01
10,15,17,1000,1.4239,51197.37
10,15,18,1000,1.1862,39308.4
10,15,19,1000,0.9512,27559.18
10,15,20,1000,0.8297,21483.16
10,15,21,1000,0.7492,17458.61
10,15,22,1000,0.6025,10125.23
10,15,23,1000,0.4704,3521.08
10,15,24,1000,0.4401,2004.5
10,16,0,1000,0.3696,-1521.23
10,16,1,1000,0.4389,1943.41
10,16,2,1000,0.4716,3579.21
10,16,3,1000,0.5619,8095.31
10,16,4,1000,0.6984,14920.06
10,16,5,1000,0.7972,19858.31
10,16,6,1000,0.9326,26627.6
10,16,7,1000,1.152,37601.87
10,16,8,1000,1.3485,47424.24
10,16,9,1000,1.4013,50064.31
10,16,10,1000,1.4647,53235.43
10,16,11,1000,1.6301,61506.86
10,16,12,1000,1.6672,63358.17
10,16,13,1000,1.4928,54640.87
10,16,14,1000,1.312,45600.35
10,16,15,1000,1.3258,46290.23
10,16,16,1000,1.3012,45061.46
10,16,17,1000,1.2887,44436.64
10,16,18,1000,1.1497,37486.99
10,16,19,1000,0.9413,27063.23
10,16,20,1000,0.8118,20589.47
10,16,21,1000,0.7145,15723.85
10,16,22,1000,0.5715,8573.57
10,16,23,1000,0.4371,1856.92
10,16,24,1000,0.3931,-346.81
10,17,0,1000,0.3684,-1578.89
10,17,1,1000,0.43,1499.33
10,17,2,1000,0.4508,2539.81
10,17,3,1000,0.4975,4875.49
10,17,4,1000,0.5894,9472.32
10,17,5,1000,0.7202,16010.04
10,17,6,1000,0.8809,24044.68
10,17,7,1000,1.0546,32731.06
10,17,8,1000,1.2042,40207.6
10,17,9,1000,1.2223,41113.84
10,17,10,1000,1.2332,41661.32
10,17,11,1000,1.3242,46212.46
10,17,12,1000,1.3888,49437.98
10,17,13,1000,1.305,45250.46
10,17,14,1000,1.2127,40632.66
10,17,15,1000,1.2195,40973.59
10,17,16,1000,1.1869,39342.87
10,17,17,1000,1.1659,38295.29
10,17,18,1000,1.0575,32872.87
10,17,19,1000,0.8906,24530.6
10,17,20,1000,0.7569,17842.89
10,17,21,1000,0.6593,12964.95
10,17,22,1000,0.5586,7927.84
10,17,23,1000,0.4552,2761.09
10,17,24,1000,0.3821,-893.56
10,18,0,1000,0.3733,-1336.08
10,18,1,1000,0.4381,1905.3
10,18,2,1000,0.4867,4334.14
10,18,3,1000,0.5102,5507.72
10,18,4,1000,0.5497,7486.69
10,18,5,1000,0.6738,13688.02
10,18,6,1000,0.8338,21687.7
10,18,7,1000,0.9623,28114.87
10,18,8,1000,1.0869,34344.99
10,18,9,1000,1.0927,34634.34
10,18,10,1000,1.0583,32914.11
10,18,11,1000,1.0788,33940.13
10,18,12,1000,1.1771,38856.42
10,18,13,1000,1.1868,39337.57
10,18,14,1000,1.1822,39109.03
10,18,15,1000,1.1753,38765.3
10,18,16,1000,1.123,36151.37
10,18,17,1000,1.0436,32180.3
10,18,18,1000,0.9146,25731.38
10,18,19,1000,0.789,19451.28
10,18,20,1000,0.6625,13123.42
10,18,21,1000,0.5809,9045.87
10,18,22,1000,0.5349,6746.67
10,18,23,1000,0.4849,4247.05
10,18,24,1000,0.4039,193.79
10,19,0,1000,0.3359,-3205.92
10,19,1,1000,0.4013,67.48
10,19,2,1000,0.4748,3739.88
10,19,3,1000,0.507,5351.64
10,19,4,1000,0.5296,6478.77
10,19,5,1000,0.6072,10362.33
10,19,6,1000,0.7256,16282.47
10,19,7,1000,0.8277,21384.96
10,19,8,1000,0.9303,26516.1
10,19,9,1000,0.927,26347.62
10,19,10,1000,0.8849,24247.01
10,19,11,1000,0.9093,25463.33
10,19,12,1000,1.0172,30857.65
10,19,13,1000,1.0378,31890.36
10,19,14,1000,1.0284,31419.37
10,19,15,1000,1.005,30248.29
10,19,16,1000,0.9619,28093.15
10,19,17,1000,0.902,25100.72
10,19,18,1000,0.8038,20191.56
10,19,19,1000,0.7033,15162.5
10,19,20,1000,0.5903,9516.02
10,19,21,1000,0.5173,5866.08
10,19,22,1000,0.4855,4273.27
10,19,23,1000,0.4529,2643.22
10,19,24,1000,0.3836,-822.36
10,20,0,1000,0.2949,-5254.06
10,20,1,1000,0.3457,-2715.27
10,20,2,1000,0.425,1252.1
10,20,3,1000,0.4847,4234.66
10,20,4,1000,0.5239,6195.42
10,20,5,1000,0.5739,8694.42
10,20,6,1000,0.6577,12885.39
10,20,7,1000,0.7488,17439.61
10,20,8,1000,0.8142,20710.24
10,20,9,1000,0.8023,20114.84
10,20,10,1000,0.7854,19268.61
10,20,11,1000,0.8095,20473.62
10,20,12,1000,0.8647,23236.27
10,20,13,1000,0.8604,23018.77
10,20,14,1000,0.8608,23042.08
10,20,15,1000,0.853,22649.96
10,20,16,1000,0.8048,20240.19
10,20,17,1000,0.746,17301.07
10,20,18,1000,0.673,13650.35
10,20,19,1000,0.5959,9796.4
10,20,20,1000,0.5256,6278.24
10,20,21,1000,0.474,3700.73
10,20,22,1000,0.4256,1282.23
10,20,23,1000,0.3775,-1124.32
10,20,24,1000,0.3229,-3855.91
10,21,0,1000,0.2714,-6429.03
10,21,1,1000,0.2933,-5332.69
10,21,2,1000,0.3416,-2921.02
10,21,3,1000,0.4178,888.6
10,21,4,1000,0.4862,4309.74
10,21,5,1000,0.5349,6742.73
10,21,6,1000,0.6006,10031.5
10,21,7,1000,0.6878,14388.25
10,21,8,1000,0.7228,16139.7
10,21,9,1000,0.7134,15667.5
10,21,10,1000,0.734,16698.87
10,21,11,1000,0.7632,18162.25
10,21,12,1000,0.7566,17831.0
10,21,13,1000,0.7209,16044.44
10,21,14,1000,0.7459,17294.6
10,21,15,1000,0.768,18400.07
10,21,16,1000,0.7041,15202.5
10,21,17,1000,0.6297,11483.15
10,21,18,1000,0.5718,8588.55
10,21,19,1000,0.514,5699.41
10,21,20,1000,0.4924,4618.01
10,21,21,1000,0.4627,3136.6
10,21,22,1000,0.3835,-824.9
10,21,23,1000,0.3085,-4576.13
10,21,24,1000,0.2732,-6339.12
10,22,0,1000,0.2489,-7557.29
10,22,1,1000,0.2585,-7073.87
10,22,2,1000,0.2825,-5873.01
10,22,3,1000,0.3465,-2674.01
10,22,4,1000,0.4101,503.79
10,22,5,1000,0.4464,2318.52
10,22,6,1000,0.4952,4759.13
10,22,7,1000,0.5694,8469.78
10,22,8,1000,0.6022,10112.09
10,22,9,1000,0.5998,9990.4
10,22,10,1000,0.6256,11278.79
10,22,11,1000,0.6759,13796.82
10,22,12,1000,0.6812,14058.33
10,22,13,1000,0.6446,12229.72
10,22,14,1000,0.6614,13072.26
10,22,15,1000,0.6766,13830.96
10,22,16,1000,0.6175,10874.86
10,22,17,1000,0.5623,8117.33
10,22,18,1000,0.5303,6517.23
10,22,19,1000,0.4839,4194.01
10,22,20,1000,0.4683,3417.4
10,22,21,1000,0.438,1897.64
10,22,22,1000,0.3574,-2131.63
10,22,23,1000,0.2871,-5643.89
10,22,24,1000,0.2668,-6661.22
10,23,0,1000,0.2323,-8385.64
10,23,1,1000,0.2347,-8265.24
10,23,2,1000,0.24,-8002.45
10,23,3,1000,0.2863,-5685.65
10,23,4,1000,0.3344,-3280.48
10,23,5,1000,0.3495,-2523.82
10,23,6,1000,0.3807,-964.55
10,23,7,1000,0.4468,2339.87
10,23,8,1000,0.5026,5130.28
10,23,9,1000,0.5107,5536.71
10,23,10,1000,0.5194,5970.63
10,23,11,1000,0.5611,8054.1
10,23,12,1000,0.5862,9309.99
10,23,13,1000,0.5687,8433.64
10,23,14,1000,0.5931,9654.92
10,23,15,1000,0.6082,10408.71
10,23,16,1000,0.5607,8034.4
10,23,17,1000,0.5194,5970.53
10,23,18,1000,0.4968,4840.77
10,23,19,1000,0.4574,2868.65
10,23,20,1000,0.4304,1520.06
10,23,21,1000,0.3875,-624.3
10,23,22,1000,0.319,-4048.77
10,23,23,1000,0.2647,-6766.04
10,23,24,1000,0.2564,-7179.19
10,24,0,1000,0.2181,-9094.24
10,24,1,1000,0.2175,-9122.95
10,24,2,1000,0.2221,-8893.0
10,24,3,1000,0.2627,-6863.58
10,24,4,1000,0.3009,-4955.5
10,24,5,1000,0.3079,-4604.91
10,24,6,1000,0.3344,-3278.55
10,24,7,1000,0.3983,-86.04
10,24,8,1000,0.4624,3119.47
10,24,9,1000,0.4595,2976.89
10,24,10,1000,0.4396,1980.76
10,24,11,1000,0.4422,2111.57
10,24,12,1000,0.4742,3712.17
10,24,13,1000,0.4833,4162.9
10,24,14,1000,0.5212,6059.57
10,24,15,1000,0.5355,6775.04
10,24,16,1000,0.4996,4979.49
10,24,17,1000,0.4602,3009.66
10,24,18,1000,0.4311,1553.92
10,24,19,1000,0.3981,-92.61
10,24,20,1000,0.3653,-1733.15
10,24,21,1000,0.32,-3997.92
10,24,22,1000,0.2704,-6478.42
10,24,23,1000,0.2259,-8704.73
10,24,24,1000,0.2146,-9271.92
11,0,0,1000,0.2031,-9842.96
11,0,1,1000,0.2326,-8371.44
11,0,2,1000,0.2571,-7145.96
11,0,3,1000,0.2688,-6559.5
11,0,4,1000,0.2771,-6147.38
11,0,5,1000,0.2891,-5543.57
11,0,6,1000,0.3177,-4113.57
11,0,7,1000,0.345,-2747.59
11,0,8,1000,0.3688,-1559.15
11,0,9,1000,0.3895,-523.8
11,0,10,1000,0.4137,685.18
11,0,11,1000,0.4595,2976.98
11,0,12,1000,0.4734,3669.3
11,0,13,1000,0.4474,2368.2
11,0,14,1000,0.378,-1102.38
11,0,15,1000,0.3477,-2614.6
11,0,16,1000,0.3611,-1945.82
11,0,17,1000,0.3785,-1075.3
11,0,18,1000,0.3714,-1430.6
11,0,19,1000,0.3479,-2602.71
11,0,20,1000,0.318,-4099.68
11,0,21,1000,0.2889,-5555.75
11,0,22,1000,0.2677,-6616.83
11,0,23,1000,0.2391,-8045.16
11,0,24,1000,0.1983,-10086.62
11,1,0,1000,0.2261,-8694.12
11,1,1,1000,0.2567,-7163.62
11,1,2,1000,0.2803,-5987.13
11,1,3,1000,0.2955,-5224.2
11,1,4,1000,0.3115,-4425.53
11,1,5,1000,0.3362,-3189.2
11,1,6,1000,0.3754,-1228.94
11,1,7,1000,0.4115,572.59
11,1,8,1000,0.4499,2497.27
11,1,9,1000,0.4839,4195.33
11,1,10,1000,0.5165,5825.69
11,1,11,1000,0.5773,8864.59
11,1,12,1000,0.6039,10193.43
11,1,13,1000,0.5797,8985.89
11,1,14,1000,0.4932,4661.52
11,1,15,1000,0.4376,1879.43
11,1,16,1000,0.44,2001.41
11,1,17,1000,0.4431,2156.08
11,1,18,1000,0.4292,1457.6
11,1,19,1000,0.4062,309.83
11,1,20,1000,0.3721,-1393.95
11,1,21,1000,0.326,-3700.21
11,1,22,1000,0.2914,-5432.35
11,1,23,1000,0.2582,-7090.17
11,1,24,1000,0.2214,-8927.51
11,2,0,1000,0.2328,-8361.96
11,2,1,1000,0.2648,-6761.21
11,2,2,1000,0.3069,-4653.54
11,2,3,1000,0.3467,-2667.22
11,2,4,1000,0.378,-1097.64
11,2,5,1000,0.3999,-5.55
11,2,6,1000,0.4355,1777.12
11,2,7,1000,0.4801,4005.7
11,2,8,1000,0.5206,6028.01
11,2,9,1000,0.5594,7971.66
11,2,10,1000,0.5998,9992.06
11,2,11,1000,0.6522,12611.25
11,2,12,1000,0.681,14048.06
11,2,13,1000,0.6778,13890.91
11,2,14,1000,0.6414,12067.55
11,2,15,1000,0.5968,9839.59
11,2,16,1000,0.5676,8382.01
11,2,17,1000,0.518,5900.53
11,2,18,1000,0.4887,4435.51
11,2,19,1000,0.4811,4056.08
11,2,20,1000,0.4694,3470.71
11,2,21,1000,0.4111,552.62
11,2,22,1000,0.3434,-2831.62
11,2,23,1000,0.2855,-5726.9
11,2,24,1000,0.2429,-7855.25
11,3,0,1000,0.2459,-7706.11
11,3,1,1000,0.2791,-6043.34
11,3,2,1000,0.3292,-3542.38
11,3,3,1000,0.3823,-883.18
11,3,4,1000,0.4245,1222.5
11,3,5,1000,0.4466,2332.25
11,3,6,1000,0.4831,4157.0
11,3,7,1000,0.5356,6781.82
11,3,8,1000,0.5772,8858.71
11,3,9,1000,0.6196,10980.85
11,3,10,1000,0.667,13349.58
11,3,11,1000,0.7091,15457.26
11,3,12,1000,0.7328,16641.91
11,3,13,1000,0.7416,17079.16
11,3,14,1000,0.7312,16559.21
11,3,15,1000,0.6881,14405.69
11,3,16,1000,0.6386,11931.49
11,3,17,1000,0.5761,8807.0
11,3,18,1000,0.5634,8167.53
11,3,19,1000,0.5665,8325.21
11,3,20,1000,0.5619,8093.15
11,3,21,1000,0.4866,4330.66
11,3,22,1000,0.3935,-325.42
11,3,23,1000,0.323,-3850.33
11,3,24,1000,0.2849,-5754.56
11,4,0,1000,0.268,-6599.63
11,4,1,1000,0.3036,-4819.12
11,4,2,1000,0.3526,-2368.62
11,4,3,1000,0.4058,288.66
11,4,4,1000,0.4524,2618.72
11,4,5,1000,0.4902,4511.03
11,4,6,1000,0.5437,7183.73
11,4,7,1000,0.6052,10258.09
11,4,8,1000,0.6459,12296.46
11,4,9,1000,0.6899,14494.16
11,4,10,1000,0.7458,17289.98
11,4,11,1000,0.7896,19480.94
11,4,12,1000,0.8143,20715.77
11,4,13,1000,0.8263,21313.06
11,4,14,1000,0.8004,20022.21
11,4,15,1000,0.7255,16274.06
11,4,16,1000,0.6597,12983.64
11,4,17,1000,0.6204,11018.69
11,4,18,1000,0.6524,12619.61
11,4,19,1000,0.658,12899.88
11,4,20,1000,0.6304,11517.83
11,4,21,1000,0.528,6398.77
11,4,22,1000,0.4296,1479.39
11,4,23,1000,0.3637,-1816.5
11,4,24,1000,0.3302,-3489.94
11,5,0,1000,0.2968,-5159.06
11,5,1,1000,0.3381,-3093.12
11,5,2,1000,0.3938,-312.15
11,5,3,1000,0.4425,2124.42
11,5,4,1000,0.4891,4454.96
11,5,5,1000,0.571,8550.53
11,5,6,1000,0.6719,13596.6
11,5,7,1000,0.7417,17086.01
11,5,8,1000,0.7341,16702.66
11,5,9,1000,0.7403,17014.96
11,5,10,1000,0.8044,20221.43
11,5,11,1000,0.8597,22985.19
11,5,12,1000,0.904,25201.24
11,5,13,1000,0.9343,26714.66
11,5,14,1000,0.9248,26238.87
11,5,15,1000,0.8122,20612.2
11,5,16,1000,0.6988,14940.96
11,5,17,1000,0.6592,12957.52
11,5,18,1000,0.7336,16681.24
11,5,19,1000,0.7381,16903.39
11,5,20,1000,0.6542,12708.86
11,5,21,1000,0.5196,5978.44
11,5,22,1000,0.4541,2706.76
11,5,23,1000,0.4055,276.08
11,5,24,1000,0.3442,-2787.84
11,6,0,1000,0.3442,-2791.39
11,6,1,1000,0.3865,-674.2
11,6,2,1000,0.4255,1276.05
11,6,3,1000,0.4594,2970.03
11,6,4,1000,0.5122,5609.97
11,6,5,1000,0.6564,12819.66
11,6,6,1000,0.8176,20880.01
11,6,7,1000,0.9016,25079.05
11,6,8,1000,0.8537,22682.91
11,6,9,1000,0.8285,21423.8
11,6,10,1000,0.9084,25422.12
11,6,11,1000,1.0035,30174.03
11,6,12,1000,1.0908,34539.98
11,6,13,1000,1.1392,36962.29
11,6,14,1000,1.1447,37235.44
11,6,15,1000,0.9974,29868.02
11,6,16,1000,0.8332,21657.97
11,6,17,1000,0.7465,17323.45
11,6,18,1000,0.8042,20207.73
11,6,19,1000,0.7992,19961.89
11,6,20,1000,0.6685,13424.96
11,6,21,1000,0.5027,5132.74
11,6,22,1000,0.4594,2970.34
11,6,23,1000,0.43,1499.12
11,6,24,1000,0.3618,-1909.36
11,7,0,1000,0.3814,-927.57
11,7,1,1000,0.422,1102.17
11,7,2,1000,0.4444,2219.82
11,7,3,1000,0.4693,3465.08
11,7,4,1000,0.5319,6595.01
11,7,5,1000,0.724,16200.45
11,7,6,1000,0.9284,26419.31
11,7,7,1000,1.0273,31366.53
11,7,8,1000,0.9729,28644.58
11,7,9,1000,0.9506,27530.51
11,7,10,1000,1.056,32800.08
11,7,11,1000,1.1912,39559.87
11,7,12,1000,1.3111,45555.05
11,7,13,1000,1.3674,48371.48
11,7,14,1000,1.3668,48340.58
11,7,15,1000,1.1974,39868.3
11,7,16,1000,1.0081,30403.02
11,7,17,1000,0.8759,23795.7
11,7,18,1000,0.8855,24277.4
11,7,19,1000,0.86,23000.48
11,7,20,1000,0.7094,15472.22
11,7,21,1000,0.5238,6191.02
11,7,22,1000,0.4711,3555.83
11,7,23,1000,0.45,2497.5
11,7,24,1000,0.4057,283.78
11,8,0,1000,0.3625,-1874.62
11,8,1,1000,0.4075,374.31
11,8,2,1000,0.4881,4403.96
11,8,3,1000,0.549,7448.32
11,8,4,1000,0.6118,10589.64
11,8,5,1000,0.7964,19822.27
11,8,6,1000,0.9916,29580.55
11,8,7,1000,1.0879,34393.68
11,8,8,1000,1.0802,34011.39
11,8,9,1000,1.1408,37041.2
11,8,10,1000,1.2899,44495.11
11,8,11,1000,1.3809,49043.81
11,8,12,1000,1.4322,51611.58
11,8,13,1000,1.4832,54161.31
11,8,14,1000,1.4851,54254.48
11,8,15,1000,1.3736,48678.17
11,8,16,1000,1.2302,41510.52
11,8,17,1000,1.0897,34484.04
11,8,18,1000,0.9934,29671.96
11,8,19,1000,0.9007,25034.12
11,8,20,1000,0.7686,18431.96
11,8,21,1000,0.6222,11108.57
11,8,22,1000,0.5351,6755.25
11,8,23,1000,0.4752,3758.23
11,8,24,1000,0.433,1649.32
11,9,0,1000,0.3558,-2212.3
11,9,1,1000,0.4027,133.17
11,9,2,1000,0.5221,6103.39
11,9,3,1000,0.6077,10385.48
11,9,4,1000,0.6653,13264.61
11,9,5,1000,0.8192,20960.19
11,9,6,1000,0.9869,29346.62
11,9,7,1000,1.0897,34485.42
11,9,8,1000,1.2169,40843.23
11,9,9,1000,1.4426,52128.46
11,9,10,1000,1.6505,62523.03
11,9,11,1000,1.6481,62403.01
11,9,12,1000,1.5753,58766.57
11,9,13,1000,1.6125,60622.77
11,9,14,1000,1.5485,57423.32
11,9,15,1000,1.4218,51089.69
11,9,16,1000,1.3189,45947.26
11,9,17,1000,1.2393,41964.77
11,9,18,1000,1.1268,36340.47
11,9,19,1000,0.9805,29025.46
11,9,20,1000,0.8503,22516.86
11,9,21,1000,0.7211,16055.17
11,9,22,1000,0.5999,9992.67
11,9,23,1000,0.4901,4505.27
11,9,24,1000,0.42,998.31
11,10,0,1000,0.3946,-272.38
11,10,1,1000,0.4358,1792.01
11,10,2,1000,0.5257,6287.25
11,10,3,1000,0.5986,9930.56
11,10,4,1000,0.6599,12996.26
11,10,5,1000,0.8188,20939.87
11,10,6,1000,0.9953,29766.02
11,10,7,1000,1.1273,36366.59
11,10,8,1000,1.3776,48879.0
11,10,9,1000,1.733,66651.87
11,10,10,1000,2.0037,80187.18
11,10,11,1000,1.9918,79591.88
11,10,12,1000,1.888,74401.82
11,10,13,1000,1.9219,76094.75
11,10,14,1000,1.7315,66576.96
11,10,15,1000,1.463,53150.18
11,10,16,1000,1.3262,46310.52
11,10,17,1000,1.2897,44486.45
11,10,18,1000,1.2328,41639.55
11,10,19,1000,1.0763,33814.71
11,10,20,1000,0.9141,25705.03
11,10,21,1000,0.7485,17422.74
11,10,22,1000,0.6131,10653.27
11,10,23,1000,0.4915,4572.6
11,10,24,1000,0.4084,419.28
11,11,0,1000,0.4305,1524.09
11,11,1,1000,0.4652,3260.14
11,11,2,1000,0.5509,7544.98
11,11,3,1000,0.6624,13120.26
11,11,4,1000,0.7632,18161.03
11,11,5,1000,0.8923,24615.4
11,11,6,1000,1.0594,32967.64
11,11,7,1000,1.2548,42737.87
11,11,8,1000,1.5451,57254.8
11,11,9,1000,1.8984,74922.43
11,11,10,1000,2.2088,90441.18
11,11,11,1000,2.3069,95345.27
11,11,12,1000,2.3353,96764.24
11,11,13,1000,2.3992,99959.91
11,11,14,1000,2.1097,85483.8
11,11,15,1000,1.652,62601.89
11,11,16,1000,1.4011,50057.19
11,11,17,1000,1.324,46199.54
11,11,18,1000,1.3163,45817.04
11,11,19,1000,1.1794,38971.13
11,11,20,1000,0.998,29901.01
11,11,21,1000,0.7861,19305.05
11,11,22,1000,0.6333,11663.61
11,11,23,1000,0.5057,5287.45
11,11,24,1000,0.4151,754.22
11,12,0,1000,0.4607,3034.58
11,12,1,1000,0.4947,4734.6
11,12,2,1000,0.5965,9823.94
11,12,3,1000,0.7579,17894.43
11,12,4,1000,0.9014,25069.43
11,12,5,1000,1.007,30351.79
11,12,6,1000,1.1698,38488.79
11,12,7,1000,1.4123,50612.58
11,12,8,1000,1.6161,60804.1
11,12,9,1000,1.8383,71913.57
11,12,10,1000,2.1465,87326.56
11,12,11,1000,2.3708,98538.4
11,12,12,1000,2.5771,108856.72
11,12,13,1000,2.6899,114496.34
11,12,14,1000,2.4952,104761.98
11,12,15,1000,2.0357,81786.93
11,12,16,1000,1.6655,63272.82
11,12,17,1000,1.4477,52386.68
11,12,18,1000,1.3853,49264.85
11,12,19,1000,1.2566,42828.42
11,12,20,1000,1.0604,33018.6
11,12,21,1000,0.8072,20359.9
11,12,22,1000,0.641,12048.38
11,12,23,1000,0.5164,5822.16
11,12,24,1000,0.4308,1541.81
11,13,0,1000,0.4861,4303.17
11,13,1,1000,0.5216,6079.34
11,13,2,1000,0.6109,10543.9
11,13,3,1000,0.7671,18356.43
11,13,4,1000,0.9159,25795.14
11,13,5,1000,1.0283,31415.32
11,13,6,1000,1.199,39949.34
11,13,7,1000,1.4447,52235.36
11,13,8,1000,1.6125,60623.71
11,13,9,1000,1.7936,69678.99
11,13,10,1000,2.0914,84569.1
11,13,11,1000,2.3023,95113.11
11,13,12,1000,2.4883,104417.24
11,13,13,1000,2.5987,109936.25
11,13,14,1000,2.5245,106227.4
11,13,15,1000,2.1853,89265.72
11,13,16,1000,1.8101,70503.83
11,13,17,1000,1.5387,56935.89
11,13,18,1000,1.4203,51015.79
11,13,19,1000,1.2792,43960.27
11,13,20,1000,1.0643,33216.21
11,13,21,1000,0.7874,19372.35
11,13,22,1000,0.6187,10933.85
11,13,23,1000,0.5003,5016.88
11,13,24,1000,0.4233,1166.93
11,14,0,1000,0.4741,3704.9
11,14,1,1000,0.5384,6921.26
11,14,2,1000,0.607,10349.05
11,14,3,1000,0.7319,16595.05
11,14,4,1000,0.8785,23925.75
11,14,5,1000,0.9999,29992.63
11,14,6,1000,1.1875,39374.47
11,14,7,1000,1.4512,52559.3
11,14,8,1000,1.6506,62531.37
11,14,9,1000,1.8373,71864.5
11,14,10,1000,2.1264,86319.64
11,14,11,1000,2.3304,96520.58
11,14,12,1000,2.3583,97917.43
11,14,13,1000,2.295,94750.83
11,14,14,1000,2.1726,88628.89
11,14,15,1000,2.0405,82026.56
11,14,16,1000,1.8182,70911.34
11,14,17,1000,1.5767,58833.13
11,14,18,1000,1.3598,47991.63
11,14,19,1000,1.183,39150.92
11,14,20,1000,0.9852,29258.4
11,14,21,1000,0.7487,17432.77
11,14,22,1000,0.5893,9465.29
11,14,23,1000,0.4859,4292.54
11,14,24,1000,0.4415,2076.18
11,15,0,1000,0.4204,1017.67
11,15,1,1000,0.5126,5627.75
11,15,2,1000,0.5658,8290.53
11,15,3,1000,0.6578,12888.36
11,15,4,1000,0.79,19501.5
11,15,5,1000,0.8906,24531.4
11,15,6,1000,1.0664,33319.52
11,15,7,1000,1.3315,46572.94
11,15,8,1000,1.5742,58710.12
11,15,9,1000,1.7722,68610.13
11,15,10,1000,2.0339,81692.92
11,15,11,1000,2.2634,93168.48
11,15,12,1000,2.1964,89819.34
11,15,13,1000,1.9748,78742.42
11,15,14,1000,1.7072,65360.1
11,15,15,1000,1.685,64252.3
11,15,16,1000,1.633,61651.35
11,15,17,1000,1.4702,53512.24
11,15,18,1000,1.198,39900.7
11,15,19,1000,1.0038,30191.44
11,15,20,1000,0.867,23347.77
11,15,21,1000,0.7257,16285.11
11,15,22,1000,0.5851,9255.96
11,15,23,1000,0.4899,4494.29
11,15,24,1000,0.4691,3453.96
11,16,0,1000,0.3906,-467.74
11,16,1,1000,0.4782,3908.33
11,16,2,1000,0.5202,6009.71
11,16,3,1000,0.5975,9873.49
11,16,4,1000,0.7121,15604.12
11,16,5,1000,0.7836,19181.29
11,16,6,1000,0.9264,26317.88
11,16,7,1000,1.1564,37818.7
11,16,8,1000,1.3663,48316.55
11,16,9,1000,1.524,56201.8
11,16,10,1000,1.7292,66461.5
11,16,11,1000,1.938,76900.96
11,16,12,1000,1.8831,74157.36
11,16,13,1000,1.6777,63884.58
11,16,14,1000,1.4462,52308.87
11,16,15,1000,1.4593,52963.02
11,16,16,1000,1.4498,52487.74
11,16,17,1000,1.3192,45959.51
11,16,18,1000,1.0669,33343.83
11,16,19,1000,0.8941,24705.93
11,16,20,1000,0.7955,19775.71
11,16,21,1000,0.7,14997.7
11,16,22,1000,0.5746,8727.86
11,16,23,1000,0.4813,4067.03
11,16,24,1000,0.4573,2863.43
11,17,0,1000,0.3982,-90.1
11,17,1,1000,0.4629,3144.31
11,17,2,1000,0.4932,4657.72
11,17,3,1000,0.557,7849.0
11,17,4,1000,0.6519,12594.2
11,17,5,1000,0.7316,16578.01
11,17,6,1000,0.8621,23104.99
11,17,7,1000,1.0367,31835.29
11,17,8,1000,1.1663,38314.76
11,17,9,1000,1.2565,42827.33
11,17,10,1000,1.3968,49838.96
11,17,11,1000,1.5563,57816.33
11,17,12,1000,1.5385,56926.65
11,17,13,1000,1.4055,50274.45
11,17,14,1000,1.3077,45386.15
11,17,15,1000,1.3612,48062.28
11,17,16,1000,1.3328,46642.12
11,17,17,1000,1.1982,39907.6
11,17,18,1000,0.9752,28758.17
11,17,19,1000,0.8234,21172.27
11,17,20,1000,0.7317,16587.44
11,17,21,1000,0.6583,12916.57
11,17,22,1000,0.5612,8062.02
11,17,23,1000,0.4816,4078.05
11,17,24,1000,0.4329,1644.13
11,18,0,1000,0.4074,367.68
11,18,1,1000,0.4494,2469.69
11,18,2,1000,0.4848,4239.29
11,18,3,1000,0.5461,7305.31
11,18,4,1000,0.6225,11125.11
11,18,5,1000,0.7122,15611.05
11,18,6,1000,0.8318,21588.29
11,18,7,1000,0.9571,27852.6
11,18,8,1000,1.0393,31963.27
11,18,9,1000,1.0978,34891.64
11,18,10,1000,1.1902,39507.66
11,18,11,1000,1.2999,44992.91
11,18,12,1000,1.3121,45606.65
11,18,13,1000,1.2446,42229.74
11,18,14,1000,1.2185,40925.77
11,18,15,1000,1.2478,42390.92
11,18,16,1000,1.1891,39454.18
11,18,17,1000,1.0895,34476.14
11,18,18,1000,0.947,27348.82
11,18,19,1000,0.8163,20816.28
11,18,20,1000,0.7012,15061.31
11,18,21,1000,0.6156,10781.98
11,18,22,1000,0.5439,7194.91
11,18,23,1000,0.4871,4354.62
11,18,24,1000,0.42,1002.26
11,19,0,1000,0.3731,-1344.48
11,19,1,1000,0.4098,489.25
11,19,2,1000,0.4539,2696.81
11,19,3,1000,0.5155,5776.61
11,19,4,1000,0.5773,8864.47
11,19,5,1000,0.6382,11912.06
11,19,6,1000,0.7267,16337.01
11,19,7,1000,0.8295,21474.25
11,19,8,1000,0.9188,25940.05
11,19,9,1000,0.9843,29216.81
11,19,10,1000,1.057,32848.31
11,19,11,1000,1.1524,37622.25
11,19,12,1000,1.1736,38677.58
11,19,13,1000,1.1199,35993.49
11,19,14,1000,1.0618,33091.84
11,19,15,1000,1.0406,32030.61
11,19,16,1000,0.9903,29517.05
11,19,17,1000,0.951,27549.66
11,19,18,1000,0.8843,24213.95
11,19,19,1000,0.7783,18913.7
11,19,20,1000,0.6651,13257.31
11,19,21,1000,0.5767,8835.64
11,19,22,1000,0.5132,5659.57
11,19,23,1000,0.4678,3389.43
11,19,24,1000,0.4087,436.65
11,20,0,1000,0.3166,-4170.26
11,20,1,1000,0.3584,-2079.26
11,20,2,1000,0.4191,956.66
11,20,3,1000,0.4812,4058.22
11,20,4,1000,0.5326,6627.94
11,20,5,1000,0.5855,9274.29
11,20,6,1000,0.6711,13556.38
11,20,7,1000,0.7674,18369.72
11,20,8,1000,0.8369,21843.02
11,20,9,1000,0.8772,23859.06
11,20,10,1000,0.9319,26595.89
11,20,11,1000,0.99,29502.45
11,20,12,1000,0.9798,28988.67
11,20,13,1000,0.9242,26207.63
11,20,14,1000,0.8745,23726.52
11,20,15,1000,0.8552,22762.01
11,20,16,1000,0.8078,20388.54
11,20,17,1000,0.7737,18685.3
11,20,18,1000,0.7363,16813.91
11,20,19,1000,0.6641,13206.21
11,20,20,1000,0.6013,10062.62
11,20,21,1000,0.5447,7237.12
11,20,22,1000,0.4759,3794.44
11,20,23,1000,0.414,697.71
11,20,24,1000,0.3597,-2015.82
11,21,0,1000,0.2681,-6596.81
11,21,1,1000,0.3153,-4235.43
11,21,2,1000,0.3784,-1078.6
11,21,3,1000,0.4302,1510.81
11,21,4,1000,0.4731,3656.5
11,21,5,1000,0.5382,6907.94
11,21,6,1000,0.6402,12007.54
11,21,7,1000,0.7328,16640.12
11,21,8,1000,0.7551,17757.15
11,21,9,1000,0.7452,17259.53
11,21,10,1000,0.7841,19206.2
11,21,11,1000,0.8231,21154.66
11,21,12,1000,0.7947,19736.77
11,21,13,1000,0.7381,16903.23
11,21,14,1000,0.7436,17179.04
11,21,15,1000,0.7733,18666.39
11,21,16,1000,0.7202,16011.64
11,21,17,1000,0.6406,12027.58
11,21,18,1000,0.5816,9080.78
11,21,19,1000,0.5381,6906.23
11,21,20,1000,0.5336,6681.81
11,21,21,1000,0.5105,5525.15
11,21,22,1000,0.429,1448.17
11,21,23,1000,0.3409,-2955.05
11,21,24,1000,0.2922,-5388.24
11,22,0,1000,0.245,-7749.26
11,22,1,1000,0.2864,-5680.65
11,22,2,1000,0.3331,-3342.91
11,22,3,1000,0.3706,-1471.28
11,22,4,1000,0.4033,167.46
11,22,5,1000,0.455,2752.19
11,22,6,1000,0.5419,7095.27
11,22,7,1000,0.6203,11014.87
11,22,8,1000,0.6337,11685.05
11,22,9,1000,0.617,10849.88
11,22,10,1000,0.6496,12481.99
11,22,11,1000,0.7126,15630.94
11,22,12,1000,0.7148,15741.92
11,22,13,1000,0.6666,13330.29
11,22,14,1000,0.679,13948.17
11,22,15,1000,0.7117,15586.37
11,22,16,1000,0.6635,13175.44
11,22,17,1000,0.5851,9254.09
11,22,18,1000,0.5293,6467.18
11,22,19,1000,0.495,4752.36
11,22,20,1000,0.4921,4607.23
11,22,21,1000,0.4629,3144.63
11,22,22,1000,0.3838,-809.58
11,22,23,1000,0.3032,-4842.4
11,22,24,1000,0.2684,-6578.98
11,23,0,1000,0.2341,-8292.88
11,23,1,1000,0.2589,-7053.34
11,23,2,1000,0.2823,-5885.21
11,23,3,1000,0.3119,-4406.91
11,23,4,1000,0.3429,-2855.05
11,23,5,1000,0.3793,-1036.99
11,23,6,1000,0.4345,1722.92
11,23,7,1000,0.489,4447.64
11,23,8,1000,0.5093,5467.27
11,23,9,1000,0.5086,5427.62
11,23,10,1000,0.5345,6724.01
11,23,11,1000,0.6061,10304.26
11,23,12,1000,0.6412,12060.11
11,23,13,1000,0.6172,10860.01
11,23,14,1000,0.6259,11293.04
11,23,15,1000,0.6397,11987.22
11,23,16,1000,0.6007,10034.69
11,23,17,1000,0.5442,7209.96
11,23,18,1000,0.4979,4895.75
11,23,19,1000,0.4606,3032.04
11,23,20,1000,0.4425,2122.55
11,23,21,1000,0.4063,315.92
11,23,22,1000,0.3401,-2996.21
11,23,23,1000,0.2737,-6314.14
11,23,24,1000,0.2443,-7783.14
11,24,0,1000,0.2284,-8580.46
11,24,1,1000,0.232,-8397.53
11,24,2,1000,0.2376,-8119.01
11,24,3,1000,0.2706,-6471.63
11,24,4,1000,0.3115,-4426.44
11,24,5,1000,0.3489,-2554.58
11,24,6,1000,0.3754,-1230.98
11,24,7,1000,0.4011,54.74
11,24,8,1000,0.4173,865.68
11,24,9,1000,0.4283,1415.56
11,24,10,1000,0.443,2148.46
11,24,11,1000,0.4816,4078.51
11,24,12,1000,0.5215,6075.4
11,24,13,1000,0.5308,6540.65
11,24,14,1000,0.5489,7446.77
11,24,15,1000,0.5491,7453.52
11,24,16,1000,0.5212,6058.67
11,24,17,1000,0.4864,4321.94
11,24,18,1000,0.4415,2075.79
11,24,19,1000,0.3953,-235.41
11,24,20,1000,0.366,-1699.48
11,24,21,1000,0.3388,-3062.49
11,24,22,1000,0.2922,-5389.1
11,24,23,1000,0.2372,-8139.31
11,24,24,1000,0.2023,-9883.4
12,0,0,1000,0.1955,-10226.01
12,0,1,1000,0.2334,-8331.55
12,0,2,1000,0.2638,-6811.87
12,0,3,1000,0.2744,-6280.93
12,0,4,1000,0.2798,-6010.0
12,0,5,1000,0.292,-5402.04
12,0,6,1000,0.3345,-3274.57
12,0,7,1000,0.371,-1450.88
12,0,8,1000,0.3756,-1222.27
12,0,9,1000,0.3957,-217.34
12,0,10,1000,0.4436,2181.94
12,0,11,1000,0.4706,3531.53
12,0,12,1000,0.45,2498.92
12,0,13,1000,0.4312,1559.89
12,0,14,1000,0.3993,-37.06
12,0,15,1000,0.3927,-362.68
12,0,16,1000,0.3979,-107.31
12,0,17,1000,0.3897,-516.03
12,0,18,1000,0.3684,-1581.47
12,0,19,1000,0.3514,-2427.51
12,0,20,1000,0.335,-3249.97
12,0,21,1000,0.3063,-4685.27
12,0,22,1000,0.2739,-6304.07
12,0,23,1000,0.2325,-8374.85
12,0,24,1000,0.1948,-10258.67
12,1,0,1000,0.2297,-8513.2
12,1,1,1000,0.2697,-6515.46
12,1,2,1000,0.2996,-5017.97
12,1,3,1000,0.3148,-4259.52
12,1,4,1000,0.3295,-3523.89
12,1,5,1000,0.3534,-2332.21
12,1,6,1000,0.4018,88.65
12,1,7,1000,0.4435,2177.32
12,1,8,1000,0.4627,3133.4
12,1,9,1000,0.4925,4623.8
12,1,10,1000,0.5414,7069.68
12,1,11,1000,0.5825,9123.06
12,1,12,1000,0.5841,9206.43
12,1,13,1000,0.5724,8617.51
12,1,14,1000,0.5254,6270.83
12,1,15,1000,0.4876,4381.44
12,1,16,1000,0.4765,3823.54
12,1,17,1000,0.4427,2136.68
12,1,18,1000,0.4032,158.11
12,1,19,1000,0.3847,-766.71
12,1,20,1000,0.3733,-1334.65
12,1,21,1000,0.3434,-2828.42
12,1,22,1000,0.3011,-4945.35
12,1,23,1000,0.2544,-7279.44
12,1,24,1000,0.2198,-9008.65
12,2,0,1000,0.2507,-7465.42
12,2,1,1000,0.2897,-5516.97
12,2,2,1000,0.335,-3251.15
12,2,3,1000,0.3749,-1256.38
12,2,4,1000,0.4113,566.16
12,2,5,1000,0.4416,2081.08
12,2,6,1000,0.473,3648.15
12,2,7,1000,0.5088,5441.68
12,2,8,1000,0.5494,7468.72
12,2,9,1000,0.5822,9108.03
12,2,10,1000,0.602,10100.14
12,2,11,1000,0.6325,11625.92
12,2,12,1000,0.6793,13965.86
12,2,13,1000,0.7036,15180.67
12,2,14,1000,0.6978,14891.98
12,2,15,1000,0.6395,11976.28
12,2,16,1000,0.5829,9144.89
12,2,17,1000,0.5016,5080.56
12,2,18,1000,0.4549,2745.16
12,2,19,1000,0.4443,2214.57
12,2,20,1000,0.4518,2589.18
12,2,21,1000,0.4208,1038.44
12,2,22,1000,0.352,-2397.74
12,2,23,1000,0.2851,-5746.82
12,2,24,1000,0.2447,-7766.35
12,3,0,1000,0.2516,-7420.27
12,3,1,1000,0.29,-5501.75
12,3,2,1000,0.3448,-2762.08
12,3,3,1000,0.3991,-45.08
12,3,4,1000,0.4509,2543.36
12,3,5,1000,0.4972,4858.51
12,3,6,1000,0.5278,6389.78
12,3,7,1000,0.5626,8131.32
12,3,8,1000,0.6162,10812.38
12,3,9,1000,0.6513,12565.91
12,3,10,1000,0.6532,12661.51
12,3,11,1000,0.6632,13159.43
12,3,12,1000,0.7262,16311.69
12,3,13,1000,0.7744,18719.33
12,3,14,1000,0.8036,20179.43
12,3,15,1000,0.7388,16939.69
12,3,16,1000,0.6525,12623.68
12,3,17,1000,0.5658,8288.13
12,3,18,1000,0.5475,7374.6
12,3,19,1000,0.5425,7123.21
12,3,20,1000,0.5408,7038.81
12,3,21,1000,0.4791,3953.16
12,3,22,1000,0.3852,-739.51
12,3,23,1000,0.3128,-4361.48
12,3,24,1000,0.2849,-5755.45
12,4,0,1000,0.2564,-7177.72
12,4,1,1000,0.2981,-5092.81
12,4,2,1000,0.3584,-2078.31
12,4,3,1000,0.4139,693.73
12,4,4,1000,0.466,3298.59
12,4,5,1000,0.526,6301.03
12,4,6,1000,0.5792,8962.32
12,4,7,1000,0.6301,11506.24
12,4,8,1000,0.6945,14726.61
12,4,9,1000,0.7412,17062.33
12,4,10,1000,0.7562,17810.14
12,4,11,1000,0.7511,17556.54
12,4,12,1000,0.7944,19719.19
12,4,13,1000,0.8453,22264.22
12,4,14,1000,0.8807,24035.63
12,4,15,1000,0.8069,20344.19
12,4,16,1000,0.705,15248.59
12,4,17,1000,0.6351,11753.01
12,4,18,1000,0.6564,12820.65
12,4,19,1000,0.6538,12689.01
12,4,20,1000,0.6171,10854.32
12,4,21,1000,0.5089,5445.57
12,4,22,1000,0.4074,370.25
12,4,23,1000,0.3425,-2876.95
12,4,24,1000,0.3247,-3766.95
12,5,0,1000,0.2914,-5430.35
12,5,1,1000,0.3445,-2776.49
12,5,2,1000,0.422,1101.76
12,5,3,1000,0.4724,3619.27
12,5,4,1000,0.4989,4942.79
12,5,5,1000,0.5432,7161.1
12,5,6,1000,0.6438,12189.22
12,5,7,1000,0.741,17050.29
12,5,8,1000,0.7936,19680.31
12,5,9,1000,0.8455,22272.75
12,5,10,1000,0.9218,26090.87
12,5,11,1000,0.9207,26036.35
12,5,12,1000,0.908,25401.13
12,5,13,1000,0.9478,27391.36
12,5,14,1000,0.9998,29991.78
12,5,15,1000,0.9286,26432.12
12,5,16,1000,0.799,19949.94
12,5,17,1000,0.706,15301.32
12,5,18,1000,0.7404,17022.27
12,5,19,1000,0.7472,17357.69
12,5,20,1000,0.6656,13279.25
12,5,21,1000,0.5259,6296.03
12,5,22,1000,0.4594,2971.9
12,5,23,1000,0.3983,-85.99
12,5,24,1000,0.3324,-3377.87
12,6,0,1000,0.345,-2751.25
12,6,1,1000,0.4041,205.32
12,6,2,1000,0.4751,3754.78
12,6,3,1000,0.5119,5593.43
12,6,4,1000,0.5265,6322.73
12,6,5,1000,0.5881,9403.03
12,6,6,1000,0.7479,17394.59
12,6,7,1000,0.8839,24194.1
12,6,8,1000,0.8969,24844.4
12,6,9,1000,0.9271,26354.37
12,6,10,1000,1.0614,33067.57
12,6,11,1000,1.1207,36036.59
12,6,12,1000,1.1167,35833.82
12,6,13,1000,1.1526,37629.63
12,6,14,1000,1.202,40100.53
12,6,15,1000,1.1073,35363.68
12,6,16,1000,0.9401,27002.78
12,6,17,1000,0.7807,19033.08
12,6,18,1000,0.7756,18780.36
12,6,19,1000,0.7844,19219.96
12,6,20,1000,0.6838,14188.25
12,6,21,1000,0.5392,6962.46
12,6,22,1000,0.5002,5008.2
12,6,23,1000,0.4433,2163.21
12,6,24,1000,0.3492,-2538.27
12,7,0,1000,0.3681,-1593.91
12,7,1,1000,0.4257,1287.12
12,7,2,1000,0.4865,4324.83
12,7,3,1000,0.5169,5846.55
12,7,4,1000,0.5434,7168.65
12,7,5,1000,0.6666,13331.12
12,7,6,1000,0.8777,23883.65
12,7,7,1000,1.0201,31003.85
12,7,8,1000,0.983,29149.4
12,7,9,1000,0.9876,29378.76
12,7,10,1000,1.1572,37861.13
12,7,11,1000,1.3009,45046.31
12,7,12,1000,1.3586,47928.19
12,7,13,1000,1.3991,49957.32
12,7,14,1000,1.431,51551.32
12,7,15,1000,1.301,45052.31
12,7,16,1000,1.102,35098.73
12,7,17,1000,0.8949,24745.8
12,7,18,1000,0.84,21998.52
12,7,19,1000,0.8243,21213.05
12,7,20,1000,0.7165,15824.59
12,7,21,1000,0.573,8648.36
12,7,22,1000,0.524,6200.29
12,7,23,1000,0.4685,3422.92
12,7,24,1000,0.3956,-220.71
12,8,0,1000,0.3465,-2676.35
12,8,1,1000,0.4024,118.42
12,8,2,1000,0.5129,5642.8
12,8,3,1000,0.5764,8821.3
12,8,4,1000,0.626,11301.73
12,8,5,1000,0.8186,20930.93
12,8,6,1000,1.031,31547.56
12,8,7,1000,1.1125,35624.11
12,8,8,1000,1.0407,32035.0
12,8,9,1000,1.1104,35521.0
12,8,10,1000,1.3435,47174.93
12,8,11,1000,1.5542,57711.44
12,8,12,1000,1.6196,60978.34
12,8,13,1000,1.6381,61903.06
12,8,14,1000,1.6485,62426.05
12,8,15,1000,1.5389,56942.81
12,8,16,1000,1.3496,47477.81
12,8,17,1000,1.1648,38237.88
12,8,18,1000,1.0177,30886.67
12,8,19,1000,0.8816,24079.72
12,8,20,1000,0.7821,19106.07
12,8,21,1000,0.7031,15153.53
12,8,22,1000,0.6011,10053.42
12,8,23,1000,0.4899,4496.45
12,8,24,1000,0.4301,1505.67
12,9,0,1000,0.3663,-1687.4
12,9,1,1000,0.42,1002.23
12,9,2,1000,0.5541,7705.46
12,9,3,1000,0.6365,11827.33
12,9,4,1000,0.6947,14734.89
12,9,5,1000,0.887,24352.29
12,9,6,1000,1.0544,32720.82
12,9,7,1000,1.0953,34762.82
12,9,8,1000,1.1452,37260.03
12,9,9,1000,1.4201,51005.25
12,9,10,1000,1.7332,66659.67
12,9,11,1000,1.8829,74147.04
12,9,12,1000,1.8213,71063.88
12,9,13,1000,1.8052,70261.31
12,9,14,1000,1.7611,68057.1
12,9,15,1000,1.636,61801.42
12,9,16,1000,1.4556,52778.47
12,9,17,1000,1.3562,47809.59
12,9,18,1000,1.2009,40044.18
12,9,19,1000,0.9641,28205.2
12,9,20,1000,0.8512,22562.02
12,9,21,1000,0.8014,20068.93
12,9,22,1000,0.6504,12522.3
12,9,23,1000,0.4833,4167.34
12,9,24,1000,0.4154,767.53
12,10,0,1000,0.4215,1077.13
12,10,1,1000,0.4698,3487.68
12,10,2,1000,0.5666,8329.17
12,10,3,1000,0.6322,11609.96
12,10,4,1000,0.6906,14531.26
12,10,5,1000,0.8666,23327.55
12,10,6,1000,1.0223,31114.83
12,10,7,1000,1.0858,34292.16
12,10,8,1000,1.2809,44044.12
12,10,9,1000,1.7209,66044.93
12,10,10,1000,2.1138,85687.63
12,10,11,1000,2.2303,91512.66
12,10,12,1000,2.0872,84361.29
12,10,13,1000,2.0529,82643.03
12,10,14,1000,1.8964,74819.08
12,10,15,1000,1.6438,62191.92
12,10,16,1000,1.4203,51016.11
12,10,17,1000,1.3528,47642.07
12,10,18,1000,1.2501,42504.47
12,10,19,1000,1.0108,30541.36
12,10,20,1000,0.8818,24087.67
12,10,21,1000,0.8088,20440.7
12,10,22,1000,0.6468,12340.9
12,10,23,1000,0.4745,3726.22
12,10,24,1000,0.4033,163.49
12,11,0,1000,0.4244,1220.0
12,11,1,1000,0.46,2999.21
12,11,2,1000,0.5348,6737.96
12,11,3,1000,0.6269,11344.49
12,11,4,1000,0.7273,16365.77
12,11,5,1000,0.9027,25135.05
12,11,6,1000,1.0733,33663.08
12,11,7,1000,1.2063,40314.91
12,11,8,1000,1.4339,51696.61
12,11,9,1000,1.8689,73444.11
12,11,10,1000,2.3274,96372.17
12,11,11,1000,2.6108,110538.61
12,11,12,1000,2.6148,110739.58
12,11,13,1000,2.5698,108490.36
12,11,14,1000,2.2405,92025.93
12,11,15,1000,1.7535,67672.56
12,11,16,1000,1.3954,49771.61
12,11,17,1000,1.2029,40144.82
12,11,18,1000,1.1582,37910.04
12,11,19,1000,1.038,31898.02
12,11,20,1000,0.9647,28236.58
12,11,21,1000,0.8634,23168.12
12,11,22,1000,0.6941,14702.9
12,11,23,1000,0.5378,6892.31
12,11,24,1000,0.4546,2729.24
12,12,0,1000,0.4269,1346.27
12,12,1,1000,0.4612,3059.04
12,12,2,1000,0.5527,7633.74
12,12,3,1000,0.6962,14810.28
12,12,4,1000,0.8424,22121.58
12,12,5,1000,1.0014,30070.65
12,12,6,1000,1.1762,38812.37
12,12,7,1000,1.3686,48428.54
12,12,8,1000,1.5323,56614.46
12,12,9,1000,1.8572,72861.91
12,12,10,1000,2.3373,96865.01
12,12,11,1000,2.7559,117794.0
12,12,12,1000,2.9535,127676.55
12,12,13,1000,2.9192,125959.9
12,12,14,1000,2.6418,112090.1
12,12,15,1000,2.1681,88405.22
12,12,16,1000,1.665,63250.07
12,12,17,1000,1.2605,43027.36
12,12,18,1000,1.1848,39241.22
12,12,19,1000,1.1554,37769.04
12,12,20,1000,1.0807,34036.46
12,12,21,1000,0.8851,24255.53
12,12,22,1000,0.7014,15068.94
12,12,23,1000,0.5746,8732.25
12,12,24,1000,0.4983,4917.34
12,13,0,1000,0.4724,3620.32
12,13,1,1000,0.5147,5732.69
12,13,2,1000,0.6071,10353.67
12,13,3,1000,0.7567,17835.6
12,13,4,1000,0.9045,25224.91
12,13,5,1000,1.0217,31084.85
12,13,6,1000,1.1684,38419.79
12,13,7,1000,1.3692,48459.29
12,13,8,1000,1.5536,57678.03
12,13,9,1000,1.8923,74614.53
12,13,10,1000,2.3635,98175.87
12,13,11,1000,2.6414,112070.04
12,13,12,1000,2.6674,113370.82
12,13,13,1000,2.631,111550.74
12,13,14,1000,2.6112,110559.21
12,13,15,1000,2.3706,98531.89
12,13,16,1000,1.8686,73431.83
12,13,17,1000,1.4288,51438.41
12,13,18,1000,1.32,46001.33
12,13,19,1000,1.2724,43617.83
12,13,20,1000,1.1193,35963.7
12,13,21,1000,0.8235,21177.25
12,13,22,1000,0.63,11499.28
12,13,23,1000,0.5237,6183.11
12,13,24,1000,0.4691,3456.95
12,14,0,1000,0.4811,4055.56
12,14,1,1000,0.5585,7924.03
12,14,2,1000,0.635,11749.25
12,14,3,1000,0.7517,17584.77
12,14,4,1000,0.8872,24359.0
12,14,5,1000,0.9934,29671.78
12,14,6,1000,1.1676,38377.62
12,14,7,1000,1.4066,50329.14
12,14,8,1000,1.5929,59644.92
12,14,9,1000,1.8903,74514.68
12,14,10,1000,2.3361,96805.26
12,14,11,1000,2.5544,107720.95
12,14,12,1000,2.3818,99087.99
12,14,13,1000,2.2255,91272.55
12,14,14,1000,2.1718,88590.13
12,14,15,1000,2.1435,87175.33
12,14,16,1000,1.8759,73793.13
12,14,17,1000,1.5811,59053.45
12,14,18,1000,1.4176,50881.43
12,14,19,1000,1.3047,45234.79
12,14,20,1000,1.0894,34469.5
12,14,21,1000,0.7653,18264.0
12,14,22,1000,0.5864,9318.77
12,14,23,1000,0.4946,4730.97
12,14,24,1000,0.4452,2262.06
12,15,0,1000,0.436,1802.33
12,15,1,1000,0.5446,7230.82
12,15,2,1000,0.6049,10246.8
12,15,3,1000,0.6816,14079.6
12,15,4,1000,0.7933,19666.03
12,15,5,1000,0.8813,24066.99
12,15,6,1000,1.0723,33614.57
12,15,7,1000,1.329,46450.55
12,15,8,1000,1.4852,54257.7
12,15,9,1000,1.702,65098.21
12,15,10,1000,2.101,85048.35
12,15,11,1000,2.424,101198.48
12,15,12,1000,2.3024,95118.51
12,15,13,1000,2.0491,82454.13
12,15,14,1000,1.7401,67007.26
12,15,15,1000,1.7302,66508.06
12,15,16,1000,1.6986,64932.49
12,15,17,1000,1.518,55897.86
12,15,18,1000,1.2559,42794.11
12,15,19,1000,1.1038,35191.77
12,15,20,1000,0.9576,27878.15
12,15,21,1000,0.7684,18419.48
12,15,22,1000,0.6292,11459.03
12,15,23,1000,0.5378,6890.29
12,15,24,1000,0.4778,3890.53
12,16,0,1000,0.4143,713.59
12,16,1,1000,0.5202,6011.34
12,16,2,1000,0.5763,8815.51
12,16,3,1000,0.6449,12246.77
12,16,4,1000,0.7372,16862.01
12,16,5,1000,0.7711,18556.32
12,16,6,1000,0.9101,25505.94
12,16,7,1000,1.1316,36577.96
12,16,8,1000,1.2645,43227.18
12,16,9,1000,1.44,51999.92
12,16,10,1000,1.7647,68236.45
12,16,11,1000,2.0676,83378.93
12,16,12,1000,1.9836,79177.61
12,16,13,1000,1.7601,68005.77
12,16,14,1000,1.5127,55633.78
12,16,15,1000,1.5541,57704.53
12,16,16,1000,1.5664,58321.31
12,16,17,1000,1.3601,48005.08
12,16,18,1000,1.0434,32172.42
12,16,19,1000,0.9075,25376.09
12,16,20,1000,0.8387,21935.89
12,16,21,1000,0.7481,17404.93
12,16,22,1000,0.6341,11704.99
12,16,23,1000,0.5491,7453.51
12,16,24,1000,0.4955,4772.97
12,17,0,1000,0.4069,346.32
12,17,1,1000,0.4759,3794.57
12,17,2,1000,0.5283,6415.57
12,17,3,1000,0.6155,10777.18
12,17,4,1000,0.7116,15578.14
12,17,5,1000,0.7357,16785.49
12,17,6,1000,0.8305,21523.86
12,17,7,1000,0.9939,29694.28
12,17,8,1000,1.0533,32663.44
12,17,9,1000,1.1667,38335.07
12,17,10,1000,1.4216,51081.7
12,17,11,1000,1.6709,63545.11
12,17,12,1000,1.6006,60030.28
12,17,13,1000,1.4255,51277.26
12,17,14,1000,1.3396,46978.69
12,17,15,1000,1.4537,52685.81
12,17,16,1000,1.4349,51742.6
12,17,17,1000,1.2083,40413.55
12,17,18,1000,0.8966,24832.44
12,17,19,1000,0.7645,18223.08
12,17,20,1000,0.7232,16157.87
12,17,21,1000,0.6862,14309.06
12,17,22,1000,0.5927,9635.41
12,17,23,1000,0.5201,6006.83
12,17,24,1000,0.4701,3502.71
12,18,0,1000,0.3914,-429.04
12,18,1,1000,0.4137,683.39
12,18,2,1000,0.4598,2991.18
12,18,3,1000,0.5684,8418.49
12,18,4,1000,0.6775,13874.08
12,18,5,1000,0.733,16650.0
12,18,6,1000,0.8113,20564.24
12,18,7,1000,0.9286,26429.04
12,18,8,1000,0.9607,28036.4
12,18,9,1000,1.0614,33069.63
12,18,10,1000,1.2708,43540.54
12,18,11,1000,1.4582,52908.67
12,18,12,1000,1.3807,49037.09
12,18,13,1000,1.2391,41955.87
12,18,14,1000,1.1941,39705.29
12,18,15,1000,1.2606,43032.24
12,18,16,1000,1.2,40000.63
12,18,17,1000,1.0754,33770.35
12,18,18,1000,0.9131,25656.69
12,18,19,1000,0.7842,19209.15
12,18,20,1000,0.7013,15066.4
12,18,21,1000,0.6376,11880.73
12,18,22,1000,0.548,7398.51
12,18,23,1000,0.4879,4396.51
12,18,24,1000,0.439,1948.96
12,19,0,1000,0.3588,-2060.58
12,19,1,1000,0.3703,-1487.21
12,19,2,1000,0.4102,508.02
12,19,3,1000,0.5108,5541.55
12,19,4,1000,0.6077,10384.25
12,19,5,1000,0.6523,12612.95
12,19,6,1000,0.7108,15541.6
12,19,7,1000,0.8113,20563.56
12,19,8,1000,0.8856,24280.11
12,19,9,1000,1.0149,30744.99
12,19,10,1000,1.194,39698.92
12,19,11,1000,1.3461,47306.24
12,19,12,1000,1.274,43701.66
12,19,13,1000,1.1489,37446.87
12,19,14,1000,1.0443,32213.09
12,19,15,1000,1.0255,31275.74
12,19,16,1000,0.9713,28565.46
12,19,17,1000,0.9419,27093.08
12,19,18,1000,0.8936,24678.98
12,19,19,1000,0.7876,19378.2
12,19,20,1000,0.6947,14734.15
12,19,21,1000,0.6167,10835.08
12,19,22,1000,0.53,6501.57
12,19,23,1000,0.4783,3912.87
12,19,24,1000,0.4379,1896.02
12,20,0,1000,0.3119,-4404.8
12,20,1,1000,0.3459,-2703.72
12,20,2,1000,0.3998,-12.21
12,20,3,1000,0.469,3449.18
12,20,4,1000,0.528,6401.62
12,20,5,1000,0.5715,8573.33
12,20,6,1000,0.6485,12426.95
12,20,7,1000,0.7479,17395.94
12,20,8,1000,0.8352,21762.1
12,20,9,1000,0.9372,26860.98
12,20,10,1000,1.0589,32946.5
12,20,11,1000,1.1422,37110.62
12,20,12,1000,1.0636,33178.21
12,20,13,1000,0.9585,27926.34
12,20,14,1000,0.8499,22492.53
12,20,15,1000,0.808,20399.29
12,20,16,1000,0.7632,18157.73
12,20,17,1000,0.7584,17920.21
12,20,18,1000,0.7611,18053.33
12,20,19,1000,0.6978,14889.74
12,20,20,1000,0.648,12398.75
12,20,21,1000,0.5937,9683.8
12,20,22,1000,0.5088,5442.43
12,20,23,1000,0.4405,2023.51
12,20,24,1000,0.3965,-175.69
12,21,0,1000,0.2745,-6273.01
12,21,1,1000,0.3439,-2807.07
12,21,2,1000,0.4133,665.47
12,21,3,1000,0.438,1900.54
12,21,4,1000,0.4502,2510.34
12,21,5,1000,0.5013,5064.78
12,21,6,1000,0.6146,10728.91
12,21,7,1000,0.7123,15614.47
12,21,8,1000,0.7595,17975.46
12,21,9,1000,0.7802,19010.32
12,21,10,1000,0.8374,21870.18
12,21,11,1000,0.8826,24127.51
12,21,12,1000,0.8315,21577.27
12,21,13,1000,0.7537,17682.94
12,21,14,1000,0.7138,15689.43
12,21,15,1000,0.7225,16124.36
12,21,16,1000,0.6808,14038.32
12,21,17,1000,0.6238,11189.24
12,21,18,1000,0.5962,9809.03
12,21,19,1000,0.5706,8529.29
12,21,20,1000,0.5695,8475.87
12,21,21,1000,0.5348,6739.81
12,21,22,1000,0.4498,2489.27
12,21,23,1000,0.3575,-2124.0
12,21,24,1000,0.3079,-4603.35
12,22,0,1000,0.2576,-7119.46
12,22,1,1000,0.3266,-3668.62
12,22,2,1000,0.3839,-806.58
12,22,3,1000,0.3908,-460.14
12,22,4,1000,0.3881,-597.42
12,22,5,1000,0.4244,1218.85
12,22,6,1000,0.5243,6215.86
12,22,7,1000,0.6073,10367.05
12,22,8,1000,0.6402,12008.17
12,22,9,1000,0.6415,12072.74
12,22,10,1000,0.6818,14090.17
12,22,11,1000,0.7544,17718.23
12,22,12,1000,0.7522,17607.86
12,22,13,1000,0.6915,14573.71
12,22,14,1000,0.673,13647.93
12,22,15,1000,0.6941,14705.26
12,22,16,1000,0.6567,12834.17
12,22,17,1000,0.5849,9247.47
12,22,18,1000,0.5408,7042.1
12,22,19,1000,0.5222,6107.75
12,22,20,1000,0.5162,5808.24
12,22,21,1000,0.4671,3356.84
12,22,22,1000,0.3872,-638.15
12,22,23,1000,0.3044,-4781.69
12,22,24,1000,0.2672,-6641.79
12,23,0,1000,0.2395,-8023.59
12,23,1,1000,0.2851,-5743.97
12,23,2,1000,0.3246,-3770.2
12,23,3,1000,0.3383,-3083.75
12,23,4,1000,0.3484,-2578.29
12,23,5,1000,0.3812,-938.07
12,23,6,1000,0.4417,2086.42
12,23,7,1000,0.4872,4359.46
12,23,8,1000,0.5066,5332.37
12,23,9,1000,0.524,6200.33
12,23,10,1000,0.5668,8339.47
12,23,11,1000,0.6578,12888.76
12,23,12,1000,0.6943,14715.26
12,23,13,1000,0.6621,13106.93
12,23,14,1000,0.6317,11584.82
12,23,15,1000,0.6188,10941.78
12,23,16,1000,0.588,9399.65
12,23,17,1000,0.5416,7079.72
12,23,18,1000,0.5025,5124.8
12,23,19,1000,0.4716,3579.98
12,23,20,1000,0.4537,2684.52
12,23,21,1000,0.4126,628.29
12,23,22,1000,0.3473,-2634.12
12,23,23,1000,0.2767,-6163.66
12,23,24,1000,0.2389,-8054.92
12,24,0,1000,0.2192,-9040.34
12,24,1,1000,0.2303,-8485.55
12,24,2,1000,0.2537,-7313.86
12,24,3,1000,0.2889,-5554.27
12,24,4,1000,0.3296,-3518.52
12,24,5,1000,0.38,-1000.91
12,24,6,1000,0.3958,-211.95
12,24,7,1000,0.389,-549.04
12,24,8,1000,0.3873,-635.93
12,24,9,1000,0.4329,1647.36
12,24,10,1000,0.4797,3984.81
12,24,11,1000,0.5322,6610.05
12,24,12,1000,0.5608,8041.09
12,24,13,1000,0.5672,8357.68
12,24,14,1000,0.5429,7142.76
12,24,15,1000,0.5048,5239.65
12,24,16,1000,0.4845,4227.08
12,24,17,1000,0.4749,3742.88
12,24,18,1000,0.4405,2027.14
12,24,19,1000,0.3868,-658.2
12,24,20,1000,0.3636,-1817.72
12,24,21,1000,0.357,-2148.93
12,24,22,1000,0.3143,-4284.48
12,24,23,1000,0.2565,-7173.39
12,24,24,1000,0.2127,-9362.77
13,0,0,1000,0.1881,-10592.51
13,0,1,1000,0.2242,-8789.54
13,0,2,1000,0.2494,-7531.61
13,0,3,1000,0.2568,-7159.46
13,0,4,1000,0.2632,-6838.76
13,0,5,1000,0.2832,-5839.79
13,0,6,1000,0.3314,-3432.45
13,0,7,1000,0.3688,-1560.8
13,0,8,1000,0.3737,-1316.08
13,0,9,1000,0.3936,-320.98
13,0,10,1000,0.4419,2096.6
13,0,11,1000,0.4707,3533.25
13,0,12,1000,0.4531,2655.66
13,0,13,1000,0.4374,1870.75
13,0,14,1000,0.4186,928.71
13,0,15,1000,0.4227,1135.45
13,0,16,1000,0.4259,1296.51
13,0,17,1000,0.3976,-118.94
13,0,18,1000,0.3539,-2303.94
13,0,19,1000,0.3354,-3227.79
13,0,20,1000,0.3173,-4134.16
13,0,21,1000,0.2838,-5808.94
13,0,22,1000,0.2518,-7408.23
13,0,23,1000,0.2234,-8829.68
13,0,24,1000,0.2096,-9518.23
13,1,0,1000,0.2279,-8603.63
13,1,1,1000,0.265,-6751.18
13,1,2,1000,0.2848,-5759.0
13,1,3,1000,0.2939,-5302.59
13,1,4,1000,0.3094,-4531.29
13,1,5,1000,0.3416,-2920.92
13,1,6,1000,0.3955,-225.12
13,1,7,1000,0.4378,1890.52
13,1,8,1000,0.459,2949.05
13,1,9,1000,0.4899,4496.55
13,1,10,1000,0.5382,6908.81
13,1,11,1000,0.576,8799.05
13,1,12,1000,0.5765,8826.83
13,1,13,1000,0.5676,8378.03
13,1,14,1000,0.5348,6740.09
13,1,15,1000,0.5089,5443.83
13,1,16,1000,0.4962,4807.62
13,1,17,1000,0.443,2148.01
13,1,18,1000,0.3819,-904.51
13,1,19,1000,0.3624,-1882.0
13,1,20,1000,0.3512,-2441.47
13,1,21,1000,0.3196,-4021.66
13,1,22,1000,0.2788,-6061.93
13,1,23,1000,0.2446,-7767.72
13,1,24,1000,0.2323,-8383.32
13,2,0,1000,0.271,-6450.39
13,2,1,1000,0.3039,-4804.66
13,2,2,1000,0.323,-3849.33
13,2,3,1000,0.3475,-2624.57
13,2,4,1000,0.3839,-802.97
13,2,5,1000,0.424,1199.06
13,2,6,1000,0.4599,2996.16
13,2,7,1000,0.4951,4753.33
13,2,8,1000,0.5459,7293.84
13,2,9,1000,0.5865,9326.46
13,2,10,1000,0.602,10101.2
13,2,11,1000,0.6089,10446.05
13,2,12,1000,0.6365,11824.18
13,2,13,1000,0.6609,13046.64
13,2,14,1000,0.6649,13245.48
13,2,15,1000,0.6156,10778.77
13,2,16,1000,0.5595,7977.44
13,2,17,1000,0.4724,3621.1
13,2,18,1000,0.4196,981.23
13,2,19,1000,0.4104,522.14
13,2,20,1000,0.4228,1137.51
13,2,21,1000,0.3988,-59.0
13,2,22,1000,0.3345,-3274.26
13,2,23,1000,0.2754,-6231.8
13,2,24,1000,0.2464,-7681.35
13,3,0,1000,0.2841,-5793.41
13,3,1,1000,0.3145,-4276.53
13,3,2,1000,0.3327,-3364.12
13,3,3,1000,0.3654,-1731.33
13,3,4,1000,0.4169,843.37
13,3,5,1000,0.4759,3797.43
13,3,6,1000,0.5121,5605.72
13,3,7,1000,0.5454,7271.15
13,3,8,1000,0.6144,10719.82
13,3,9,1000,0.6616,13079.22
13,3,10,1000,0.6566,12828.21
13,3,11,1000,0.6278,11392.05
13,3,12,1000,0.6582,12911.47
13,3,13,1000,0.7049,15245.96
13,3,14,1000,0.7427,17136.23
13,3,15,1000,0.6868,14338.26
13,3,16,1000,0.6027,10134.37
13,3,17,1000,0.518,5898.49
13,3,18,1000,0.5023,5117.0
13,3,19,1000,0.5004,5019.37
13,3,20,1000,0.5059,5293.05
13,3,21,1000,0.4556,2782.37
13,3,22,1000,0.368,-1599.3
13,3,23,1000,0.3013,-4934.19
13,3,24,1000,0.2795,-6025.36
13,4,0,1000,0.2844,-5777.69
13,4,1,1000,0.3191,-4044.43
13,4,2,1000,0.3473,-2637.07
13,4,3,1000,0.3835,-825.12
13,4,4,1000,0.4349,1744.55
13,4,5,1000,0.5047,5234.44
13,4,6,1000,0.5617,8083.34
13,4,7,1000,0.6122,10609.67
13,4,8,1000,0.6985,14925.67
13,4,9,1000,0.763,18151.77
13,4,10,1000,0.7715,18575.72
13,4,11,1000,0.7217,16084.7
13,4,12,1000,0.7262,16308.73
13,4,13,1000,0.7754,18770.44
13,4,14,1000,0.8211,21054.78
13,4,15,1000,0.7581,17904.5
13,4,16,1000,0.659,12951.01
13,4,17,1000,0.5897,9483.5
13,4,18,1000,0.6112,10559.29
13,4,19,1000,0.6112,10562.07
13,4,20,1000,0.5836,9181.71
13,4,21,1000,0.4897,4483.44
13,4,22,1000,0.3945,-275.08
13,4,23,1000,0.3346,-3271.08
13,4,24,1000,0.3223,-3884.46
13,5,0,1000,0.294,-5301.56
13,5,1,1000,0.3472,-2641.38
13,5,2,1000,0.4259,1294.77
13,5,3,1000,0.478,3899.9
13,5,4,1000,0.5017,5083.19
13,5,5,1000,0.5278,6390.5
13,5,6,1000,0.615,10748.05
13,5,7,1000,0.7182,15909.43
13,5,8,1000,0.8199,20993.05
13,5,9,1000,0.9134,25668.46
13,5,10,1000,0.9902,29510.14
13,5,11,1000,0.9431,27152.69
13,5,12,1000,0.8865,24325.09
13,5,13,1000,0.9243,26216.57
13,5,14,1000,0.9817,29086.82
13,5,15,1000,0.9173,25865.36
13,5,16,1000,0.7905,19525.46
13,5,17,1000,0.6924,14620.97
13,5,18,1000,0.7169,15843.83
13,5,19,1000,0.7224,16120.68
13,5,20,1000,0.6578,12888.3
13,5,21,1000,0.5437,7184.81
13,5,22,1000,0.4811,4053.13
13,5,23,1000,0.4181,905.75
13,5,24,1000,0.3523,-2384.63
13,6,0,1000,0.3302,-3489.49
13,6,1,1000,0.3948,-262.45
13,6,2,1000,0.4918,4592.08
13,6,3,1000,0.5466,7328.58
13,6,4,1000,0.5569,7843.79
13,6,5,1000,0.5769,8843.69
13,6,6,1000,0.7081,15405.18
13,6,7,1000,0.8546,22729.68
13,6,8,1000,0.9389,26944.17
13,6,9,1000,1.0311,31553.89
13,6,10,1000,1.172,38599.54
13,6,11,1000,1.1843,39214.25
13,6,12,1000,1.132,36601.95
13,6,13,1000,1.1657,38284.95
13,6,14,1000,1.2159,40796.07
13,6,15,1000,1.1239,36195.92
13,6,16,1000,0.9593,27963.35
13,6,17,1000,0.79,19501.31
13,6,18,1000,0.767,18348.2
13,6,19,1000,0.7716,18580.54
13,6,20,1000,0.6955,14777.37
13,6,21,1000,0.5875,9374.03
13,6,22,1000,0.5503,7515.53
13,6,23,1000,0.4851,4255.47
13,6,24,1000,0.385,-751.85
13,7,0,1000,0.3566,-2170.19
13,7,1,1000,0.4203,1013.68
13,7,2,1000,0.5082,5411.01
13,7,3,1000,0.5579,7897.08
13,7,4,1000,0.5806,9029.75
13,7,5,1000,0.6588,12942.06
13,7,6,1000,0.838,21898.41
13,7,7,1000,0.9893,29466.45
13,7,8,1000,1.019,30949.25
13,7,9,1000,1.0835,34172.63
13,7,10,1000,1.2617,43084.81
13,7,11,1000,1.3678,48387.55
13,7,12,1000,1.3853,49263.89
13,7,13,1000,1.4244,51219.6
13,7,14,1000,1.4569,52845.07
13,7,15,1000,1.3292,46461.09
13,7,16,1000,1.1319,36595.32
13,7,17,1000,0.9118,25591.19
13,7,18,1000,0.8352,21761.1
13,7,19,1000,0.8145,20722.71
13,7,20,1000,0.7314,16568.66
13,7,21,1000,0.624,11200.93
13,7,22,1000,0.5761,8804.92
13,7,23,1000,0.5111,5554.29
13,7,24,1000,0.4309,1543.45
13,8,0,1000,0.3675,-1623.39
13,8,1,1000,0.4283,1412.9
13,8,2,1000,0.5464,7320.51
13,8,3,1000,0.6185,10925.49
13,8,4,1000,0.6684,13419.96
13,8,5,1000,0.8289,21445.76
13,8,6,1000,1.0152,30761.75
13,8,7,1000,1.0926,34631.56
13,8,8,1000,1.0167,30832.84
13,8,9,1000,1.087,34349.5
13,8,10,1000,1.3277,46384.48
13,8,11,1000,1.5858,59291.01
13,8,12,1000,1.695,64750.95
13,8,13,1000,1.7185,65923.89
13,8,14,1000,1.7291,66454.15
13,8,15,1000,1.6181,60905.93
13,8,16,1000,1.4242,51211.61
13,8,17,1000,1.2158,40792.3
13,8,18,1000,1.0386,31930.97
13,8,19,1000,0.8942,24708.13
13,8,20,1000,0.7985,19924.72
13,8,21,1000,0.7258,16290.52
13,8,22,1000,0.6209,11046.6
13,8,23,1000,0.5091,5456.47
13,8,24,1000,0.4544,2720.87
13,9,0,1000,0.4135,674.65
13,9,1,1000,0.4711,3556.94
13,9,2,1000,0.5964,9820.51
13,9,3,1000,0.6781,13904.75
13,9,4,1000,0.7397,16983.72
13,9,5,1000,0.9104,25519.2
13,9,6,1000,1.0565,32823.45
13,9,7,1000,1.0821,34105.58
13,9,8,1000,1.0671,33352.84
13,9,9,1000,1.2891,44452.52
13,9,10,1000,1.6057,60285.86
13,9,11,1000,1.8788,73942.0
13,9,12,1000,1.9397,76984.2
13,9,13,1000,1.935,76749.56
13,9,14,1000,1.8934,74670.44
13,9,15,1000,1.7659,68292.73
13,9,16,1000,1.5735,58675.33
13,9,17,1000,1.4372,51861.67
13,9,18,1000,1.2407,42034.43
13,9,19,1000,0.9923,29615.81
13,9,20,1000,0.8652,23257.63
13,9,21,1000,0.7964,19820.39
13,9,22,1000,0.64,12001.33
13,9,23,1000,0.4821,4103.04
13,9,24,1000,0.4331,1654.72
13,10,0,1000,0.4667,3337.44
13,10,1,1000,0.5189,5944.62
13,10,2,1000,0.607,10349.01
13,10,3,1000,0.6716,13580.7
13,10,4,1000,0.7331,16655.03
13,10,5,1000,0.8862,24308.28
13,10,6,1000,1.0192,30957.58
13,10,7,1000,1.0659,33296.98
13,10,8,1000,1.1911,39556.31
13,10,9,1000,1.572,58601.52
13,10,10,1000,1.9655,78273.06
13,10,11,1000,2.2192,90959.68
13,10,12,1000,2.2167,90834.21
13,10,13,1000,2.1945,89725.79
13,10,14,1000,2.0397,81987.09
13,10,15,1000,1.7832,69157.75
13,10,16,1000,1.5442,57210.18
13,10,17,1000,1.4332,51660.57
13,10,18,1000,1.2839,44196.74
13,10,19,1000,1.0329,31644.6
13,10,20,1000,0.8923,24612.68
13,10,21,1000,0.8042,20211.69
13,10,22,1000,0.6377,11882.59
13,10,23,1000,0.4751,3753.71
13,10,24,1000,0.4237,1182.83
13,11,0,1000,0.439,1951.11
13,11,1,1000,0.4757,3785.79
13,11,2,1000,0.5405,7023.05
13,11,3,1000,0.6262,11307.78
13,11,4,1000,0.7247,16236.81
13,11,5,1000,0.887,24348.66
13,11,6,1000,1.0432,32160.65
13,11,7,1000,1.1596,37981.89
13,11,8,1000,1.3275,46374.08
13,11,9,1000,1.7074,65369.78
13,11,10,1000,2.1612,88059.84
13,11,11,1000,2.5881,109402.98
13,11,12,1000,2.7405,117023.69
13,11,13,1000,2.6965,114825.7
13,11,14,1000,2.3295,96474.91
13,11,15,1000,1.8088,70439.36
13,11,16,1000,1.4377,51883.23
13,11,17,1000,1.2163,40816.4
13,11,18,1000,1.1434,37172.0
13,11,19,1000,1.0201,31005.38
13,11,20,1000,0.9657,28284.82
13,11,21,1000,0.8903,24515.07
13,11,22,1000,0.7228,16138.82
13,11,23,1000,0.5642,8208.66
13,11,24,1000,0.4807,4036.96
13,12,0,1000,0.4143,712.64
13,12,1,1000,0.4469,2346.63
13,12,2,1000,0.5269,6342.93
13,12,3,1000,0.6586,12931.79
13,12,4,1000,0.7983,19913.52
13,12,5,1000,0.9531,27655.43
13,12,6,1000,1.1217,36083.22
13,12,7,1000,1.2977,44885.04
13,12,8,1000,1.4123,50616.3
13,12,9,1000,1.6877,64384.72
13,12,10,1000,2.1584,87920.02
13,12,11,1000,2.7242,116211.02
13,12,12,1000,3.0776,133881.34
13,12,13,1000,3.031,131549.57
13,12,14,1000,2.6691,113455.83
13,12,15,1000,2.1317,86583.56
13,12,16,1000,1.6215,61074.9
13,12,17,1000,1.2076,40379.38
13,12,18,1000,1.1252,36261.24
13,12,19,1000,1.1016,35080.14
13,12,20,1000,1.0743,33714.73
13,12,21,1000,0.9428,27139.71
13,12,22,1000,0.7665,18323.22
13,12,23,1000,0.6246,11228.03
13,12,24,1000,0.5271,6357.05
13,13,0,1000,0.4578,2891.13
13,13,1,1000,0.4985,4927.12
13,13,2,1000,0.5806,9030.79
13,13,3,1000,0.7192,15959.11
13,13,4,1000,0.8603,23013.69
13,13,5,1000,0.9733,28662.71
13,13,6,1000,1.1138,35691.35
13,13,7,1000,1.2985,44927.22
13,13,8,1000,1.434,51701.78
13,13,9,1000,1.7233,66166.83
13,13,10,1000,2.1848,89242.49
13,13,11,1000,2.6043,110215.43
13,13,12,1000,2.7794,118968.71
13,13,13,1000,2.7304,116518.21
13,13,14,1000,2.629,111448.33
13,13,15,1000,2.327,96350.59
13,13,16,1000,1.8189,70944.17
13,13,17,1000,1.3732,48657.59
13,13,18,1000,1.2619,43096.37
13,13,19,1000,1.2207,41035.55
13,13,20,1000,1.1146,35732.24
13,13,21,1000,0.8826,24130.36
13,13,22,1000,0.6963,14817.07
13,13,23,1000,0.5734,8671.59
13,13,24,1000,0.4952,4759.23
13,14,0,1000,0.463,3149.59
13,14,1,1000,0.5389,6944.74
13,14,2,1000,0.6132,10662.02
13,14,3,1000,0.7259,16292.53
13,14,4,1000,0.8606,23030.55
13,14,5,1000,0.9811,29055.0
13,14,6,1000,1.1657,38285.41
13,14,7,1000,1.393,49647.71
13,14,8,1000,1.5062,55309.65
13,14,9,1000,1.7351,66754.4
13,14,10,1000,2.1714,88569.99
13,14,11,1000,2.4699,103496.18
13,14,12,1000,2.3762,98812.34
13,14,13,1000,2.2169,90844.73
13,14,14,1000,2.1421,87107.02
13,14,15,1000,2.0948,84741.69
13,14,16,1000,1.8256,71280.44
13,14,17,1000,1.564,58197.64
13,14,18,1000,1.4436,52177.64
13,14,19,1000,1.3358,46792.39
13,14,20,1000,1.1285,36425.94
13,14,21,1000,0.8172,20861.2
13,14,22,1000,0.6367,11833.91
13,14,23,1000,0.5265,6323.01
13,14,24,1000,0.4474,2370.1
13,15,0,1000,0.4152,760.1
13,15,1,1000,0.5222,6107.94
13,15,2,1000,0.5878,9390.66
13,15,3,1000,0.667,13349.02
13,15,4,1000,0.7846,19227.54
13,15,5,1000,0.9081,25405.02
13,15,6,1000,1.1281,36406.09
13,15,7,1000,1.3776,48880.79
13,15,8,1000,1.4381,51902.69
13,15,9,1000,1.5701,58505.6
13,15,10,1000,1.961,78048.11
13,15,11,1000,2.3042,95209.72
13,15,12,1000,2.201,90050.0
13,15,13,1000,1.9525,77627.49
13,15,14,1000,1.6694,63469.1
13,15,15,1000,1.677,63850.77
13,15,16,1000,1.648,62400.18
13,15,17,1000,1.5391,56956.74
13,15,18,1000,1.3668,48340.69
13,15,19,1000,1.2198,40992.02
13,15,20,1000,1.0418,32089.19
13,15,21,1000,0.8125,20625.68
13,15,22,1000,0.6623,13114.86
13,15,23,1000,0.5512,7560.28
13,15,24,1000,0.4565,2823.07
13,16,0,1000,0.3946,-269.09
13,16,1,1000,0.4991,4954.13
13,16,2,1000,0.561,8048.21
13,16,3,1000,0.6327,11635.11
13,16,4,1000,0.7314,16570.8
13,16,5,1000,0.8013,20063.97
13,16,6,1000,0.9694,28471.04
13,16,7,1000,1.1845,39225.49
13,16,8,1000,1.2284,41419.45
13,16,9,1000,1.3275,46372.54
13,16,10,1000,1.647,62352.35
13,16,11,1000,1.9617,78084.0
13,16,12,1000,1.8871,74353.54
13,16,13,1000,1.6683,63412.79
13,16,14,1000,1.4464,52320.59
13,16,15,1000,1.506,55298.22
13,16,16,1000,1.5202,56009.74
13,16,17,1000,1.3813,49064.94
13,16,18,1000,1.151,37549.51
13,16,19,1000,1.021,31048.24
13,16,20,1000,0.9203,26015.74
13,16,21,1000,0.7883,19414.85
13,16,22,1000,0.6634,13169.65
13,16,23,1000,0.5599,7994.11
13,16,24,1000,0.4731,3656.36
13,17,0,1000,0.3774,-1128.81
13,17,1,1000,0.4459,2294.93
13,17,2,1000,0.5111,5555.77
13,17,3,1000,0.6058,10291.82
13,17,4,1000,0.7077,15385.41
13,17,5,1000,0.7618,18092.19
13,17,6,1000,0.8812,24057.71
13,17,7,1000,1.0401,32004.88
13,17,8,1000,1.0256,31281.01
13,17,9,1000,1.0749,33746.32
13,17,10,1000,1.324,46201.77
13,17,11,1000,1.5724,58621.14
13,17,12,1000,1.4993,54963.61
13,17,13,1000,1.3269,46343.79
13,17,14,1000,1.2809,44043.73
13,17,15,1000,1.4326,51632.48
13,17,16,1000,1.4159,50792.69
13,17,17,1000,1.2083,40412.63
13,17,18,1000,0.9254,26269.29
13,17,19,1000,0.7975,19874.98
13,17,20,1000,0.7481,17403.72
13,17,21,1000,0.6991,14953.66
13,17,22,1000,0.6026,10128.57
13,17,23,1000,0.5187,5936.28
13,17,24,1000,0.4478,2388.9
13,18,0,1000,0.3482,-2589.87
13,18,1,1000,0.3713,-1434.18
13,18,2,1000,0.4396,1979.89
13,18,3,1000,0.5613,8065.07
13,18,4,1000,0.6758,13790.36
13,18,5,1000,0.7556,17780.9
13,18,6,1000,0.8543,22717.18
13,18,7,1000,0.9693,28465.66
13,18,8,1000,0.9411,27053.22
13,18,9,1000,0.9871,29353.3
13,18,10,1000,1.1886,39429.97
13,18,11,1000,1.3619,48094.79
13,18,12,1000,1.2695,43475.99
13,18,13,1000,1.1289,36445.54
13,18,14,1000,1.1423,37116.88
13,18,15,1000,1.2708,43539.86
13,18,16,1000,1.2134,40668.01
13,18,17,1000,1.0544,32722.4
13,18,18,1000,0.8546,22731.52
13,18,19,1000,0.726,16301.02
13,18,20,1000,0.6606,13031.66
13,18,21,1000,0.6181,10905.15
13,18,22,1000,0.5344,6717.63
13,18,23,1000,0.4713,3567.31
13,18,24,1000,0.4161,805.11
13,19,0,1000,0.3162,-4188.88
13,19,1,1000,0.3289,-3554.47
13,19,2,1000,0.391,-448.92
13,19,3,1000,0.5048,5241.03
13,19,4,1000,0.6068,10341.19
13,19,5,1000,0.6738,13689.83
13,19,6,1000,0.751,17549.72
13,19,7,1000,0.8495,22472.76
13,19,8,1000,0.8707,23536.16
13,19,9,1000,0.9524,27621.23
13,19,10,1000,1.1246,36232.48
13,19,11,1000,1.262,43097.91
13,19,12,1000,1.1744,38719.29
13,19,13,1000,1.05,32499.93
13,19,14,1000,1.0002,30007.56
13,19,15,1000,1.0406,32027.5
13,19,16,1000,0.9895,29475.53
13,19,17,1000,0.921,26051.78
13,19,18,1000,0.828,21397.75
13,19,19,1000,0.7209,16043.28
13,19,20,1000,0.6474,12367.81
13,19,21,1000,0.5938,9688.39
13,19,22,1000,0.5138,5691.0
13,19,23,1000,0.4606,3029.83
13,19,24,1000,0.4168,839.36
13,20,0,1000,0.2899,-5505.02
13,20,1,1000,0.3241,-3793.47
13,20,2,1000,0.386,-701.4
13,20,3,1000,0.4587,2936.8
13,20,4,1000,0.5186,5928.15
13,20,5,1000,0.5716,8580.64
13,20,6,1000,0.6564,12817.68
13,20,7,1000,0.7533,17664.14
13,20,8,1000,0.8171,20856.3
13,20,9,1000,0.8994,24972.06
13,20,10,1000,1.018,30901.72
13,20,11,1000,1.0897,34485.32
13,20,12,1000,0.9988,29938.13
13,20,13,1000,0.894,24698.44
13,20,14,1000,0.8161,20807.46
13,20,15,1000,0.8074,20371.19
13,20,16,1000,0.7647,18233.22
13,20,17,1000,0.7414,17070.55
13,20,18,1000,0.7225,16127.3
13,20,19,1000,0.6586,12930.97
13,20,20,1000,0.6143,10716.6
13,20,21,1000,0.5673,8363.78
13,20,22,1000,0.4867,4333.19
13,20,23,1000,0.4208,1041.65
13,20,24,1000,0.3789,-1053.62
13,21,0,1000,0.2826,-5868.44
13,21,1,1000,0.3504,-2479.4
13,21,2,1000,0.4074,369.55
13,21,3,1000,0.422,1101.96
13,21,4,1000,0.4285,1426.19
13,21,5,1000,0.4699,3493.66
13,21,6,1000,0.5751,8753.2
13,21,7,1000,0.6702,13507.96
13,21,8,1000,0.7335,16674.6
13,21,9,1000,0.7706,18530.01
13,21,10,1000,0.8288,21441.64
13,21,11,1000,0.8665,23325.39
13,21,12,1000,0.8073,20366.07
13,21,13,1000,0.729,16449.25
13,21,14,1000,0.6891,14453.27
13,21,15,1000,0.6969,14845.29
13,21,16,1000,0.6557,12784.76
13,21,17,1000,0.6088,10438.24
13,21,18,1000,0.5933,9662.83
13,21,19,1000,0.5687,8434.14
13,21,20,1000,0.5544,7721.17
13,21,21,1000,0.5029,5142.96
13,21,22,1000,0.4185,924.82
13,21,23,1000,0.3339,-3303.83
13,21,24,1000,0.2934,-5330.36
13,22,0,1000,0.2723,-6387.06
13,22,1,1000,0.3395,-3024.94
13,22,2,1000,0.3811,-947.34
13,22,3,1000,0.3761,-1193.93
13,22,4,1000,0.3669,-1657.45
13,22,5,1000,0.3898,-511.75
13,22,6,1000,0.479,3947.61
13,22,7,1000,0.5599,7995.54
13,22,8,1000,0.6153,10762.54
13,22,9,1000,0.6383,11913.34
13,22,10,1000,0.6803,14013.42
13,22,11,1000,0.7468,17337.55
13,22,12,1000,0.7379,16893.58
13,22,13,1000,0.6766,13828.78
13,22,14,1000,0.6513,12566.0
13,22,15,1000,0.6643,13215.07
13,22,16,1000,0.6269,11347.06
13,22,17,1000,0.5708,8539.64
13,22,18,1000,0.5456,7279.22
13,22,19,1000,0.5284,6422.24
13,22,20,1000,0.5068,5341.42
13,22,21,1000,0.4376,1877.89
13,22,22,1000,0.3573,-2134.35
13,22,23,1000,0.2819,-5904.65
13,22,24,1000,0.2535,-7324.47
13,23,0,1000,0.2425,-7876.67
13,23,1,1000,0.289,-5552.02
13,23,2,1000,0.3272,-3637.76
13,23,3,1000,0.3383,-3086.31
13,23,4,1000,0.3436,-2821.79
13,23,5,1000,0.3632,-1839.98
13,23,6,1000,0.4142,709.84
13,23,7,1000,0.4592,2961.46
13,23,8,1000,0.497,4847.87
13,23,9,1000,0.5315,6577.01
13,23,10,1000,0.5754,8769.15
13,23,11,1000,0.6556,12780.1
13,23,12,1000,0.6815,14073.45
13,23,13,1000,0.6484,12420.89
13,23,14,1000,0.6085,10426.31
13,23,15,1000,0.5847,9237.22
13,23,16,1000,0.5541,7705.0
13,23,17,1000,0.5237,6184.07
13,23,18,1000,0.5039,5195.96
13,23,19,1000,0.4752,3758.81
13,23,20,1000,0.4464,2319.4
13,23,21,1000,0.3911,-444.12
13,23,22,1000,0.3257,-3716.02
13,23,23,1000,0.263,-6850.21
13,23,24,1000,0.236,-8201.61
13,24,0,1000,0.2001,-9993.52
13,24,1,1000,0.2169,-9153.06
13,24,2,1000,0.2643,-6784.67
13,24,3,1000,0.312,-4398.49
13,24,4,1000,0.3502,-2489.35
13,24,5,1000,0.3875,-626.94
13,24,6,1000,0.3954,-232.24
13,24,7,1000,0.3904,-479.47
13,24,8,1000,0.4015,74.61
13,24,9,1000,0.4587,2936.52
13,24,10,1000,0.5056,5278.15
13,24,11,1000,0.5381,6904.88
13,24,12,1000,0.5481,7403.12
13,24,13,1000,0.5531,7657.48
13,24,14,1000,0.5165,5824.88
13,24,15,1000,0.4645,3225.44
13,24,16,1000,0.4448,2239.79
13,24,17,1000,0.4513,2564.67
13,24,18,1000,0.4363,1815.96
13,24,19,1000,0.3855,-724.99
13,24,20,1000,0.3577,-2116.91
13,24,21,1000,0.345,-2747.57
13,24,22,1000,0.3026,-4868.96
13,24,23,1000,0.2559,-7206.75
13,24,24,1000,0.2299,-8503.55
14,0,0,1000,0.1761,-11197.11
14,0,1,1000,0.2099,-9505.06
14,0,2,1000,0.2414,-7929.24
14,0,3,1000,0.2623,-6883.96
14,0,4,1000,0.2752,-6240.99
14,0,5,1000,0.2747,-6266.89
14,0,6,1000,0.302,-4901.65
14,0,7,1000,0.3436,-2819.68
14,0,8,1000,0.3726,-1369.14
14,0,9,1000,0.3911,-445.61
14,0,10,1000,0.417,850.13
14,0,11,1000,0.4488,2440.3
14,0,12,1000,0.4709,3544.9
14,0,13,1000,0.4765,3823.61
14,0,14,1000,0.4615,3073.05
14,0,15,1000,0.443,2147.58
14,0,16,1000,0.433,1651.21
14,0,17,1000,0.3893,-534.06
14,0,18,1000,0.3436,-2818.23
14,0,19,1000,0.3332,-3338.92
14,0,20,1000,0.316,-4198.38
14,0,21,1000,0.2819,-5902.63
14,0,22,1000,0.2572,-7138.99
14,0,23,1000,0.2329,-8355.58
14,0,24,1000,0.2155,-9223.65
14,1,0,1000,0.2085,-9572.95
14,1,1,1000,0.2421,-7896.24
14,1,2,1000,0.2694,-6528.28
14,1,3,1000,0.2913,-5432.59
14,1,4,1000,0.311,-4451.06
14,1,5,1000,0.3214,-3929.08
14,1,6,1000,0.3518,-2410.37
14,1,7,1000,0.3941,-294.12
14,1,8,1000,0.4367,1835.35
14,1,9,1000,0.4667,3333.27
14,1,10,1000,0.4932,4657.83
14,1,11,1000,0.5387,6935.37
14,1,12,1000,0.5783,8915.74
14,1,13,1000,0.586,9298.87
14,1,14,1000,0.5613,8066.72
14,1,15,1000,0.5255,6273.28
14,1,16,1000,0.5044,5218.21
14,1,17,1000,0.4385,1925.4
14,1,18,1000,0.3754,-1228.12
14,1,19,1000,0.3633,-1834.01
14,1,20,1000,0.3481,-2594.06
14,1,21,1000,0.3128,-4358.95
14,1,22,1000,0.2829,-5853.51
14,1,23,1000,0.2557,-7216.03
14,1,24,1000,0.2378,-8111.51
14,2,0,1000,0.2765,-6176.31
14,2,1,1000,0.3022,-4887.63
14,2,2,1000,0.3175,-4123.9
14,2,3,1000,0.3425,-2875.95
14,2,4,1000,0.3783,-1084.36
14,2,5,1000,0.4125,627.49
14,2,6,1000,0.4338,1688.35
14,2,7,1000,0.4597,2983.69
14,2,8,1000,0.5301,6503.78
14,2,9,1000,0.5859,9295.63
14,2,10,1000,0.5938,9688.98
14,2,11,1000,0.6095,10476.13
14,2,12,1000,0.6426,12129.79
14,2,13,1000,0.654,12700.54
14,2,14,1000,0.6421,12104.22
14,2,15,1000,0.5974,9867.96
14,2,16,1000,0.5516,7579.33
14,2,17,1000,0.4706,3529.81
14,2,18,1000,0.4198,992.0
14,2,19,1000,0.414,699.64
14,2,20,1000,0.4058,291.43
14,2,21,1000,0.3691,-1544.09
14,2,22,1000,0.3269,-3652.74
14,2,23,1000,0.2921,-5392.69
14,2,24,1000,0.2685,-6574.96
14,3,0,1000,0.3119,-4406.52
14,3,1,1000,0.3327,-3364.73
14,3,2,1000,0.3376,-3118.23
14,3,3,1000,0.3624,-1879.45
14,3,4,1000,0.4139,694.89
14,3,5,1000,0.4899,4496.27
14,3,6,1000,0.526,6297.71
14,3,7,1000,0.5452,7259.18
14,3,8,1000,0.6267,11337.41
14,3,9,1000,0.6942,14708.06
14,3,10,1000,0.6901,14503.81
14,3,11,1000,0.6704,13518.49
14,3,12,1000,0.6846,14227.69
14,3,13,1000,0.6985,14924.74
14,3,14,1000,0.7015,15075.03
14,3,15,1000,0.6564,12821.56
14,3,16,1000,0.5938,9689.77
14,3,17,1000,0.5174,5870.59
14,3,18,1000,0.4946,4731.3
14,3,19,1000,0.4929,4644.06
14,3,20,1000,0.4712,3560.85
14,3,21,1000,0.408,402.06
14,3,22,1000,0.3518,-2408.26
14,3,23,1000,0.3171,-4144.21
14,3,24,1000,0.3,-5000.46
14,4,0,1000,0.3118,-4408.39
14,4,1,1000,0.3338,-3308.31
14,4,2,1000,0.3418,-2912.38
14,4,3,1000,0.3699,-1506.41
14,4,4,1000,0.4295,1476.16
14,4,5,1000,0.5379,6893.83
14,4,6,1000,0.6077,10383.13
14,4,7,1000,0.6437,12182.53
14,4,8,1000,0.724,16201.95
14,4,9,1000,0.7932,19661.83
14,4,10,1000,0.8012,20061.22
14,4,11,1000,0.7611,18056.61
14,4,12,1000,0.7532,17661.03
14,4,13,1000,0.7719,18592.64
14,4,14,1000,0.7767,18833.99
14,4,15,1000,0.7209,16046.68
14,4,16,1000,0.6483,12415.17
14,4,17,1000,0.5871,9355.93
14,4,18,1000,0.5895,9475.59
14,4,19,1000,0.5831,9153.08
14,4,20,1000,0.5304,6519.9
14,4,21,1000,0.4307,1534.11
14,4,22,1000,0.3672,-1642.36
14,4,23,1000,0.3364,-3182.3
14,4,24,1000,0.327,-3648.89
14,5,0,1000,0.3001,-4993.48
14,5,1,1000,0.3348,-3260.75
14,5,2,1000,0.3891,-542.91
14,5,3,1000,0.4488,2439.07
14,5,4,1000,0.5021,5106.25
14,5,5,1000,0.5714,8569.14
14,5,6,1000,0.6669,13342.86
14,5,7,1000,0.76,17998.04
14,5,8,1000,0.831,21549.79
14,5,9,1000,0.9012,25061.15
14,5,10,1000,0.9703,28512.55
14,5,11,1000,0.9233,26164.02
14,5,12,1000,0.8769,23845.9
14,5,13,1000,0.9141,25704.1
14,5,14,1000,0.9118,25590.58
14,5,15,1000,0.8184,20920.98
14,5,16,1000,0.7318,16588.66
14,5,17,1000,0.6922,14610.79
14,5,18,1000,0.7119,15595.22
14,5,19,1000,0.6835,14176.08
14,5,20,1000,0.5954,9769.49
14,5,21,1000,0.4874,4370.65
14,5,22,1000,0.4356,1778.52
14,5,23,1000,0.3922,-388.44
14,5,24,1000,0.3517,-2417.16
14,6,0,1000,0.3173,-4135.15
14,6,1,1000,0.3653,-1736.33
14,6,2,1000,0.4593,2966.15
14,6,3,1000,0.549,7449.13
14,6,4,1000,0.6011,10054.26
14,6,5,1000,0.6303,11514.19
14,6,6,1000,0.7387,16935.03
14,6,7,1000,0.8787,23935.18
14,6,8,1000,0.9367,26835.17
14,6,9,1000,1.0037,30185.14
14,6,10,1000,1.1315,36574.41
14,6,11,1000,1.1332,36658.47
14,6,12,1000,1.1063,35315.21
14,6,13,1000,1.1632,38161.71
14,6,14,1000,1.1452,37257.57
14,6,15,1000,1.0044,30221.15
14,6,16,1000,0.8929,24645.81
14,6,17,1000,0.8252,21260.19
14,6,18,1000,0.8097,20482.72
14,6,19,1000,0.7562,17807.59
14,6,20,1000,0.6578,12890.67
14,6,21,1000,0.5674,8368.3
14,6,22,1000,0.5239,6195.53
14,6,23,1000,0.4587,2936.97
14,6,24,1000,0.3787,-1066.1
14,7,0,1000,0.3481,-2595.82
14,7,1,1000,0.4021,105.1
14,7,2,1000,0.5051,5256.49
14,7,3,1000,0.6048,10238.35
14,7,4,1000,0.6715,13575.1
14,7,5,1000,0.7283,16412.78
14,7,6,1000,0.8587,22934.08
14,7,7,1000,1.0041,30203.23
14,7,8,1000,1.0243,31214.82
14,7,9,1000,1.0772,33861.88
14,7,10,1000,1.2406,42031.53
14,7,11,1000,1.329,46450.92
14,7,12,1000,1.3741,48704.27
14,7,13,1000,1.4438,52190.47
14,7,14,1000,1.4087,50436.61
14,7,15,1000,1.235,41749.58
14,7,16,1000,1.0984,34919.31
14,7,17,1000,0.9807,29037.33
14,7,18,1000,0.907,25349.21
14,7,19,1000,0.8284,21419.85
14,7,20,1000,0.7273,16362.55
14,7,21,1000,0.6392,11960.15
14,7,22,1000,0.582,9099.93
14,7,23,1000,0.4988,4937.83
14,7,24,1000,0.4057,284.74
14,8,0,1000,0.3943,-283.47
14,8,1,1000,0.4529,2643.32
14,8,2,1000,0.5503,7515.75
14,8,3,1000,0.6464,12321.59
14,8,4,1000,0.7425,17125.64
14,8,5,1000,0.8838,24187.64
14,8,6,1000,1.0177,30884.64
14,8,7,1000,1.0877,34387.06
14,8,8,1000,1.0154,30769.73
14,8,9,1000,1.0831,34157.37
14,8,10,1000,1.3017,45084.83
14,8,11,1000,1.5284,56417.85
14,8,12,1000,1.6777,63885.77
14,8,13,1000,1.7533,67663.17
14,8,14,1000,1.6841,64206.81
14,8,15,1000,1.506,55297.84
14,8,16,1000,1.3798,48988.08
14,8,17,1000,1.2351,41754.92
14,8,18,1000,1.0689,33446.57
14,8,19,1000,0.9304,26519.86
14,8,20,1000,0.8306,21529.47
14,8,21,1000,0.7355,16774.82
14,8,22,1000,0.6218,11088.75
14,8,23,1000,0.5039,5193.11
14,8,24,1000,0.4237,1184.14
14,9,0,1000,0.4385,1924.67
14,9,1,1000,0.4964,4818.53
14,9,2,1000,0.5703,8513.96
14,9,3,1000,0.651,12551.09
14,9,4,1000,0.7618,18090.64
14,9,5,1000,0.9433,27164.29
14,9,6,1000,1.0548,32738.42
14,9,7,1000,1.0708,33542.06
14,9,8,1000,1.0528,32638.74
14,9,9,1000,1.2618,43091.83
14,9,10,1000,1.5448,57238.33
14,9,11,1000,1.7797,68986.17
14,9,12,1000,1.9033,75164.63
14,9,13,1000,1.9749,78747.3
14,9,14,1000,1.8544,72719.41
14,9,15,1000,1.6525,62623.08
14,9,16,1000,1.5354,56769.52
14,9,17,1000,1.4017,50086.0
14,9,18,1000,1.1951,39756.6
14,9,19,1000,1.0091,30454.0
14,9,20,1000,0.8954,24772.48
14,9,21,1000,0.7746,18732.25
14,9,22,1000,0.6139,10694.98
14,9,23,1000,0.4826,4130.71
14,9,24,1000,0.4355,1773.28
14,10,0,1000,0.459,2951.27
14,10,1,1000,0.5154,5770.74
14,10,2,1000,0.572,8600.66
14,10,3,1000,0.6447,12237.38
14,10,4,1000,0.7547,17735.59
14,10,5,1000,0.9206,26030.3
14,10,6,1000,1.0221,31105.62
14,10,7,1000,1.0617,33085.63
14,10,8,1000,1.1847,39234.36
14,10,9,1000,1.544,57198.47
14,10,10,1000,1.8886,74430.33
14,10,11,1000,2.0862,84310.33
14,10,12,1000,2.1415,87073.16
14,10,13,1000,2.2021,90102.95
14,10,14,1000,2.0122,80608.95
14,10,15,1000,1.729,66448.31
14,10,16,1000,1.5716,58578.49
14,10,17,1000,1.4343,51716.53
14,10,18,1000,1.2396,41981.57
14,10,19,1000,1.0437,32183.22
14,10,20,1000,0.9132,25660.96
14,10,21,1000,0.7756,18778.14
14,10,22,1000,0.6092,10457.82
14,10,23,1000,0.4848,4239.66
14,10,24,1000,0.452,2602.41
14,11,0,1000,0.4314,1568.8
14,11,1,1000,0.491,4552.25
14,11,2,1000,0.5528,7638.56
14,11,3,1000,0.6392,11962.28
14,11,4,1000,0.7566,17829.44
14,11,5,1000,0.9102,25511.02
14,11,6,1000,1.0528,32641.57
14,11,7,1000,1.1861,39303.31
14,11,8,1000,1.3795,48974.15
14,11,9,1000,1.7158,65788.44
14,11,10,1000,2.0744,83720.8
14,11,11,1000,2.3555,97772.59
14,11,12,1000,2.4261,101306.79
14,11,13,1000,2.39,99498.35
14,11,14,1000,2.1294,86467.58
14,11,15,1000,1.7518,67591.41
14,11,16,1000,1.4616,53081.39
14,11,17,1000,1.313,45650.26
14,11,18,1000,1.2453,42262.71
14,11,19,1000,1.0889,34445.29
14,11,20,1000,0.9482,27408.04
14,11,21,1000,0.8127,20633.96
14,11,22,1000,0.672,13599.91
14,11,23,1000,0.5538,7691.22
14,11,24,1000,0.4882,4409.06
14,12,0,1000,0.4223,1116.81
14,12,1,1000,0.4911,4554.72
14,12,2,1000,0.5732,8659.63
14,12,3,1000,0.6848,14238.26
14,12,4,1000,0.8151,20753.02
14,12,5,1000,0.9579,27894.49
14,12,6,1000,1.143,37149.82
14,12,7,1000,1.3539,47696.52
14,12,8,1000,1.4842,54209.03
14,12,9,1000,1.661,63051.45
14,12,10,1000,1.9937,79685.0
14,12,11,1000,2.4081,100403.82
14,12,12,1000,2.5702,108512.29
14,12,13,1000,2.4463,102312.64
14,12,14,1000,2.265,93248.99
14,12,15,1000,1.9396,76981.04
14,12,16,1000,1.5163,55814.51
14,12,17,1000,1.2882,44407.59
14,12,18,1000,1.2718,43591.74
14,12,19,1000,1.1436,37181.58
14,12,20,1000,0.9893,29464.21
14,12,21,1000,0.8505,22526.44
14,12,22,1000,0.7337,16684.19
14,12,23,1000,0.6109,10546.93
14,12,24,1000,0.4953,4763.89
14,13,0,1000,0.4495,2475.96
14,13,1,1000,0.5225,6125.01
14,13,2,1000,0.6045,10226.35
14,13,3,1000,0.7197,15983.88
14,13,4,1000,0.851,22548.8
14,13,5,1000,0.9706,28527.93
14,13,6,1000,1.1427,37134.79
14,13,7,1000,1.3567,47836.33
14,13,8,1000,1.4624,53118.22
14,13,9,1000,1.608,60398.31
14,13,10,1000,1.93,76499.95
14,13,11,1000,2.3178,95890.32
14,13,12,1000,2.444,102199.9
14,13,13,1000,2.3183,95915.34
14,13,14,1000,2.2797,93987.15
14,13,15,1000,2.0903,84515.95
14,13,16,1000,1.6585,62922.94
14,13,17,1000,1.3667,48336.54
14,13,18,1000,1.2924,44621.99
14,13,19,1000,1.1573,37864.55
14,13,20,1000,0.9887,29432.79
14,13,21,1000,0.8295,21472.93
14,13,22,1000,0.7127,15635.67
14,13,23,1000,0.5897,9487.4
14,13,24,1000,0.4675,3375.42
14,14,0,1000,0.4254,1271.43
14,14,1,1000,0.5062,5308.67
14,14,2,1000,0.5901,9503.96
14,14,3,1000,0.7086,15430.42
14,14,4,1000,0.8478,22389.39
14,14,5,1000,0.9716,28580.72
14,14,6,1000,1.1595,37977.13
14,14,7,1000,1.3844,49219.76
14,14,8,1000,1.4198,50987.71
14,14,9,1000,1.5103,55513.5
14,14,10,1000,1.8508,72542.03
14,14,11,1000,2.2325,91622.53
14,14,12,1000,2.2761,93804.14
14,14,13,1000,2.1203,86015.54
14,14,14,1000,2.1178,85891.55
14,14,15,1000,2.0851,84254.81
14,14,16,1000,1.7701,68506.37
14,14,17,1000,1.4872,54361.83
14,14,18,1000,1.36,48000.62
14,14,19,1000,1.2306,41531.75
14,14,20,1000,1.0471,32354.53
14,14,21,1000,0.8321,21604.14
14,14,22,1000,0.6955,14774.53
14,14,23,1000,0.5702,8509.29
14,14,24,1000,0.4459,2293.47
14,15,0,1000,0.3716,-1419.37
14,15,1,1000,0.4539,2695.56
14,15,2,1000,0.5281,6406.31
14,15,3,1000,0.6386,11931.74
14,15,4,1000,0.7783,18915.13
14,15,5,1000,0.9095,25475.67
14,15,6,1000,1.1107,35534.56
14,15,7,1000,1.3374,46871.86
14,15,8,1000,1.3263,46313.12
14,15,9,1000,1.383,49149.5
14,15,10,1000,1.7318,66592.27
14,15,11,1000,2.1231,86154.24
14,15,12,1000,2.1259,86293.21
14,15,13,1000,1.9416,77082.03
14,15,14,1000,1.8411,72053.94
14,15,15,1000,1.8426,72129.06
14,15,16,1000,1.6681,63405.84
14,15,17,1000,1.4526,52631.18
14,15,18,1000,1.3227,46134.54
14,15,19,1000,1.2213,41067.34
14,15,20,1000,1.0721,33606.45
14,15,21,1000,0.8588,22940.09
14,15,22,1000,0.7105,15526.09
14,15,23,1000,0.5829,9145.67
14,15,24,1000,0.46,3000.19
14,16,0,1000,0.3603,-1982.81
14,16,1,1000,0.4354,1768.62
14,16,2,1000,0.4913,4564.43
14,16,3,1000,0.5859,9295.35
14,16,4,1000,0.7103,15513.57
14,16,5,1000,0.8142,20710.25
14,16,6,1000,0.9843,29216.98
14,16,7,1000,1.1846,39232.07
14,16,8,1000,1.1806,39029.03
14,16,9,1000,1.2341,41705.01
14,16,10,1000,1.5295,56474.9
14,16,11,1000,1.8545,72723.12
14,16,12,1000,1.8361,71804.09
14,16,13,1000,1.6708,63540.23
14,16,14,1000,1.5773,58864.88
14,16,15,1000,1.5941,59704.3
14,16,16,1000,1.4732,53658.47
14,16,17,1000,1.2873,44364.35
14,16,18,1000,1.1641,38202.57
14,16,19,1000,1.0857,34286.74
14,16,20,1000,0.9873,29365.95
14,16,21,1000,0.8313,21563.36
14,16,22,1000,0.6988,14938.81
14,16,23,1000,0.5773,8863.9
14,16,24,1000,0.4602,3012.5
14,17,0,1000,0.3472,-2641.46
14,17,1,1000,0.4016,78.03
14,17,2,1000,0.4588,2939.86
14,17,3,1000,0.5517,7583.64
14,17,4,1000,0.6537,12682.69
14,17,5,1000,0.7301,16502.98
14,17,6,1000,0.8683,23412.79
14,17,7,1000,1.0423,32115.01
14,17,8,1000,1.0714,33570.95
14,17,9,1000,1.1117,35587.25
14,17,10,1000,1.3067,45335.44
14,17,11,1000,1.505,55250.53
14,17,12,1000,1.4617,53082.85
14,17,13,1000,1.3304,46517.53
14,17,14,1000,1.3132,45660.48
14,17,15,1000,1.3878,49392.41
14,17,16,1000,1.2985,44925.46
14,17,17,1000,1.1259,36294.72
14,17,18,1000,0.9704,28518.68
14,17,19,1000,0.8757,23784.86
14,17,20,1000,0.8113,20566.76
14,17,21,1000,0.7393,16964.27
14,17,22,1000,0.6432,12159.64
14,17,23,1000,0.5394,6970.49
14,17,24,1000,0.4298,1492.21
14,18,0,1000,0.311,-4451.29
14,18,1,1000,0.3461,-2696.11
14,18,2,1000,0.4338,1688.7
14,18,3,1000,0.5432,7159.11
14,18,4,1000,0.6265,11323.51
14,18,5,1000,0.6876,14381.54
14,18,6,1000,0.8057,20284.12
14,18,7,1000,0.9613,28067.01
14,18,8,1000,1.0287,31434.63
14,18,9,1000,1.0575,32875.13
14,18,10,1000,1.1598,37989.64
14,18,11,1000,1.2362,41811.1
14,18,12,1000,1.1692,38460.84
14,18,13,1000,1.0677,33387.39
14,18,14,1000,1.1011,35054.04
14,18,15,1000,1.2058,40288.2
14,18,16,1000,1.138,36898.14
14,18,17,1000,1.0077,30383.48
14,18,18,1000,0.8509,22547.11
14,18,19,1000,0.7282,16408.1
14,18,20,1000,0.6613,13065.61
14,18,21,1000,0.6383,11912.83
14,18,22,1000,0.5743,8714.35
14,18,23,1000,0.4952,4762.02
14,18,24,1000,0.4014,71.9
14,19,0,1000,0.2767,-6163.1
14,19,1,1000,0.3084,-4579.43
14,19,2,1000,0.4067,333.73
14,19,3,1000,0.5165,5826.31
14,19,4,1000,0.5882,9408.35
14,19,5,1000,0.6348,11742.2
14,19,6,1000,0.7331,16655.64
14,19,7,1000,0.8693,23466.49
14,19,8,1000,0.9457,27284.52
14,19,9,1000,0.9778,28890.58
14,19,10,1000,1.0519,32593.52
14,19,11,1000,1.0921,34602.72
14,19,12,1000,1.021,31047.68
14,19,13,1000,0.9335,26675.85
14,19,14,1000,0.9478,27389.81
14,19,15,1000,1.0238,31192.08
14,19,16,1000,0.9724,28621.12
14,19,17,1000,0.8894,24468.22
14,19,18,1000,0.7782,18908.73
14,19,19,1000,0.6689,13446.16
14,19,20,1000,0.6063,10313.32
14,19,21,1000,0.5898,9488.25
14,19,22,1000,0.5356,6780.26
14,19,23,1000,0.4712,3560.32
14,19,24,1000,0.395,-250.67
14,20,0,1000,0.2633,-6835.42
14,20,1,1000,0.3105,-4475.36
14,20,2,1000,0.4039,194.3
14,20,3,1000,0.4806,4029.53
14,20,4,1000,0.5268,6340.99
14,20,5,1000,0.5768,8842.14
14,20,6,1000,0.6708,13538.34
14,20,7,1000,0.7745,18723.16
14,20,8,1000,0.8406,22031.46
14,20,9,1000,0.8841,24206.39
14,20,10,1000,0.9488,27439.24
14,20,11,1000,0.9562,27810.1
14,20,12,1000,0.8681,23406.48
14,20,13,1000,0.7945,19726.02
14,20,14,1000,0.8028,20140.7
14,20,15,1000,0.8491,22452.73
14,20,16,1000,0.7962,19808.48
14,20,17,1000,0.7339,16697.1
14,20,18,1000,0.668,13398.78
14,20,19,1000,0.5887,9432.69
14,20,20,1000,0.5416,7082.03
14,20,21,1000,0.522,6100.4
14,20,22,1000,0.4679,3397.49
14,20,23,1000,0.4101,503.98
14,20,24,1000,0.3606,-1971.05
14,21,0,1000,0.2842,-5789.69
14,21,1,1000,0.3526,-2371.87
14,21,2,1000,0.4189,945.39
14,21,3,1000,0.4387,1932.83
14,21,4,1000,0.449,2448.51
14,21,5,1000,0.4953,4764.05
14,21,6,1000,0.5806,9031.56
14,21,7,1000,0.6443,12215.86
14,21,8,1000,0.6923,14616.53
14,21,9,1000,0.747,17351.91
14,21,10,1000,0.809,20448.82
14,21,11,1000,0.8182,20910.73
14,21,12,1000,0.7427,17132.97
14,21,13,1000,0.6851,14254.24
14,21,14,1000,0.6936,14680.36
14,21,15,1000,0.7101,15505.44
14,21,16,1000,0.6459,12295.73
14,21,17,1000,0.5977,9886.25
14,21,18,1000,0.579,8949.13
14,21,19,1000,0.5295,6473.2
14,21,20,1000,0.4875,4373.54
14,21,21,1000,0.4447,2233.15
14,21,22,1000,0.3832,-840.73
14,21,23,1000,0.3223,-3886.24
14,21,24,1000,0.2928,-5361.78
14,22,0,1000,0.2862,-5691.7
14,22,1,1000,0.3517,-2416.21
14,22,2,1000,0.3965,-175.45
14,22,3,1000,0.3964,-181.87
14,22,4,1000,0.3925,-375.66
14,22,5,1000,0.4121,603.57
14,22,6,1000,0.4709,3545.87
14,22,7,1000,0.5166,5832.21
14,22,8,1000,0.5626,8131.29
14,22,9,1000,0.6184,10920.43
14,22,10,1000,0.6738,13689.73
14,22,11,1000,0.7116,15581.19
14,22,12,1000,0.6753,13762.99
14,22,13,1000,0.6281,11407.09
14,22,14,1000,0.6188,10939.05
14,22,15,1000,0.6102,10510.16
14,22,16,1000,0.5512,7560.75
14,22,17,1000,0.5307,6535.79
14,22,18,1000,0.5469,7343.86
14,22,19,1000,0.5105,5525.15
14,22,20,1000,0.4628,3141.76
14,22,21,1000,0.4042,210.31
14,22,22,1000,0.3434,-2829.29
14,22,23,1000,0.2845,-5776.24
14,22,24,1000,0.2567,-7163.1
14,23,0,1000,0.2506,-7470.62
14,23,1,1000,0.2983,-5085.42
14,23,2,1000,0.3461,-2694.59
14,23,3,1000,0.3615,-1922.92
14,23,4,1000,0.3604,-1979.13
14,23,5,1000,0.3542,-2291.86
14,23,6,1000,0.3811,-945.51
14,23,7,1000,0.4161,806.69
14,23,8,1000,0.4671,3353.84
14,23,9,1000,0.5242,6208.43
14,23,10,1000,0.5692,8459.78
14,23,11,1000,0.6187,10934.48
14,23,12,1000,0.6247,11233.16
14,23,13,1000,0.604,10202.27
14,23,14,1000,0.5679,8392.53
14,23,15,1000,0.5179,5896.65
14,23,16,1000,0.4716,3578.43
14,23,17,1000,0.4759,3797.33
14,23,18,1000,0.5025,5123.37
14,23,19,1000,0.4674,3371.58
14,23,20,1000,0.4282,1409.06
14,23,21,1000,0.3883,-587.46
14,23,22,1000,0.3378,-3111.35
14,23,23,1000,0.2847,-5763.11
14,23,24,1000,0.2523,-7382.58
14,24,0,1000,0.1871,-10644.81
14,24,1,1000,0.2097,-9514.21
14,24,2,1000,0.2789,-6054.7
14,24,3,1000,0.3302,-3488.3
14,24,4,1000,0.3449,-2754.74
14,24,5,1000,0.3374,-3128.33
14,24,6,1000,0.3455,-2726.99
14,24,7,1000,0.3709,-1455.23
14,24,8,1000,0.4146,730.05
14,24,9,1000,0.4639,3197.26
14,24,10,1000,0.4936,4681.61
14,24,11,1000,0.5109,5546.92
14,24,12,1000,0.5321,6606.35
14,24,13,1000,0.5518,7590.33
14,24,14,1000,0.5208,6039.65
14,24,15,1000,0.4537,2684.42
14,24,16,1000,0.424,1201.62
14,24,17,1000,0.4271,1353.66
14,24,18,1000,0.4213,1067.4
14,24,19,1000,0.3779,-1106.12
14,24,20,1000,0.3563,-2182.98
14,24,21,1000,0.3551,-2244.49
14,24,22,1000,0.3219,-3906.7
14,24,23,1000,0.286,-5699.63
14,24,24,1000,0.2625,-6872.92
15,0,0,1000,0.1785,-11075.04
15,0,1,1000,0.2079,-9604.91
15,0,2,1000,0.2357,-8216.22
15,0,3,1000,0.2655,-6727.37
15,0,4,1000,0.2892,-5539.8
15,0,5,1000,0.285,-5750.15
15,0,6,1000,0.3026,-4871.77
15,0,7,1000,0.3481,-2594.29
15,0,8,1000,0.3884,-581.5
15,0,9,1000,0.3936,-319.07
15,0,10,1000,0.3917,-415.71
15,0,11,1000,0.3986,-67.97
15,0,12,1000,0.4373,1864.99
15,0,13,1000,0.4641,3204.2
15,0,14,1000,0.4586,2930.85
15,0,15,1000,0.4222,1109.82
15,0,16,1000,0.401,49.45
15,0,17,1000,0.3601,-1995.4
15,0,18,1000,0.3361,-3192.6
15,0,19,1000,0.3379,-3105.4
15,0,20,1000,0.3204,-3979.23
15,0,21,1000,0.2841,-5794.09
15,0,22,1000,0.2666,-6668.68
15,0,23,1000,0.2381,-8093.67
15,0,24,1000,0.2006,-9968.42
15,1,0,1000,0.1919,-10403.1
15,1,1,1000,0.2212,-8939.91
15,1,2,1000,0.2542,-7289.34
15,1,3,1000,0.2886,-5568.64
15,1,4,1000,0.3159,-4202.99
15,1,5,1000,0.3171,-4145.79
15,1,6,1000,0.3321,-3395.66
15,1,7,1000,0.3732,-1337.66
15,1,8,1000,0.4218,1089.39
15,1,9,1000,0.437,1849.2
15,1,10,1000,0.4368,1839.86
15,1,11,1000,0.4688,3441.84
15,1,12,1000,0.5301,6504.68
15,1,13,1000,0.5545,7722.99
15,1,14,1000,0.5453,7266.24
15,1,15,1000,0.5067,5336.84
15,1,16,1000,0.4796,3980.45
15,1,17,1000,0.4184,920.03
15,1,18,1000,0.3753,-1233.21
15,1,19,1000,0.3742,-1292.41
15,1,20,1000,0.3537,-2316.05
15,1,21,1000,0.3135,-4323.78
15,1,22,1000,0.2947,-5265.91
15,1,23,1000,0.2648,-6757.77
15,1,24,1000,0.2224,-8879.05
15,2,0,1000,0.2451,-7743.45
15,2,1,1000,0.2681,-6594.84
15,2,2,1000,0.3072,-4641.86
15,2,3,1000,0.3479,-2602.68
15,2,4,1000,0.3824,-879.47
15,2,5,1000,0.4035,176.17
15,2,6,1000,0.4044,219.62
15,2,7,1000,0.4169,847.03
15,2,8,1000,0.4881,4404.48
15,2,9,1000,0.5435,7175.4
15,2,10,1000,0.5426,7129.55
15,2,11,1000,0.581,9048.83
15,2,12,1000,0.6324,11619.29
15,2,13,1000,0.6314,11569.94
15,2,14,1000,0.6114,10570.87
15,2,15,1000,0.5815,9074.38
15,2,16,1000,0.5482,7409.61
15,2,17,1000,0.4794,3968.09
15,2,18,1000,0.4371,1854.09
15,2,19,1000,0.4346,1727.58
15,2,20,1000,0.4052,257.61
15,2,21,1000,0.3568,-2160.53
15,2,22,1000,0.3375,-3126.35
15,2,23,1000,0.3167,-4166.79
15,2,24,1000,0.2773,-6133.79
15,3,0,1000,0.2799,-6004.16
15,3,1,1000,0.2983,-5082.93
15,3,2,1000,0.3351,-3243.71
15,3,3,1000,0.377,-1149.32
15,3,4,1000,0.4255,1277.08
15,3,5,1000,0.5,4998.2
15,3,6,1000,0.5221,6106.57
15,3,7,1000,0.521,6049.15
15,3,8,1000,0.5922,9610.09
15,3,9,1000,0.6612,13061.28
15,3,10,1000,0.6588,12941.68
15,3,11,1000,0.6844,14219.34
15,3,12,1000,0.715,15748.12
15,3,13,1000,0.6973,14867.29
15,3,14,1000,0.6741,13706.02
15,3,15,1000,0.6523,12613.17
15,3,16,1000,0.6131,10654.27
15,3,17,1000,0.5437,7182.7
15,3,18,1000,0.5101,5505.63
15,3,19,1000,0.5063,5315.68
15,3,20,1000,0.4575,2872.5
15,3,21,1000,0.3844,-778.91
15,3,22,1000,0.3607,-1963.08
15,3,23,1000,0.3461,-2696.9
15,3,24,1000,0.3096,-4520.55
15,4,0,1000,0.2851,-5743.74
15,4,1,1000,0.2995,-5024.3
15,4,2,1000,0.3249,-3753.73
15,4,3,1000,0.366,-1699.6
15,4,4,1000,0.4314,1571.9
15,4,5,1000,0.5631,8154.88
15,4,6,1000,0.6336,11678.76
15,4,7,1000,0.6478,12392.26
15,4,8,1000,0.6968,14837.82
15,4,9,1000,0.7495,17475.65
15,4,10,1000,0.7569,17845.02
15,4,11,1000,0.7641,18203.17
15,4,12,1000,0.7782,18910.34
15,4,13,1000,0.7681,18405.33
15,4,14,1000,0.7454,17269.15
15,4,15,1000,0.7143,15713.53
15,4,16,1000,0.6706,13528.28
15,4,17,1000,0.6123,10615.86
15,4,18,1000,0.5866,9330.52
15,4,19,1000,0.5704,8520.86
15,4,20,1000,0.4929,4646.4
15,4,21,1000,0.391,-451.41
15,4,22,1000,0.3603,-1985.95
15,4,23,1000,0.3472,-2640.83
15,4,24,1000,0.318,-4099.94
15,5,0,1000,0.2955,-5224.99
15,5,1,1000,0.3067,-4662.74
15,5,2,1000,0.3269,-3657.31
15,5,3,1000,0.3883,-586.08
15,5,4,1000,0.4705,3527.28
15,5,5,1000,0.5867,9335.9
15,5,6,1000,0.6899,14495.92
15,5,7,1000,0.7656,18279.12
15,5,8,1000,0.7857,19287.37
15,5,9,1000,0.8153,20765.16
15,5,10,1000,0.8732,23661.94
15,5,11,1000,0.8479,22395.43
15,5,12,1000,0.8335,21676.46
15,5,13,1000,0.8733,23666.7
15,5,14,1000,0.8413,22064.75
15,5,15,1000,0.7532,17658.31
15,5,16,1000,0.7108,15538.25
15,5,17,1000,0.7119,15593.64
15,5,18,1000,0.7009,15043.46
15,5,19,1000,0.6332,11660.22
15,5,20,1000,0.5211,6056.08
15,5,21,1000,0.4205,1024.23
15,5,22,1000,0.3809,-954.71
15,5,23,1000,0.3551,-2246.03
15,5,24,1000,0.3345,-3277.3
15,6,0,1000,0.322,-3899.1
15,6,1,1000,0.3424,-2879.34
15,6,2,1000,0.3924,-381.75
15,6,3,1000,0.493,4652.12
15,6,4,1000,0.5864,9320.71
15,6,5,1000,0.6395,11975.4
15,6,6,1000,0.7309,16547.15
15,6,7,1000,0.8565,22823.49
15,6,8,1000,0.8724,23621.09
15,6,9,1000,0.8999,24996.86
15,6,10,1000,1.0082,30410.1
15,6,11,1000,1.0081,30405.04
15,6,12,1000,1.0182,30911.36
15,6,13,1000,1.1025,35124.88
15,6,14,1000,1.0617,33082.97
15,6,15,1000,0.9226,26129.88
15,6,16,1000,0.8698,23489.06
15,6,17,1000,0.8758,23789.89
15,6,18,1000,0.8293,21466.75
15,6,19,1000,0.7113,15562.72
15,6,20,1000,0.59,9497.93
15,6,21,1000,0.517,5852.19
15,6,22,1000,0.4693,3463.57
15,6,23,1000,0.4079,397.32
15,6,24,1000,0.3533,-2336.17
15,7,0,1000,0.3527,-2366.6
15,7,1,1000,0.3868,-657.85
15,7,2,1000,0.4676,3380.83
15,7,3,1000,0.595,9749.52
15,7,4,1000,0.7043,15214.76
15,7,5,1000,0.7508,17541.47
15,7,6,1000,0.8357,21783.76
15,7,7,1000,0.9666,28328.31
15,7,8,1000,0.9655,28274.24
15,7,9,1000,0.9952,29758.73
15,7,10,1000,1.1347,36732.51
15,7,11,1000,1.2031,40153.11
15,7,12,1000,1.2772,43857.53
15,7,13,1000,1.3808,49040.89
15,7,14,1000,1.3309,46543.83
15,7,15,1000,1.1691,38456.54
15,7,16,1000,1.1003,35015.79
15,7,17,1000,1.058,32901.32
15,7,18,1000,0.9504,27518.36
15,7,19,1000,0.8094,20469.02
15,7,20,1000,0.6926,14629.49
15,7,21,1000,0.6272,11358.39
15,7,22,1000,0.5634,8170.53
15,7,23,1000,0.4641,3205.09
15,7,24,1000,0.36,-1997.7
15,8,0,1000,0.3991,-43.62
15,8,1,1000,0.4516,2577.89
15,8,2,1000,0.5232,6157.5
15,8,3,1000,0.64,11998.44
15,8,4,1000,0.7802,19012.49
15,8,5,1000,0.9005,25024.66
15,8,6,1000,0.9765,28825.51
15,8,7,1000,1.0359,31794.04
15,8,8,1000,0.9846,29231.23
15,8,9,1000,1.062,33099.7
15,8,10,1000,1.2451,42256.47
15,8,11,1000,1.3733,48666.13
15,8,12,1000,1.5017,55084.17
15,8,13,1000,1.6271,61353.13
15,8,14,1000,1.5284,56422.27
15,8,15,1000,1.3388,46937.53
15,8,16,1000,1.2929,44646.06
15,8,17,1000,1.2102,40508.73
15,8,18,1000,1.0503,32517.46
15,8,19,1000,0.924,26200.25
15,8,20,1000,0.838,21898.14
15,8,21,1000,0.741,17048.68
15,8,22,1000,0.6233,11166.29
15,8,23,1000,0.4953,4763.72
15,8,24,1000,0.38,-998.82
15,9,0,1000,0.4109,543.36
15,9,1,1000,0.4697,3486.72
15,9,2,1000,0.5135,5674.46
15,9,3,1000,0.6057,10285.46
15,9,4,1000,0.7639,18195.55
15,9,5,1000,0.9458,27289.39
15,9,6,1000,1.0114,30568.34
15,9,7,1000,1.019,30950.16
15,9,8,1000,1.0383,31915.81
15,9,9,1000,1.2652,43260.16
15,9,10,1000,1.4972,54862.13
15,9,11,1000,1.5686,58432.48
15,9,12,1000,1.6349,61745.36
15,9,13,1000,1.7743,68712.53
15,9,14,1000,1.6264,61317.99
15,9,15,1000,1.4077,50382.83
15,9,16,1000,1.3852,49261.12
15,9,17,1000,1.2756,43777.52
15,9,18,1000,1.0811,34057.46
15,9,19,1000,0.9727,28633.62
15,9,20,1000,0.9041,25207.12
15,9,21,1000,0.7668,18342.43
15,9,22,1000,0.6084,10419.74
15,9,23,1000,0.4957,4783.43
15,9,24,1000,0.4337,1683.21
15,10,0,1000,0.3959,-207.37
15,10,1,1000,0.4575,2876.3
15,10,2,1000,0.5058,5288.35
15,10,3,1000,0.5999,9995.85
15,10,4,1000,0.7561,17804.26
15,10,5,1000,0.9233,26164.95
15,10,6,1000,0.981,29051.05
15,10,7,1000,1.0142,30712.02
15,10,8,1000,1.1776,38878.17
15,10,9,1000,1.5466,57330.96
15,10,10,1000,1.8222,71108.25
15,10,11,1000,1.8284,71422.18
15,10,12,1000,1.8093,70464.5
15,10,13,1000,1.9407,77032.95
15,10,14,1000,1.7774,68868.98
15,10,15,1000,1.5364,56819.78
15,10,16,1000,1.4839,54195.11
15,10,17,1000,1.3423,47113.95
15,10,18,1000,1.1225,36126.03
15,10,19,1000,0.9974,29869.05
15,10,20,1000,0.9095,25476.62
15,10,21,1000,0.7584,17922.34
15,10,22,1000,0.5994,9968.4
15,10,23,1000,0.5067,5337.02
15,10,24,1000,0.4787,3935.96
15,11,0,1000,0.3917,-414.51
15,11,1,1000,0.4751,3755.59
15,11,2,1000,0.5441,7204.05
15,11,3,1000,0.6355,11773.37
15,11,4,1000,0.7662,18310.04
15,11,5,1000,0.8948,24740.29
15,11,6,1000,1.0079,30395.67
15,11,7,1000,1.1583,37913.32
15,11,8,1000,1.4359,51793.5
15,11,9,1000,1.7764,68821.33
15,11,10,1000,2.0269,81343.34
15,11,11,1000,2.0699,83496.26
15,11,12,1000,1.9803,79013.34
15,11,13,1000,1.9491,77453.6
15,11,14,1000,1.8349,71746.14
15,11,15,1000,1.6552,62761.04
15,11,16,1000,1.4623,53112.68
15,11,17,1000,1.3708,48540.0
15,11,18,1000,1.2871,44356.9
15,11,19,1000,1.1044,35219.73
15,11,20,1000,0.8911,24557.08
15,11,21,1000,0.7106,15530.23
15,11,22,1000,0.6047,10235.82
15,11,23,1000,0.5359,6795.23
15,11,24,1000,0.4975,4874.33
15,12,0,1000,0.4215,1074.1
15,12,1,1000,0.5265,6322.76
15,12,2,1000,0.6072,10359.12
15,12,3,1000,0.693,14649.92
15,12,4,1000,0.8058,20288.52
15,12,5,1000,0.9167,25833.41
15,12,6,1000,1.0996,34979.02
15,12,7,1000,1.3449,47246.81
15,12,8,1000,1.5664,58319.27
15,12,9,1000,1.7138,65688.49
15,12,10,1000,1.909,75452.11
15,12,11,1000,2.1321,86605.76
15,12,12,1000,2.1297,86485.4
15,12,13,1000,1.9428,77139.33
15,12,14,1000,1.9036,75178.64
15,12,15,1000,1.8099,70493.01
15,12,16,1000,1.477,53848.91
15,12,17,1000,1.3801,49005.9
15,12,18,1000,1.3686,48429.25
15,12,19,1000,1.1334,36671.24
15,12,20,1000,0.8497,22486.38
15,12,21,1000,0.7016,15081.21
15,12,22,1000,0.6536,12680.31
15,12,23,1000,0.5723,8615.33
15,12,24,1000,0.4676,3378.72
15,13,0,1000,0.4344,1719.19
15,13,1,1000,0.5395,6976.25
15,13,2,1000,0.6165,10827.31
15,13,3,1000,0.7019,15096.47
15,13,4,1000,0.8151,20757.36
15,13,5,1000,0.921,26052.35
15,13,6,1000,1.1055,35273.97
15,13,7,1000,1.3482,47409.77
15,13,8,1000,1.5023,55115.34
15,13,9,1000,1.5784,58920.58
15,13,10,1000,1.766,68297.6
15,13,11,1000,2.078,83901.1
15,13,12,1000,2.1593,87966.16
15,13,13,1000,1.9712,78558.85
15,13,14,1000,1.9714,78569.39
15,13,15,1000,1.9131,75652.57
15,13,16,1000,1.5603,58014.62
15,13,17,1000,1.3669,48343.23
15,13,18,1000,1.2655,43277.25
15,13,19,1000,1.0335,31673.17
15,13,20,1000,0.8023,20115.46
15,13,21,1000,0.718,15899.81
15,13,22,1000,0.6813,14066.82
15,13,23,1000,0.5812,9060.62
15,13,24,1000,0.445,2248.47
15,14,0,1000,0.4053,265.84
15,14,1,1000,0.4908,4541.62
15,14,2,1000,0.5762,8810.98
15,14,3,1000,0.6958,14787.95
15,14,4,1000,0.8306,21530.3
15,14,5,1000,0.9174,25870.22
15,14,6,1000,1.073,33650.95
15,14,7,1000,1.2952,44762.08
15,14,8,1000,1.3497,47483.29
15,14,9,1000,1.3943,49714.52
15,14,10,1000,1.6431,62154.1
15,14,11,1000,2.0287,81437.24
15,14,12,1000,2.1328,86641.93
15,14,13,1000,1.9809,79045.36
15,14,14,1000,2.0429,82146.16
15,14,15,1000,2.0306,81530.64
15,14,16,1000,1.684,64198.41
15,14,17,1000,1.3371,46853.37
15,14,18,1000,1.1495,37475.39
15,14,19,1000,1.0056,30279.12
15,14,20,1000,0.8653,23264.04
15,14,21,1000,0.7685,18424.43
15,14,22,1000,0.6914,14569.76
15,14,23,1000,0.5803,9014.73
15,14,24,1000,0.4512,2560.04
15,15,0,1000,0.3734,-1331.18
15,15,1,1000,0.4308,1542.49
15,15,2,1000,0.5016,5077.75
15,15,3,1000,0.6398,11990.64
15,15,4,1000,0.7927,19633.46
15,15,5,1000,0.871,23551.23
15,15,6,1000,1.0017,30083.5
15,15,7,1000,1.2064,40320.51
15,15,8,1000,1.2366,41831.78
15,15,9,1000,1.3231,46154.7
15,15,10,1000,1.6294,61468.16
15,15,11,1000,1.9695,78473.67
15,15,12,1000,1.9849,79245.28
15,15,13,1000,1.8593,72962.97
15,15,14,1000,1.9071,75355.18
15,15,15,1000,1.8784,73921.18
15,15,16,1000,1.5733,58664.9
15,15,17,1000,1.2173,40865.47
15,15,18,1000,1.0889,34447.47
15,15,19,1000,1.0509,32544.28
15,15,20,1000,0.9656,28280.98
15,15,21,1000,0.8041,20204.56
15,15,22,1000,0.6769,13843.57
15,15,23,1000,0.569,8450.51
15,15,24,1000,0.4701,3506.92
15,16,0,1000,0.3741,-1295.73
15,16,1,1000,0.4191,954.2
15,16,2,1000,0.4554,2771.17
15,16,3,1000,0.5687,8436.04
15,16,4,1000,0.7107,15533.01
15,16,5,1000,0.7916,19581.26
15,16,6,1000,0.9156,25780.52
15,16,7,1000,1.1032,35158.59
15,16,8,1000,1.1571,37852.72
15,16,9,1000,1.2608,43042.26
15,16,10,1000,1.5302,56511.15
15,16,11,1000,1.7781,68904.96
15,16,12,1000,1.7366,66831.71
15,16,13,1000,1.6207,61034.44
15,16,14,1000,1.6234,61171.7
15,16,15,1000,1.5665,58323.57
15,16,16,1000,1.3168,45839.86
15,16,17,1000,1.052,32601.42
15,16,18,1000,1.0011,30054.11
15,16,19,1000,0.9907,29534.72
15,16,20,1000,0.9254,26270.31
15,16,21,1000,0.7764,18819.27
15,16,22,1000,0.6536,12682.03
15,16,23,1000,0.5491,7454.51
15,16,24,1000,0.4526,2632.37
15,17,0,1000,0.3732,-1340.48
15,17,1,1000,0.4106,530.71
15,17,2,1000,0.4309,1545.59
15,17,3,1000,0.5063,5316.67
15,17,4,1000,0.6014,10070.46
15,17,5,1000,0.6653,13263.53
15,17,6,1000,0.7935,19676.89
15,17,7,1000,0.9842,29212.11
15,17,8,1000,1.1254,36268.45
15,17,9,1000,1.2152,40758.76
15,17,10,1000,1.3568,47839.64
15,17,11,1000,1.4946,54727.69
15,17,12,1000,1.4763,53817.46
15,17,13,1000,1.3849,49246.02
15,17,14,1000,1.3363,46816.72
15,17,15,1000,1.2686,43432.18
15,17,16,1000,1.1048,35241.9
15,17,17,1000,0.9701,28505.25
15,17,18,1000,0.9473,27366.16
15,17,19,1000,0.8953,24765.01
15,17,20,1000,0.814,20698.11
15,17,21,1000,0.7116,15578.23
15,17,22,1000,0.6227,11137.22
15,17,23,1000,0.5276,6379.42
15,17,24,1000,0.4218,1088.95
15,18,0,1000,0.3399,-3006.65
15,18,1,1000,0.3817,-914.4
15,18,2,1000,0.4427,2133.39
15,18,3,1000,0.5113,5563.03
15,18,4,1000,0.5573,7864.11
15,18,5,1000,0.589,9451.58
15,18,6,1000,0.7182,15912.42
15,18,7,1000,0.9145,25723.61
15,18,8,1000,1.1031,35157.4
15,18,9,1000,1.1328,36638.02
15,18,10,1000,1.1397,36986.55
15,18,11,1000,1.1893,39463.99
15,18,12,1000,1.2203,41012.86
15,18,13,1000,1.1598,37990.16
15,18,14,1000,1.1231,36157.34
15,18,15,1000,1.1071,35353.85
15,18,16,1000,1.0228,31141.33
15,18,17,1000,0.9621,28107.32
15,18,18,1000,0.896,24801.2
15,18,19,1000,0.7822,19110.81
15,18,20,1000,0.6771,13852.74
15,18,21,1000,0.6246,11229.67
15,18,22,1000,0.5759,8795.29
15,18,23,1000,0.5024,5119.03
15,18,24,1000,0.4029,146.61
15,19,0,1000,0.3006,-4968.37
15,19,1,1000,0.346,-2698.15
15,19,2,1000,0.4355,1774.46
15,19,3,1000,0.5135,5673.77
15,19,4,1000,0.5496,7479.08
15,19,5,1000,0.5701,8507.03
15,19,6,1000,0.6857,14284.23
15,19,7,1000,0.8596,22979.91
15,19,8,1000,1.0068,30338.16
15,19,9,1000,0.9983,29916.8
15,19,10,1000,0.9779,28892.64
15,19,11,1000,0.9931,29656.02
15,19,12,1000,1.0128,30639.1
15,19,13,1000,0.9647,28232.97
15,19,14,1000,0.9627,28136.38
15,19,15,1000,0.9872,29357.68
15,19,16,1000,0.9292,26459.43
15,19,17,1000,0.871,23552.35
15,19,18,1000,0.7877,19384.62
15,19,19,1000,0.6782,13907.55
15,19,20,1000,0.5884,9421.94
15,19,21,1000,0.5588,7940.83
15,19,22,1000,0.5247,6233.65
15,19,23,1000,0.468,3398.47
15,19,24,1000,0.3886,-569.3
15,20,0,1000,0.2654,-6732.49
15,20,1,1000,0.3215,-3925.31
15,20,2,1000,0.4209,1045.58
15,20,3,1000,0.4853,4267.37
15,20,4,1000,0.5169,5842.78
15,20,5,1000,0.5721,8607.35
15,20,6,1000,0.6808,14038.66
15,20,7,1000,0.7903,19514.41
15,20,8,1000,0.8594,22968.82
15,20,9,1000,0.8625,23125.75
15,20,10,1000,0.8761,23804.75
15,20,11,1000,0.8733,23666.29
15,20,12,1000,0.8434,22169.74
15,20,13,1000,0.8044,20220.38
15,20,14,1000,0.8581,22907.15
15,20,15,1000,0.9133,25665.54
15,20,16,1000,0.8447,22235.91
15,20,17,1000,0.7522,17611.09
15,20,18,1000,0.649,12452.18
15,20,19,1000,0.5525,7623.94
15,20,20,1000,0.4844,4220.07
15,20,21,1000,0.4692,3459.93
15,20,22,1000,0.4392,1962.05
15,20,23,1000,0.3993,-37.47
15,20,24,1000,0.3575,-2126.54
15,21,0,1000,0.2646,-6769.15
15,21,1,1000,0.3314,-3429.88
15,21,2,1000,0.4082,411.19
15,21,3,1000,0.4326,1628.38
15,21,4,1000,0.451,2551.35
15,21,5,1000,0.53,6498.31
15,21,6,1000,0.6131,10652.69
15,21,7,1000,0.6425,12125.49
15,21,8,1000,0.6576,12881.69
15,21,9,1000,0.7169,15844.26
15,21,10,1000,0.7853,19266.68
15,21,11,1000,0.8002,20008.82
15,21,12,1000,0.7419,17095.04
15,21,13,1000,0.7097,15485.73
15,21,14,1000,0.7703,18516.51
15,21,15,1000,0.7958,19790.94
15,21,16,1000,0.7039,15194.97
15,21,17,1000,0.6273,11364.67
15,21,18,1000,0.5723,8615.28
15,21,19,1000,0.4911,4554.55
15,21,20,1000,0.4288,1439.5
15,21,21,1000,0.4089,447.2
15,21,22,1000,0.3728,-1362.3
15,21,23,1000,0.3327,-3364.07
15,21,24,1000,0.309,-4552.28
15,22,0,1000,0.2703,-6483.37
15,22,1,1000,0.3327,-3363.1
15,22,2,1000,0.3876,-621.75
15,22,3,1000,0.3952,-241.64
15,22,4,1000,0.4018,90.73
15,22,5,1000,0.4469,2343.94
15,22,6,1000,0.4934,4669.35
15,22,7,1000,0.5008,5040.4
15,22,8,1000,0.5184,5919.16
15,22,9,1000,0.5936,9678.3
15,22,10,1000,0.665,13249.94
15,22,11,1000,0.6997,14984.43
15,22,12,1000,0.6605,13026.51
15,22,13,1000,0.6318,11588.61
15,22,14,1000,0.649,12450.18
15,22,15,1000,0.6269,11345.24
15,22,16,1000,0.5423,7116.77
15,22,17,1000,0.5282,6407.55
15,22,18,1000,0.5498,7492.46
15,22,19,1000,0.4874,4368.38
15,22,20,1000,0.4258,1291.22
15,22,21,1000,0.399,-48.15
15,22,22,1000,0.3611,-1944.06
15,22,23,1000,0.3131,-4346.94
15,22,24,1000,0.2759,-6202.84
15,23,0,1000,0.2493,-7533.62
15,23,1,1000,0.2947,-5266.64
15,23,2,1000,0.3438,-2808.53
15,23,3,1000,0.3579,-2102.75
15,23,4,1000,0.3543,-2284.54
15,23,5,1000,0.3498,-2508.15
15,23,6,1000,0.3712,-1437.7
15,23,7,1000,0.3947,-265.86
15,23,8,1000,0.4425,2124.8
15,23,9,1000,0.5093,5465.63
15,23,10,1000,0.5565,7822.85
15,23,11,1000,0.591,9550.19
15,23,12,1000,0.5928,9641.34
15,23,13,1000,0.5877,9383.83
15,23,14,1000,0.565,8250.48
15,23,15,1000,0.497,4851.26
15,23,16,1000,0.4327,1634.68
15,23,17,1000,0.4543,2716.44
15,23,18,1000,0.506,5297.7
15,23,19,1000,0.4604,3021.58
15,23,20,1000,0.4164,821.63
15,23,21,1000,0.4026,128.31
15,23,22,1000,0.3691,-1546.28
15,23,23,1000,0.3194,-4031.84
15,23,24,1000,0.2691,-6542.87
15,24,0,1000,0.2,-9998.12
15,24,1,1000,0.2201,-8996.36
15,24,2,1000,0.275,-6250.45
15,24,3,1000,0.3081,-4594.14
15,24,4,1000,0.3016,-4920.24
15,24,5,1000,0.2792,-6038.86
15,24,6,1000,0.3099,-4505.82
15,24,7,1000,0.3666,-1672.35
15,24,8,1000,0.4282,1411.84
15,24,9,1000,0.4552,2759.34
15,24,10,1000,0.4659,3292.81
15,24,11,1000,0.4721,3606.01
15,24,12,1000,0.5102,5510.2
15,24,13,1000,0.5463,7315.94
15,24,14,1000,0.5311,6553.05
15,24,15,1000,0.4585,2924.68
15,24,16,1000,0.4189,945.77
15,24,17,1000,0.4157,787.27
15,24,18,1000,0.417,851.23
15,24,19,1000,0.3805,-975.14
15,24,20,1000,0.3599,-2004.71
15,24,21,1000,0.3623,-1882.67
15,24,22,1000,0.3376,-3118.74
15,24,23,1000,0.3048,-4758.09
15,24,24,1000,0.2668,-6659.19
16,0,0,1000,0.187,-10650.82
16,0,1,1000,0.2103,-9484.72
16,0,2,1000,0.2187,-9064.25
16,0,3,1000,0.2382,-8092.15
16,0,4,1000,0.2671,-6642.5
16,0,5,1000,0.2914,-5431.51
16,0,6,1000,0.3272,-3641.01
16,0,7,1000,0.3714,-1430.15
16,0,8,1000,0.3958,-208.2
16,0,9,1000,0.3863,-687.31
16,0,10,1000,0.3775,-1124.85
16,0,11,1000,0.3576,-2118.96
16,0,12,1000,0.3755,-1226.44
16,0,13,1000,0.4035,174.64
16,0,14,1000,0.4143,717.06
16,0,15,1000,0.3932,-340.91
16,0,16,1000,0.3737,-1316.93
16,0,17,1000,0.3369,-3156.83
16,0,18,1000,0.3187,-4065.01
16,0,19,1000,0.322,-3900.22
16,0,20,1000,0.3,-4997.72
16,0,21,1000,0.2579,-7107.28
16,0,22,1000,0.2421,-7897.36
16,0,23,1000,0.2192,-9041.81
16,0,24,1000,0.1883,-10586.19
16,1,0,1000,0.1921,-10395.27
16,1,1,1000,0.2158,-9212.38
16,1,2,1000,0.2331,-8343.81
16,1,3,1000,0.2587,-7065.53
16,1,4,1000,0.2897,-5515.98
16,1,5,1000,0.3151,-4245.94
16,1,6,1000,0.3456,-2718.83
16,1,7,1000,0.3846,-769.02
16,1,8,1000,0.4163,812.65
16,1,9,1000,0.4159,794.63
16,1,10,1000,0.4089,446.79
16,1,11,1000,0.4157,786.5
16,1,12,1000,0.4569,2844.0
16,1,13,1000,0.4822,4109.61
16,1,14,1000,0.4919,4593.44
16,1,15,1000,0.4722,3610.21
16,1,16,1000,0.4479,2396.58
16,1,17,1000,0.392,-399.86
16,1,18,1000,0.3555,-2225.9
16,1,19,1000,0.3561,-2195.46
16,1,20,1000,0.3326,-3369.7
16,1,21,1000,0.2892,-5540.89
16,1,22,1000,0.273,-6350.91
16,1,23,1000,0.247,-7651.68
16,1,24,1000,0.207,-9648.35
16,2,0,1000,0.2187,-9063.58
16,2,1,1000,0.2392,-8038.22
16,2,2,1000,0.28,-5998.1
16,2,3,1000,0.3202,-3992.12
16,2,4,1000,0.352,-2400.94
16,2,5,1000,0.3742,-1290.94
16,2,6,1000,0.3752,-1240.69
16,2,7,1000,0.3835,-822.71
16,2,8,1000,0.4417,2082.67
16,2,9,1000,0.486,4299.48
16,2,10,1000,0.4815,4072.91
16,2,11,1000,0.5115,5575.44
16,2,12,1000,0.5546,7727.7
16,2,13,1000,0.5531,7654.26
16,2,14,1000,0.5508,7539.81
16,2,15,1000,0.5426,7129.42
16,2,16,1000,0.5146,5729.51
16,2,17,1000,0.4505,2523.87
16,2,18,1000,0.4117,587.44
16,2,19,1000,0.4109,544.83
16,2,20,1000,0.3862,-691.19
16,2,21,1000,0.3469,-2652.94
16,2,22,1000,0.333,-3351.35
16,2,23,1000,0.3087,-4566.02
16,2,24,1000,0.2574,-7127.77
16,3,0,1000,0.2384,-8077.8
16,3,1,1000,0.256,-7200.73
16,3,2,1000,0.3044,-4777.84
16,3,3,1000,0.3504,-2480.41
16,3,4,1000,0.3924,-378.18
16,3,5,1000,0.4538,2691.67
16,3,6,1000,0.4664,3320.19
16,3,7,1000,0.4592,2960.91
16,3,8,1000,0.5182,5912.28
16,3,9,1000,0.5775,8875.37
16,3,10,1000,0.5729,8643.71
16,3,11,1000,0.6,10000.93
16,3,12,1000,0.6292,11458.99
16,3,13,1000,0.6103,10517.17
16,3,14,1000,0.6056,10279.73
16,3,15,1000,0.6089,10442.55
16,3,16,1000,0.5769,8845.92
16,3,17,1000,0.5108,5538.64
16,3,18,1000,0.4774,3869.55
16,3,19,1000,0.4753,3766.92
16,3,20,1000,0.4373,1862.69
16,3,21,1000,0.3827,-866.0
16,3,22,1000,0.3664,-1679.8
16,3,23,1000,0.3432,-2837.53
16,3,24,1000,0.2852,-5740.06
16,4,0,1000,0.2462,-7692.5
16,4,1,1000,0.2586,-7067.63
16,4,2,1000,0.2924,-5380.73
16,4,3,1000,0.3357,-3214.27
16,4,4,1000,0.394,-297.59
16,4,5,1000,0.5107,5533.81
16,4,6,1000,0.569,8449.55
16,4,7,1000,0.5762,8808.27
16,4,8,1000,0.6165,10823.83
16,4,9,1000,0.6622,13107.92
16,4,10,1000,0.666,13300.58
16,4,11,1000,0.6724,13619.5
16,4,12,1000,0.6835,14175.2
16,4,13,1000,0.6725,13624.64
16,4,14,1000,0.6738,13688.0
16,4,15,1000,0.6741,13704.62
16,4,16,1000,0.6388,11938.93
16,4,17,1000,0.5785,8925.07
16,4,18,1000,0.5456,7279.73
16,4,19,1000,0.5307,6534.66
16,4,20,1000,0.4682,3410.29
16,4,21,1000,0.3901,-496.61
16,4,22,1000,0.3675,-1626.66
16,4,23,1000,0.3456,-2720.77
16,4,24,1000,0.295,-5250.75
16,5,0,1000,0.2791,-6043.54
16,5,1,1000,0.2846,-5767.54
16,5,2,1000,0.2936,-5318.17
16,5,3,1000,0.3472,-2640.04
16,5,4,1000,0.4228,1139.15
16,5,5,1000,0.5243,6213.25
16,5,6,1000,0.6117,10582.81
16,5,7,1000,0.6806,14029.36
16,5,8,1000,0.721,16047.54
16,5,9,1000,0.7668,18339.98
16,5,10,1000,0.8179,20897.35
16,5,11,1000,0.7764,18822.11
16,5,12,1000,0.7485,17424.66
16,5,13,1000,0.7883,19416.72
16,5,14,1000,0.7931,19656.38
16,5,15,1000,0.7494,17469.93
16,5,16,1000,0.7153,15763.16
16,5,17,1000,0.6934,14669.44
16,5,18,1000,0.6492,12460.12
16,5,19,1000,0.5797,8986.88
16,5,20,1000,0.4902,4509.43
16,5,21,1000,0.4213,1064.85
16,5,22,1000,0.3887,-563.96
16,5,23,1000,0.3598,-2010.75
16,5,24,1000,0.3321,-3393.88
16,6,0,1000,0.3195,-4023.98
16,6,1,1000,0.3319,-3405.37
16,6,2,1000,0.3587,-2067.41
16,6,3,1000,0.4448,2240.5
16,6,4,1000,0.5307,6533.12
16,6,5,1000,0.5661,8304.87
16,6,6,1000,0.6364,11817.76
16,6,7,1000,0.7544,17721.24
16,6,8,1000,0.8151,20756.22
16,6,9,1000,0.8793,23966.25
16,6,10,1000,0.977,28848.76
16,6,11,1000,0.9437,27182.97
16,6,12,1000,0.9271,26354.38
16,6,13,1000,1.0112,30560.86
16,6,14,1000,1.0205,31024.62
16,6,15,1000,0.9403,27013.56
16,6,16,1000,0.8969,24843.31
16,6,17,1000,0.8658,23290.2
16,6,18,1000,0.769,18451.22
16,6,19,1000,0.6479,12395.83
16,6,20,1000,0.5547,7735.97
16,6,21,1000,0.5189,5946.51
16,6,22,1000,0.4776,3877.94
16,6,23,1000,0.4171,853.81
16,6,24,1000,0.3648,-1760.31
16,7,0,1000,0.3484,-2581.04
16,7,1,1000,0.3754,-1231.92
16,7,2,1000,0.4362,1809.19
16,7,3,1000,0.5506,7531.06
16,7,4,1000,0.6506,12529.89
16,7,5,1000,0.6716,13581.85
16,7,6,1000,0.7287,16433.01
16,7,7,1000,0.8498,22488.52
16,7,8,1000,0.8964,24821.79
16,7,9,1000,0.9646,28229.34
16,7,10,1000,1.0889,34447.04
16,7,11,1000,1.1133,35662.97
16,7,12,1000,1.1512,37560.61
16,7,13,1000,1.2535,42677.37
16,7,14,1000,1.2627,43135.0
16,7,15,1000,1.1708,38539.82
16,7,16,1000,1.115,35747.76
16,7,17,1000,1.0374,31867.88
16,7,18,1000,0.8818,24091.07
16,7,19,1000,0.7407,17035.74
16,7,20,1000,0.6542,12711.31
16,7,21,1000,0.6272,11357.9
16,7,22,1000,0.5707,8533.25
16,7,23,1000,0.4726,3627.53
16,7,24,1000,0.3702,-1489.07
16,8,0,1000,0.3864,-680.89
16,8,1,1000,0.437,1847.76
16,8,2,1000,0.5081,5403.13
16,8,3,1000,0.6243,11214.98
16,8,4,1000,0.7552,17760.86
16,8,5,1000,0.8368,21842.02
16,8,6,1000,0.8784,23919.9
16,8,7,1000,0.9273,26365.08
16,8,8,1000,0.8961,24802.76
16,8,9,1000,0.9811,29055.17
16,8,10,1000,1.1396,36980.92
16,8,11,1000,1.2205,41024.41
16,8,12,1000,1.3122,45608.12
16,8,13,1000,1.4349,51745.58
16,8,14,1000,1.3977,49886.18
16,8,15,1000,1.2797,43984.56
16,8,16,1000,1.251,42547.61
16,8,17,1000,1.1529,37643.86
16,8,18,1000,0.9735,28674.35
16,8,19,1000,0.8573,22864.15
16,8,20,1000,0.797,19849.91
16,8,21,1000,0.7283,16413.86
16,8,22,1000,0.6196,10978.31
16,8,23,1000,0.4968,4840.66
16,8,24,1000,0.3846,-767.67
16,9,0,1000,0.3892,-541.09
16,9,1,1000,0.4503,2515.07
16,9,2,1000,0.5098,5487.94
16,9,3,1000,0.6119,10596.92
16,9,4,1000,0.7619,18094.48
16,9,5,1000,0.8986,24929.18
16,9,6,1000,0.9278,26387.88
16,9,7,1000,0.9242,26211.98
16,9,8,1000,0.928,26398.3
16,9,9,1000,1.1213,36066.35
16,9,10,1000,1.3151,45755.25
16,9,11,1000,1.3437,47184.93
16,9,12,1000,1.3821,49106.24
16,9,13,1000,1.5176,55881.75
16,9,14,1000,1.438,51901.79
16,9,15,1000,1.2972,44859.32
16,9,16,1000,1.2966,44827.59
16,9,17,1000,1.1881,39405.54
16,9,18,1000,0.9968,29837.67
16,9,19,1000,0.9069,25342.64
16,9,20,1000,0.8613,23064.73
16,9,21,1000,0.7455,17274.94
16,9,22,1000,0.5975,9876.45
16,9,23,1000,0.4936,4678.64
16,9,24,1000,0.4365,1822.58
16,10,0,1000,0.3703,-1485.48
16,10,1,1000,0.4342,1710.18
16,10,2,1000,0.4993,4964.04
16,10,3,1000,0.6036,10182.32
16,10,4,1000,0.751,17550.55
16,10,5,1000,0.8729,23643.66
16,10,6,1000,0.8935,24673.3
16,10,7,1000,0.9126,25630.26
16,10,8,1000,1.0481,32403.0
16,10,9,1000,1.3654,48271.08
16,10,10,1000,1.5883,59416.03
16,10,11,1000,1.552,57599.94
16,10,12,1000,1.5111,55555.44
16,10,13,1000,1.6378,61888.13
16,10,14,1000,1.5562,57808.17
16,10,15,1000,1.4088,50439.44
16,10,16,1000,1.386,49302.04
16,10,17,1000,1.2473,42366.91
16,10,18,1000,1.0295,31474.95
16,10,19,1000,0.9248,26240.24
16,10,20,1000,0.8634,23167.7
16,10,21,1000,0.7375,16874.79
16,10,22,1000,0.5899,9496.37
16,10,23,1000,0.5065,5325.7
16,10,24,1000,0.4841,4206.22
16,11,0,1000,0.3635,-1827.28
16,11,1,1000,0.4448,2242.26
16,11,2,1000,0.5136,5680.19
16,11,3,1000,0.6009,10047.04
16,11,4,1000,0.7175,15875.66
16,11,5,1000,0.8055,20277.44
16,11,6,1000,0.8804,24021.93
16,11,7,1000,1.009,30451.41
16,11,8,1000,1.2786,43930.24
16,11,9,1000,1.5879,59394.06
16,11,10,1000,1.782,69099.73
16,11,11,1000,1.8098,70488.66
16,11,12,1000,1.736,66798.54
16,11,13,1000,1.712,65599.36
16,11,14,1000,1.6497,62486.55
16,11,15,1000,1.5387,56932.6
16,11,16,1000,1.3875,49374.18
16,11,17,1000,1.2798,43988.39
16,11,18,1000,1.1642,38209.07
16,11,19,1000,0.9981,29904.83
16,11,20,1000,0.8232,21157.76
16,11,21,1000,0.6849,14246.84
16,11,22,1000,0.5941,9706.24
16,11,23,1000,0.5365,6824.74
16,11,24,1000,0.5095,5474.32
16,12,0,1000,0.3908,-457.86
16,12,1,1000,0.4893,4463.67
16,12,2,1000,0.5521,7603.14
16,12,3,1000,0.6191,10957.21
16,12,4,1000,0.7122,15607.59
16,12,5,1000,0.7868,19342.31
16,12,6,1000,0.9298,26490.44
16,12,7,1000,1.1461,37304.41
16,12,8,1000,1.3896,49481.54
16,12,9,1000,1.5427,57134.47
16,12,10,1000,1.6887,64435.17
16,12,11,1000,1.9195,75974.24
16,12,12,1000,1.9606,78029.5
16,12,13,1000,1.7961,69804.59
16,12,14,1000,1.7596,67979.38
16,12,15,1000,1.6911,64555.53
16,12,16,1000,1.4123,50615.67
16,12,17,1000,1.2843,44214.89
16,12,18,1000,1.2113,40565.05
16,12,19,1000,0.9896,29482.3
16,12,20,1000,0.7579,17896.44
16,12,21,1000,0.6719,13593.61
16,12,22,1000,0.643,12149.95
16,12,23,1000,0.5741,8703.77
16,12,24,1000,0.4848,4242.17
16,13,0,1000,0.403,150.78
16,13,1,1000,0.5011,5054.88
16,13,2,1000,0.5591,7956.43
16,13,3,1000,0.6249,11245.78
16,13,4,1000,0.7182,15910.0
16,13,5,1000,0.7895,19477.28
16,13,6,1000,0.9349,26746.69
16,13,7,1000,1.1484,37419.56
16,13,8,1000,1.3286,46427.85
16,13,9,1000,1.4166,50831.79
16,13,10,1000,1.5586,57928.11
16,13,11,1000,1.878,73898.54
16,13,12,1000,2.0001,80005.83
16,13,13,1000,1.8343,71713.56
16,13,14,1000,1.8208,71039.23
16,13,15,1000,1.7727,68634.28
16,13,16,1000,1.4765,53824.51
16,13,17,1000,1.2592,42957.75
16,13,18,1000,1.1009,35047.28
16,13,19,1000,0.8826,24128.48
16,13,20,1000,0.7061,15305.38
16,13,21,1000,0.6885,14422.56
16,13,22,1000,0.6719,13595.26
16,13,23,1000,0.5837,9184.51
16,13,24,1000,0.4623,3112.96
16,14,0,1000,0.3985,-76.97
16,14,1,1000,0.4783,3914.8
16,14,2,1000,0.5473,7367.24
16,14,3,1000,0.6525,12623.19
16,14,4,1000,0.7718,18591.89
16,14,5,1000,0.8242,21210.04
16,14,6,1000,0.942,27102.29
16,14,7,1000,1.1397,36986.79
16,14,8,1000,1.2242,41211.61
16,14,9,1000,1.2867,44336.49
16,14,10,1000,1.4887,54437.12
16,14,11,1000,1.8135,70675.87
16,14,12,1000,1.8964,74820.59
16,14,13,1000,1.7621,68103.02
16,14,14,1000,1.8092,70461.32
16,14,15,1000,1.7968,69840.55
16,14,16,1000,1.5035,55176.46
16,14,17,1000,1.1794,38968.4
16,14,18,1000,0.9902,29507.88
16,14,19,1000,0.8654,23268.13
16,14,20,1000,0.7609,18046.11
16,14,21,1000,0.7061,15305.98
16,14,22,1000,0.6475,12373.91
16,14,23,1000,0.5546,7729.11
16,14,24,1000,0.4482,2410.62
16,15,0,1000,0.3956,-222.38
16,15,1,1000,0.4491,2453.15
16,15,2,1000,0.5064,5317.81
16,15,3,1000,0.6362,11812.12
16,15,4,1000,0.7795,18973.08
16,15,5,1000,0.8254,21268.45
16,15,6,1000,0.9216,26078.82
16,15,7,1000,1.1084,35418.9
16,15,8,1000,1.1701,38506.66
16,15,9,1000,1.2767,43833.52
16,15,10,1000,1.5357,56784.94
16,15,11,1000,1.7476,67379.31
16,15,12,1000,1.6804,64020.79
16,15,13,1000,1.5684,58419.02
16,15,14,1000,1.6132,60658.95
16,15,15,1000,1.5814,59067.73
16,15,16,1000,1.3174,45868.49
16,15,17,1000,1.024,31198.43
16,15,18,1000,0.9497,27483.65
16,15,19,1000,0.9354,26771.92
16,15,20,1000,0.8592,22957.57
16,15,21,1000,0.7036,15181.19
16,15,22,1000,0.5911,9555.34
16,15,23,1000,0.5089,5444.68
16,15,24,1000,0.4424,2120.48
16,16,0,1000,0.3992,-38.78
16,16,1,1000,0.4405,2026.49
16,16,2,1000,0.464,3202.03
16,16,3,1000,0.5701,8505.76
16,16,4,1000,0.7047,15235.53
16,16,5,1000,0.7589,17946.22
16,16,6,1000,0.8545,22724.78
16,16,7,1000,1.0286,31428.93
16,16,8,1000,1.112,35598.42
16,16,9,1000,1.2355,41773.03
16,16,10,1000,1.468,53398.16
16,16,11,1000,1.602,60097.73
16,16,12,1000,1.4847,54236.62
16,16,13,1000,1.3791,48954.58
16,16,14,1000,1.3763,48816.13
16,16,15,1000,1.3081,45405.29
16,16,16,1000,1.085,34248.72
16,16,17,1000,0.8774,23870.47
16,16,18,1000,0.8825,24126.0
16,16,19,1000,0.8931,24656.32
16,16,20,1000,0.8286,21431.61
16,16,21,1000,0.6758,13791.9
16,16,22,1000,0.5653,8265.88
16,16,23,1000,0.486,4298.41
16,16,24,1000,0.4216,1081.53
16,17,0,1000,0.3988,-60.82
16,17,1,1000,0.4316,1579.52
16,17,2,1000,0.4305,1526.56
16,17,3,1000,0.4919,4594.36
16,17,4,1000,0.5817,9082.95
16,17,5,1000,0.6386,11931.74
16,17,6,1000,0.7563,17813.84
16,17,7,1000,0.9349,26745.69
16,17,8,1000,1.0734,33672.09
16,17,9,1000,1.1564,37821.89
16,17,10,1000,1.2758,43790.0
16,17,11,1000,1.38,48998.28
16,17,12,1000,1.3517,47585.23
16,17,13,1000,1.2695,43472.54
16,17,14,1000,1.1997,39985.62
16,17,15,1000,1.1039,35196.79
16,17,16,1000,0.9533,27665.83
16,17,17,1000,0.8567,22833.56
16,17,18,1000,0.874,23698.24
16,17,19,1000,0.8369,21842.77
16,17,20,1000,0.7442,17209.52
16,17,21,1000,0.6223,11116.4
16,17,22,1000,0.5413,7067.14
16,17,23,1000,0.4708,3539.8
16,17,24,1000,0.3973,-135.48
16,18,0,1000,0.3664,-1677.98
16,18,1,1000,0.4026,131.13
16,18,2,1000,0.4316,1578.72
16,18,3,1000,0.4774,3868.8
16,18,4,1000,0.5196,5981.73
16,18,5,1000,0.5655,8274.56
16,18,6,1000,0.7025,15124.44
16,18,7,1000,0.8859,24295.31
16,18,8,1000,1.0324,31617.51
16,18,9,1000,1.0222,31111.05
16,18,10,1000,1.0188,30938.57
16,18,11,1000,1.1198,35989.45
16,18,12,1000,1.2132,40659.33
16,18,13,1000,1.1624,38120.54
16,18,14,1000,1.0926,34628.25
16,18,15,1000,1.038,31902.47
16,18,16,1000,0.9588,27939.09
16,18,17,1000,0.9146,25731.57
16,18,18,1000,0.8658,23289.26
16,18,19,1000,0.7603,18017.08
16,18,20,1000,0.6333,11666.33
16,18,21,1000,0.5473,7362.74
16,18,22,1000,0.5024,5117.76
16,18,23,1000,0.453,2648.45
16,18,24,1000,0.3863,-684.19
16,19,0,1000,0.3262,-3690.15
16,19,1,1000,0.3662,-1691.57
16,19,2,1000,0.4241,1206.15
16,19,3,1000,0.4797,3987.32
16,19,4,1000,0.5131,5654.13
16,19,5,1000,0.5509,7545.25
16,19,6,1000,0.6775,13873.31
16,19,7,1000,0.8401,22005.3
16,19,8,1000,0.9413,27065.85
16,19,9,1000,0.8908,24542.13
16,19,10,1000,0.8636,23180.75
16,19,11,1000,0.9389,26943.2
16,19,12,1000,1.026,31299.98
16,19,13,1000,0.9866,29328.55
16,19,14,1000,0.9561,27804.12
16,19,15,1000,0.9475,27374.33
16,19,16,1000,0.8918,24591.39
16,19,17,1000,0.842,22099.68
16,19,18,1000,0.7669,18343.4
16,19,19,1000,0.6627,13134.59
16,19,20,1000,0.5509,7543.88
16,19,21,1000,0.4878,4391.96
16,19,22,1000,0.4563,2814.95
16,19,23,1000,0.4216,1079.01
16,19,24,1000,0.3725,-1373.27
16,20,0,1000,0.2725,-6376.86
16,20,1,1000,0.3222,-3890.53
16,20,2,1000,0.3966,-169.9
16,20,3,1000,0.4439,2193.67
16,20,4,1000,0.4745,3722.92
16,20,5,1000,0.5486,7429.89
16,20,6,1000,0.6676,13382.21
16,20,7,1000,0.7681,18407.35
16,20,8,1000,0.8068,20341.37
16,20,9,1000,0.7826,19130.8
16,20,10,1000,0.7921,19603.8
16,20,11,1000,0.8376,21878.18
16,20,12,1000,0.8618,23089.85
16,20,13,1000,0.8307,21534.88
16,20,14,1000,0.8717,23584.87
16,20,15,1000,0.9106,25527.61
16,20,16,1000,0.8428,22138.22
16,20,17,1000,0.745,17247.79
16,20,18,1000,0.6336,11678.66
16,20,19,1000,0.5381,6903.7
16,20,20,1000,0.4559,2795.56
16,20,21,1000,0.4203,1015.98
16,20,22,1000,0.3931,-344.66
16,20,23,1000,0.3679,-1607.0
16,20,24,1000,0.345,-2748.22
16,21,0,1000,0.2435,-7825.82
16,21,1,1000,0.3024,-4881.46
16,21,2,1000,0.3633,-1833.32
16,21,3,1000,0.3776,-1120.82
16,21,4,1000,0.3974,-127.85
16,21,5,1000,0.4977,4883.03
16,21,6,1000,0.5901,9506.35
16,21,7,1000,0.6131,10656.62
16,21,8,1000,0.6208,11042.17
16,21,9,1000,0.6742,13708.06
16,21,10,1000,0.7413,17062.93
16,21,11,1000,0.7873,19363.99
16,21,12,1000,0.7646,18228.98
16,21,13,1000,0.7395,16972.77
16,21,14,1000,0.8043,20212.59
16,21,15,1000,0.831,21551.43
16,21,16,1000,0.7388,16938.45
16,21,17,1000,0.6424,12121.14
16,21,18,1000,0.5616,8081.02
16,21,19,1000,0.4772,3859.82
16,21,20,1000,0.4129,643.56
16,21,21,1000,0.392,-400.9
16,21,22,1000,0.3595,-2023.19
16,21,23,1000,0.3246,-3769.24
16,21,24,1000,0.3039,-4803.99
16,22,0,1000,0.2444,-7779.14
16,22,1,1000,0.2995,-5024.85
16,22,2,1000,0.3424,-2879.03
16,22,3,1000,0.3428,-2859.79
16,22,4,1000,0.3516,-2419.06
16,22,5,1000,0.4173,864.82
16,22,6,1000,0.4728,3640.13
16,22,7,1000,0.4754,3768.33
16,22,8,1000,0.4914,4569.82
16,22,9,1000,0.5662,8309.13
16,22,10,1000,0.6373,11863.84
16,22,11,1000,0.6943,14714.56
16,22,12,1000,0.6808,14038.2
16,22,13,1000,0.6578,12891.88
16,22,14,1000,0.6817,14087.09
16,22,15,1000,0.6637,13182.71
16,22,16,1000,0.5783,8916.13
16,22,17,1000,0.5444,7221.4
16,22,18,1000,0.5406,7031.41
16,22,19,1000,0.4745,3725.31
16,22,20,1000,0.4141,702.95
16,22,21,1000,0.3911,-443.34
16,22,22,1000,0.357,-2152.33
16,22,23,1000,0.3112,-4439.79
16,22,24,1000,0.2729,-6354.4
16,23,0,1000,0.2356,-8221.56
16,23,1,1000,0.2749,-6255.91
16,23,2,1000,0.31,-4498.32
16,23,3,1000,0.3155,-4224.07
16,23,4,1000,0.3142,-4290.43
16,23,5,1000,0.3308,-3458.23
16,23,6,1000,0.3642,-1791.32
16,23,7,1000,0.3854,-728.33
16,23,8,1000,0.43,1502.34
16,23,9,1000,0.494,4700.1
16,23,10,1000,0.5397,6985.56
16,23,11,1000,0.5801,9005.7
16,23,12,1000,0.5904,9518.62
16,23,13,1000,0.5882,9408.0
16,23,14,1000,0.5711,8555.0
16,23,15,1000,0.5073,5363.83
16,23,16,1000,0.4431,2153.93
16,23,17,1000,0.4577,2883.47
16,23,18,1000,0.5005,5025.73
16,23,19,1000,0.4542,2711.23
16,23,20,1000,0.4066,331.7
16,23,21,1000,0.3887,-565.22
16,23,22,1000,0.3573,-2133.38
16,23,23,1000,0.3101,-4493.95
16,23,24,1000,0.2594,-7031.54
16,24,0,1000,0.2075,-9626.85
16,24,1,1000,0.2227,-8866.35
16,24,2,1000,0.2572,-7139.86
16,24,3,1000,0.2775,-6126.89
16,24,4,1000,0.2732,-6338.25
16,24,5,1000,0.2744,-6278.09
16,24,6,1000,0.3226,-3867.85
16,24,7,1000,0.3808,-961.38
16,24,8,1000,0.435,1750.53
16,24,9,1000,0.4534,2669.43
16,24,10,1000,0.4603,3015.5
16,24,11,1000,0.4504,2519.04
16,24,12,1000,0.4745,3726.82
16,24,13,1000,0.5098,5488.83
16,24,14,1000,0.4977,4887.2
16,24,15,1000,0.4287,1436.81
16,24,16,1000,0.3908,-460.11
16,24,17,1000,0.3997,-15.59
16,24,18,1000,0.4177,882.64
16,24,19,1000,0.3851,-743.53
16,24,20,1000,0.3523,-2383.15
16,24,21,1000,0.3359,-3205.56
16,24,22,1000,0.3105,-4474.86
16,24,23,1000,0.2809,-5954.09
16,24,24,1000,0.2438,-7811.55
17,0,0,1000,0.1951,-10244.94
17,0,1,1000,0.2081,-9593.64
17,0,2,1000,0.2053,-9736.12
17,0,3,1000,0.2187,-9064.04
17,0,4,1000,0.2449,-7755.18
17,0,5,1000,0.2817,-5917.22
17,0,6,1000,0.3319,-3406.29
17,0,7,1000,0.3784,-1079.19
17,0,8,1000,0.3842,-788.2
17,0,9,1000,0.3488,-2559.66
17,0,10,1000,0.3301,-3497.31
17,0,11,1000,0.3139,-4307.13
17,0,12,1000,0.3461,-2697.37
17,0,13,1000,0.3804,-981.88
17,0,14,1000,0.4082,410.18
17,0,15,1000,0.3956,-217.74
17,0,16,1000,0.3716,-1418.17
17,0,17,1000,0.3411,-2943.64
17,0,18,1000,0.3186,-4069.73
17,0,19,1000,0.3028,-4859.19
17,0,20,1000,0.2665,-6675.84
17,0,21,1000,0.234,-8298.38
17,0,22,1000,0.2293,-8532.52
17,0,23,1000,0.2087,-9563.26
17,0,24,1000,0.1727,-11366.32
17,1,0,1000,0.2025,-9873.95
17,1,1,1000,0.2156,-9219.86
17,1,2,1000,0.215,-9249.42
17,1,3,1000,0.2292,-8537.6
17,1,4,1000,0.2569,-7155.16
17,1,5,1000,0.3019,-4905.41
17,1,6,1000,0.3554,-2227.74
17,1,7,1000,0.4001,2.98
17,1,8,1000,0.4106,531.01
17,1,9,1000,0.383,-849.78
17,1,10,1000,0.3697,-1513.98
17,1,11,1000,0.3811,-946.46
17,1,12,1000,0.4343,1714.74
17,1,13,1000,0.4657,3282.68
17,1,14,1000,0.4868,4341.44
17,1,15,1000,0.4676,3381.74
17,1,16,1000,0.4367,1834.19
17,1,17,1000,0.3916,-419.76
17,1,18,1000,0.359,-2047.87
17,1,19,1000,0.3427,-2866.88
17,1,20,1000,0.3016,-4921.62
17,1,21,1000,0.2616,-6921.79
17,1,22,1000,0.2551,-7245.21
17,1,23,1000,0.2329,-8353.74
17,1,24,1000,0.1893,-10532.71
17,2,0,1000,0.2061,-9693.8
17,2,1,1000,0.222,-8901.06
17,2,2,1000,0.2474,-7630.98
17,2,3,1000,0.272,-6399.77
17,2,4,1000,0.2947,-5266.47
17,2,5,1000,0.3312,-3441.98
17,2,6,1000,0.3624,-1882.02
17,2,7,1000,0.3864,-680.32
17,2,8,1000,0.4319,1593.78
17,2,9,1000,0.4616,3082.17
17,2,10,1000,0.4662,3307.79
17,2,11,1000,0.4918,4591.75
17,2,12,1000,0.5241,6206.48
17,2,13,1000,0.5274,6371.9
17,2,14,1000,0.5415,7077.14
17,2,15,1000,0.5345,6725.34
17,2,16,1000,0.4952,4759.92
17,2,17,1000,0.4208,1040.89
17,2,18,1000,0.374,-1299.78
17,2,19,1000,0.3669,-1656.26
17,2,20,1000,0.3441,-2797.26
17,2,21,1000,0.3202,-3988.17
17,2,22,1000,0.315,-4250.67
17,2,23,1000,0.2967,-5166.03
17,2,24,1000,0.245,-7748.36
17,3,0,1000,0.2061,-9697.0
17,3,1,1000,0.225,-8749.16
17,3,2,1000,0.2713,-6433.71
17,3,3,1000,0.3061,-4694.88
17,3,4,1000,0.3309,-3453.35
17,3,5,1000,0.3798,-1011.8
17,3,6,1000,0.4111,553.98
17,3,7,1000,0.4253,1264.25
17,3,8,1000,0.483,4151.2
17,3,9,1000,0.54,6997.58
17,3,10,1000,0.5538,7688.29
17,3,11,1000,0.571,8551.73
17,3,12,1000,0.5754,8768.34
17,3,13,1000,0.562,8099.97
17,3,14,1000,0.5899,9494.9
17,3,15,1000,0.6077,10382.56
17,3,16,1000,0.5619,8095.73
17,3,17,1000,0.4683,3412.88
17,3,18,1000,0.4142,712.35
17,3,19,1000,0.4113,564.5
17,3,20,1000,0.3925,-374.52
17,3,21,1000,0.3698,-1510.39
17,3,22,1000,0.3628,-1860.01
17,3,23,1000,0.3446,-2769.57
17,3,24,1000,0.2847,-5767.32
17,4,0,1000,0.2086,-9571.62
17,4,1,1000,0.2264,-8677.64
17,4,2,1000,0.2719,-6406.76
17,4,3,1000,0.3091,-4545.96
17,4,4,1000,0.3441,-2795.2
17,4,5,1000,0.4296,1481.54
17,4,6,1000,0.4929,4646.56
17,4,7,1000,0.5171,5855.1
17,4,8,1000,0.559,7951.28
17,4,9,1000,0.6047,10233.11
17,4,10,1000,0.6249,11244.16
17,4,11,1000,0.6299,11494.85
17,4,12,1000,0.6265,11324.37
17,4,13,1000,0.6231,11156.46
17,4,14,1000,0.6684,13421.61
17,4,15,1000,0.6908,14541.92
17,4,16,1000,0.6378,11889.96
17,4,17,1000,0.5406,7027.95
17,4,18,1000,0.4854,4268.43
17,4,19,1000,0.4751,3754.95
17,4,20,1000,0.4421,2102.88
17,4,21,1000,0.4048,238.82
17,4,22,1000,0.3918,-410.25
17,4,23,1000,0.3695,-1526.9
17,4,24,1000,0.3055,-4727.46
17,5,0,1000,0.2422,-7889.54
17,5,1,1000,0.2562,-7189.97
17,5,2,1000,0.2858,-5708.17
17,5,3,1000,0.3269,-3655.0
17,5,4,1000,0.375,-1250.05
17,5,5,1000,0.4754,3770.56
17,5,6,1000,0.5754,8767.74
17,5,7,1000,0.6388,11938.28
17,5,8,1000,0.6762,13811.75
17,5,9,1000,0.7189,15947.42
17,5,10,1000,0.7663,18312.68
17,5,11,1000,0.7371,16853.48
17,5,12,1000,0.7262,16309.35
17,5,13,1000,0.775,18748.51
17,5,14,1000,0.823,21147.92
17,5,15,1000,0.7912,19561.98
17,5,16,1000,0.7254,16271.47
17,5,17,1000,0.6361,11807.23
17,5,18,1000,0.572,8598.94
17,5,19,1000,0.5355,6772.59
17,5,20,1000,0.4944,4722.23
17,5,21,1000,0.466,3299.15
17,5,22,1000,0.4434,2168.22
17,5,23,1000,0.4115,573.12
17,5,24,1000,0.3538,-2308.28
17,6,0,1000,0.2851,-5743.39
17,6,1,1000,0.3054,-4727.67
17,6,2,1000,0.3488,-2559.71
17,6,3,1000,0.4106,528.19
17,6,4,1000,0.4641,3205.13
17,6,5,1000,0.5246,6230.01
17,6,6,1000,0.6166,10827.6
17,6,7,1000,0.7141,15703.36
17,6,8,1000,0.7841,19202.82
17,6,9,1000,0.8556,22782.45
17,6,10,1000,0.9307,26534.13
17,6,11,1000,0.8851,24257.11
17,6,12,1000,0.8769,23844.01
17,6,13,1000,0.9683,28415.78
17,6,14,1000,1.0257,31287.04
17,6,15,1000,0.956,27799.07
17,6,16,1000,0.8728,23641.87
17,6,17,1000,0.7606,18029.81
17,6,18,1000,0.6583,12913.87
17,6,19,1000,0.5956,9777.52
17,6,20,1000,0.5542,7712.2
17,6,21,1000,0.5416,7081.45
17,6,22,1000,0.5111,5554.72
17,6,23,1000,0.4645,3224.54
17,6,24,1000,0.3996,-21.41
17,7,0,1000,0.3105,-4473.01
17,7,1,1000,0.3441,-2795.12
17,7,2,1000,0.4228,1141.49
17,7,3,1000,0.5118,5592.16
17,7,4,1000,0.5716,8577.92
17,7,5,1000,0.5991,9956.21
17,7,6,1000,0.6667,13332.94
17,7,7,1000,0.7686,18430.68
17,7,8,1000,0.8545,22726.83
17,7,9,1000,0.9532,27662.21
17,7,10,1000,1.049,32450.5
17,7,11,1000,1.0184,30919.71
17,7,12,1000,1.0222,31110.25
17,7,13,1000,1.126,36300.83
17,7,14,1000,1.2018,40090.85
17,7,15,1000,1.1393,36963.77
17,7,16,1000,1.0445,32223.48
17,7,17,1000,0.8899,24497.31
17,7,18,1000,0.7395,16973.63
17,7,19,1000,0.6621,13103.79
17,7,20,1000,0.6193,10962.68
17,7,21,1000,0.6019,10097.34
17,7,22,1000,0.5581,7905.65
17,7,23,1000,0.4958,4792.12
17,7,24,1000,0.4165,823.38
17,8,0,1000,0.3451,-2746.34
17,8,1,1000,0.3964,-178.49
17,8,2,1000,0.5018,5091.53
17,8,3,1000,0.61,10501.51
17,8,4,1000,0.694,14698.56
17,8,5,1000,0.7442,17208.0
17,8,6,1000,0.7872,19357.88
17,8,7,1000,0.8389,21947.18
17,8,8,1000,0.8661,23304.05
17,8,9,1000,0.9841,29204.44
17,8,10,1000,1.1195,35974.08
17,8,11,1000,1.133,36648.6
17,8,12,1000,1.1497,37484.85
17,8,13,1000,1.2487,42433.01
17,8,14,1000,1.2884,44421.11
17,8,15,1000,1.2231,41154.11
17,8,16,1000,1.153,37648.77
17,8,17,1000,0.9861,29306.76
17,8,18,1000,0.8006,20030.63
17,8,19,1000,0.7222,16110.41
17,8,20,1000,0.6923,14616.56
17,8,21,1000,0.6411,12053.3
17,8,22,1000,0.548,7398.84
17,8,23,1000,0.4677,3386.57
17,8,24,1000,0.4072,360.94
17,9,0,1000,0.3659,-1706.21
17,9,1,1000,0.4229,1145.01
17,9,2,1000,0.5215,6076.92
17,9,3,1000,0.626,11299.14
17,9,4,1000,0.7296,16480.29
17,9,5,1000,0.8269,21342.74
17,9,6,1000,0.8691,23453.56
17,9,7,1000,0.8845,24227.07
17,9,8,1000,0.9038,25191.32
17,9,9,1000,1.0774,33869.3
17,9,10,1000,1.2485,42423.57
17,9,11,1000,1.2358,41790.71
17,9,12,1000,1.2,40002.47
17,9,13,1000,1.2901,44507.25
17,9,14,1000,1.2893,44465.49
17,9,15,1000,1.2135,40674.42
17,9,16,1000,1.1694,38468.02
17,9,17,1000,1.0266,31328.56
17,9,18,1000,0.851,22551.43
17,9,19,1000,0.7769,18845.64
17,9,20,1000,0.7529,17642.77
17,9,21,1000,0.6669,13345.15
17,9,22,1000,0.5325,6622.91
17,9,23,1000,0.4486,2428.85
17,9,24,1000,0.4225,1123.55
17,10,0,1000,0.3684,-1579.7
17,10,1,1000,0.426,1301.42
17,10,2,1000,0.5162,5809.65
17,10,3,1000,0.6164,10818.45
17,10,4,1000,0.7224,16117.75
17,10,5,1000,0.8213,21065.65
17,10,6,1000,0.8655,23275.21
17,10,7,1000,0.8971,24856.95
17,10,8,1000,0.9982,29910.97
17,10,9,1000,1.249,42448.11
17,10,10,1000,1.4369,51844.04
17,10,11,1000,1.3607,48033.47
17,10,12,1000,1.2493,42466.57
17,10,13,1000,1.3284,46422.11
17,10,14,1000,1.3284,46420.93
17,10,15,1000,1.2551,42756.3
17,10,16,1000,1.2025,40125.5
17,10,17,1000,1.0752,33761.64
17,10,18,1000,0.921,26050.99
17,10,19,1000,0.8383,21914.36
17,10,20,1000,0.7964,19817.54
17,10,21,1000,0.6947,14734.38
17,10,22,1000,0.5544,7719.64
17,10,23,1000,0.4749,3744.57
17,10,24,1000,0.4606,3032.09
17,11,0,1000,0.3482,-2587.8
17,11,1,1000,0.4157,783.23
17,11,2,1000,0.4792,3958.28
17,11,3,1000,0.5585,7923.71
17,11,4,1000,0.6612,13058.49
17,11,5,1000,0.7518,17588.87
17,11,6,1000,0.8206,21029.1
17,11,7,1000,0.9187,25937.06
17,11,8,1000,1.1427,37135.58
17,11,9,1000,1.4165,50823.52
17,11,10,1000,1.5793,58963.6
17,11,11,1000,1.5508,57538.88
17,11,12,1000,1.4179,50896.19
17,11,13,1000,1.3803,49016.23
17,11,14,1000,1.3402,47008.11
17,11,15,1000,1.2845,44225.08
17,11,16,1000,1.1827,39133.44
17,11,17,1000,1.1031,35153.99
17,11,18,1000,1.0268,31339.68
17,11,19,1000,0.9104,25520.91
17,11,20,1000,0.792,19601.04
17,11,21,1000,0.6755,13776.01
17,11,22,1000,0.5744,8719.46
17,11,23,1000,0.5095,5474.96
17,11,24,1000,0.4886,4430.93
17,12,0,1000,0.3411,-2945.82
17,12,1,1000,0.4211,1052.89
17,12,2,1000,0.4684,3419.4
17,12,3,1000,0.5346,6732.31
17,12,4,1000,0.6327,11633.87
17,12,5,1000,0.6954,14772.23
17,12,6,1000,0.7729,18643.18
17,12,7,1000,0.9204,26022.08
17,12,8,1000,1.1827,39136.06
17,12,9,1000,1.4036,50179.74
17,12,10,1000,1.5346,56731.56
17,12,11,1000,1.6683,63416.03
17,12,12,1000,1.6328,61641.05
17,12,13,1000,1.4893,54464.63
17,12,14,1000,1.4105,50526.67
17,12,15,1000,1.372,48601.04
17,12,16,1000,1.2164,40820.65
17,12,17,1000,1.1041,35205.19
17,12,18,1000,1.014,30700.91
17,12,19,1000,0.866,23299.7
17,12,20,1000,0.722,16098.23
17,12,21,1000,0.6492,12461.19
17,12,22,1000,0.5973,9867.09
17,12,23,1000,0.5278,6389.82
17,12,24,1000,0.4677,3384.38
17,13,0,1000,0.3515,-2426.86
17,13,1,1000,0.4333,1663.94
17,13,2,1000,0.4811,4053.87
17,13,3,1000,0.5497,7483.09
17,13,4,1000,0.6445,12225.75
17,13,5,1000,0.6783,13916.2
17,13,6,1000,0.7359,16794.15
17,13,7,1000,0.8799,23996.97
17,13,8,1000,1.1189,35946.9
17,13,9,1000,1.3134,45669.37
17,13,10,1000,1.443,52151.08
17,13,11,1000,1.643,62148.15
17,13,12,1000,1.6693,63462.85
17,13,13,1000,1.5264,56320.8
17,13,14,1000,1.4615,53072.64
17,13,15,1000,1.4362,51810.06
17,13,16,1000,1.2702,43510.44
17,13,17,1000,1.0861,34305.14
17,13,18,1000,0.9213,26066.34
17,13,19,1000,0.7733,18665.86
17,13,20,1000,0.6702,13509.79
17,13,21,1000,0.6498,12489.48
17,13,22,1000,0.6092,10460.75
17,13,23,1000,0.5248,6242.06
17,13,24,1000,0.4385,1925.19
17,14,0,1000,0.378,-1098.9
17,14,1,1000,0.4507,2535.16
17,14,2,1000,0.492,4602.09
17,14,3,1000,0.5748,8741.24
17,14,4,1000,0.6838,14188.08
17,14,5,1000,0.7123,15613.23
17,14,6,1000,0.7723,18613.58
17,14,7,1000,0.9188,25939.86
17,14,8,1000,1.067,33347.88
17,14,9,1000,1.2051,40253.93
17,14,10,1000,1.3641,48203.59
17,14,11,1000,1.5604,58022.1
17,14,12,1000,1.585,59249.93
17,14,13,1000,1.4909,54547.32
17,14,14,1000,1.4929,54645.34
17,14,15,1000,1.4862,54308.91
17,14,16,1000,1.3126,45632.09
17,14,17,1000,1.0911,34557.34
17,14,18,1000,0.9275,26377.34
17,14,19,1000,0.8172,20859.61
17,14,20,1000,0.7213,16063.0
17,14,21,1000,0.6486,12430.01
17,14,22,1000,0.5791,8956.55
17,14,23,1000,0.4905,4523.1
17,14,24,1000,0.4104,522.2
17,15,0,1000,0.4,0.65
17,15,1,1000,0.4585,2924.68
17,15,2,1000,0.4815,4075.64
17,15,3,1000,0.5704,8517.83
17,15,4,1000,0.6973,14863.35
17,15,5,1000,0.7564,17818.64
17,15,6,1000,0.8457,22284.91
17,15,7,1000,1.0023,30115.24
17,15,8,1000,1.0904,34518.56
17,15,9,1000,1.2015,40072.69
17,15,10,1000,1.3847,49234.5
17,15,11,1000,1.4676,53378.83
17,15,12,1000,1.3867,49335.89
17,15,13,1000,1.3333,46662.53
17,15,14,1000,1.3593,47967.33
17,15,15,1000,1.3317,46584.61
17,15,16,1000,1.1687,38435.19
17,15,17,1000,1.0162,30811.24
17,15,18,1000,0.9709,28547.43
17,15,19,1000,0.9138,25690.54
17,15,20,1000,0.7925,19623.43
17,15,21,1000,0.6202,11009.33
17,15,22,1000,0.5145,5727.47
17,15,23,1000,0.4401,2004.6
17,15,24,1000,0.396,-198.69
17,16,0,1000,0.3964,-180.27
17,16,1,1000,0.4482,2407.88
17,16,2,1000,0.4585,2923.7
17,16,3,1000,0.5373,6864.23
17,16,4,1000,0.6593,12963.15
17,16,5,1000,0.7273,16365.06
17,16,6,1000,0.8211,21052.93
17,16,7,1000,0.9717,28583.06
17,16,8,1000,1.0678,33390.18
17,16,9,1000,1.1834,39170.08
17,16,10,1000,1.3474,47368.84
17,16,11,1000,1.3536,47680.38
17,16,12,1000,1.2141,40705.69
17,16,13,1000,1.1619,38095.57
17,16,14,1000,1.1573,37864.65
17,16,15,1000,1.1037,35186.02
17,16,16,1000,0.9662,28309.1
17,16,17,1000,0.8733,23664.26
17,16,18,1000,0.887,24351.24
17,16,19,1000,0.8509,22544.5
17,16,20,1000,0.7411,17055.1
17,16,21,1000,0.5754,8769.14
17,16,22,1000,0.4755,3777.35
17,16,23,1000,0.4104,519.0
17,16,24,1000,0.3768,-1160.35
17,17,0,1000,0.3843,-784.44
17,17,1,1000,0.4239,1197.21
17,17,2,1000,0.441,2049.21
17,17,3,1000,0.5092,5461.04
17,17,4,1000,0.5991,9956.55
17,17,5,1000,0.6533,12663.02
17,17,6,1000,0.7515,17574.56
17,17,7,1000,0.9027,25132.99
17,17,8,1000,1.027,31348.1
17,17,9,1000,1.118,35900.25
17,17,10,1000,1.222,41098.82
17,17,11,1000,1.2259,41293.0
17,17,12,1000,1.1254,36269.26
17,17,13,1000,1.0622,33110.47
17,17,14,1000,1.0168,30839.75
17,17,15,1000,0.979,28948.24
17,17,16,1000,0.8976,24877.6
17,17,17,1000,0.8452,22259.63
17,17,18,1000,0.8289,21446.38
17,17,19,1000,0.7657,18283.38
17,17,20,1000,0.657,12850.92
17,17,21,1000,0.5397,6985.72
17,17,22,1000,0.4735,3676.31
17,17,23,1000,0.4181,904.33
17,17,24,1000,0.3693,-1535.25
17,18,0,1000,0.3564,-2181.55
17,18,1,1000,0.3851,-742.78
17,18,2,1000,0.4293,1467.22
17,18,3,1000,0.4966,4831.69
17,18,4,1000,0.5501,7503.85
17,18,5,1000,0.5858,9289.45
17,18,6,1000,0.6897,14486.92
17,18,7,1000,0.8361,21807.15
17,18,8,1000,0.937,26850.54
17,18,9,1000,0.952,27599.12
17,18,10,1000,0.9917,29585.6
17,18,11,1000,1.0639,33196.95
17,18,12,1000,1.0732,33657.56
17,18,13,1000,1.0051,30254.25
17,18,14,1000,0.9522,27608.61
17,18,15,1000,0.9689,28446.45
17,18,16,1000,0.9447,27236.84
17,18,17,1000,0.9095,25475.67
17,18,18,1000,0.8258,21291.05
17,18,19,1000,0.7188,15941.65
17,18,20,1000,0.5898,9489.12
17,18,21,1000,0.5036,5181.48
17,18,22,1000,0.4722,3608.41
17,18,23,1000,0.4296,1478.11
17,18,24,1000,0.3639,-1807.16
17,19,0,1000,0.3257,-3714.4
17,19,1,1000,0.3519,-2405.82
17,19,2,1000,0.4045,227.07
17,19,3,1000,0.4704,3521.65
17,19,4,1000,0.515,5749.59
17,19,5,1000,0.5508,7538.66
17,19,6,1000,0.6507,12533.47
17,19,7,1000,0.7769,18844.33
17,19,8,1000,0.827,21348.45
17,19,9,1000,0.7967,19834.65
17,19,10,1000,0.8184,20920.38
17,19,11,1000,0.9064,25318.99
17,19,12,1000,0.9443,27213.34
17,19,13,1000,0.8844,24219.38
17,19,14,1000,0.8446,22231.78
17,19,15,1000,0.8775,23875.32
17,19,16,1000,0.8681,23405.05
17,19,17,1000,0.8467,22333.87
17,19,18,1000,0.7695,18475.98
17,19,19,1000,0.6681,13406.97
17,19,20,1000,0.5384,6919.78
17,19,21,1000,0.4508,2538.48
17,19,22,1000,0.4268,1341.5
17,19,23,1000,0.3945,-272.85
17,19,24,1000,0.3372,-3137.75
17,20,0,1000,0.2808,-5958.3
17,20,1,1000,0.3136,-4318.95
17,20,2,1000,0.3594,-2028.25
17,20,3,1000,0.4047,237.17
17,20,4,1000,0.4483,2413.34
17,20,5,1000,0.5251,6253.91
17,20,6,1000,0.6247,11236.93
17,20,7,1000,0.7023,15117.35
17,20,8,1000,0.7049,15244.37
17,20,9,1000,0.6732,13661.36
17,20,10,1000,0.6968,14842.03
17,20,11,1000,0.7797,18985.74
17,20,12,1000,0.822,21098.09
17,20,13,1000,0.7847,19235.01
17,20,14,1000,0.7937,19683.9
17,20,15,1000,0.8353,21764.37
17,20,16,1000,0.8044,20218.65
17,20,17,1000,0.7417,17084.28
17,20,18,1000,0.6502,12511.41
17,20,19,1000,0.5684,8420.01
17,20,20,1000,0.4696,3479.12
17,20,21,1000,0.3987,-63.15
17,20,22,1000,0.3726,-1368.25
17,20,23,1000,0.3456,-2719.04
17,20,24,1000,0.3072,-4639.07
17,21,0,1000,0.2397,-8015.3
17,21,1,1000,0.2833,-5833.58
17,21,2,1000,0.313,-4349.15
17,21,3,1000,0.327,-3649.6
17,21,4,1000,0.3658,-1710.32
17,21,5,1000,0.4744,3719.13
17,21,6,1000,0.5568,7838.61
17,21,7,1000,0.5782,8909.01
17,21,8,1000,0.5788,8940.72
17,21,9,1000,0.5965,9823.89
17,21,10,1000,0.6303,11513.35
17,21,11,1000,0.7057,15282.66
17,21,12,1000,0.7495,17473.32
17,21,13,1000,0.7365,16826.71
17,21,14,1000,0.7727,18632.92
17,21,15,1000,0.7875,19372.83
17,21,16,1000,0.7219,16097.33
17,21,17,1000,0.6251,11254.87
17,21,18,1000,0.5399,6993.96
17,21,19,1000,0.4816,4081.59
17,21,20,1000,0.4217,1084.59
17,21,21,1000,0.3747,-1264.64
17,21,22,1000,0.341,-2947.55
17,21,23,1000,0.3079,-4606.81
17,21,24,1000,0.2768,-6160.17
17,22,0,1000,0.2225,-8872.65
17,22,1,1000,0.2655,-6723.92
17,22,2,1000,0.2893,-5533.44
17,22,3,1000,0.2956,-5220.15
17,22,4,1000,0.3253,-3734.9
17,22,5,1000,0.4086,430.69
17,22,6,1000,0.4634,3171.24
17,22,7,1000,0.4708,3541.06
17,22,8,1000,0.4891,4453.33
17,22,9,1000,0.5291,6456.44
17,22,10,1000,0.5617,8084.17
17,22,11,1000,0.6327,11635.86
17,22,12,1000,0.6771,13853.69
17,22,13,1000,0.6683,13413.85
17,22,14,1000,0.6759,13794.08
17,22,15,1000,0.6529,12647.09
17,22,16,1000,0.5886,9431.45
17,22,17,1000,0.5316,6579.35
17,22,18,1000,0.5002,5011.09
17,22,19,1000,0.4581,2903.94
17,22,20,1000,0.4034,170.36
17,22,21,1000,0.3543,-2287.32
17,22,22,1000,0.3193,-4036.82
17,22,23,1000,0.2825,-5875.37
17,22,24,1000,0.2461,-7693.71
17,23,0,1000,0.2082,-9589.38
17,23,1,1000,0.2416,-7917.96
17,23,2,1000,0.2639,-6802.58
17,23,3,1000,0.2753,-6235.88
17,23,4,1000,0.2971,-5147.33
17,23,5,1000,0.3431,-2846.78
17,23,6,1000,0.38,-1000.48
17,23,7,1000,0.3974,-131.53
17,23,8,1000,0.43,1500.07
17,23,9,1000,0.4706,3529.28
17,23,10,1000,0.4968,4840.07
17,23,11,1000,0.5392,6962.23
17,23,12,1000,0.5702,8508.68
17,23,13,1000,0.5718,8589.82
17,23,14,1000,0.5552,7760.08
17,23,15,1000,0.5034,5169.99
17,23,16,1000,0.453,2650.71
17,23,17,1000,0.4501,2506.96
17,23,18,1000,0.4747,3735.19
17,23,19,1000,0.4447,2237.03
17,23,20,1000,0.3873,-633.74
17,23,21,1000,0.332,-3398.11
17,23,22,1000,0.2998,-5011.1
17,23,23,1000,0.2642,-6788.78
17,23,24,1000,0.2231,-8842.54
17,24,0,1000,0.195,-10249.91
17,24,1,1000,0.2125,-9374.5
17,24,2,1000,0.2282,-8590.07
17,24,3,1000,0.2463,-7685.66
17,24,4,1000,0.2671,-6643.84
17,24,5,1000,0.3029,-4853.57
17,24,6,1000,0.3492,-2542.33
17,24,7,1000,0.3861,-697.44
17,24,8,1000,0.407,352.24
17,24,9,1000,0.4214,1069.38
17,24,10,1000,0.4389,1943.59
17,24,11,1000,0.4287,1436.82
17,24,12,1000,0.4315,1577.04
17,24,13,1000,0.4542,2711.7
17,24,14,1000,0.4521,2604.85
17,24,15,1000,0.4054,268.67
17,24,16,1000,0.371,-1450.51
17,24,17,1000,0.3865,-675.42
17,24,18,1000,0.4199,993.78
17,24,19,1000,0.3958,-210.91
17,24,20,1000,0.343,-2849.83
17,24,21,1000,0.293,-5351.42
17,24,22,1000,0.2681,-6592.81
17,24,23,1000,0.2419,-7903.42
17,24,24,1000,0.2077,-9616.52
18,0,0,1000,0.1797,-11015.13
18,0,1,1000,0.1865,-10673.51
18,0,2,1000,0.1993,-10037.34
18,0,3,1000,0.222,-8901.83
18,0,4,1000,0.2377,-8113.69
18,0,5,1000,0.2511,-7446.21
18,0,6,1000,0.2928,-5361.44
18,0,7,1000,0.3459,-2703.18
18,0,8,1000,0.367,-1647.83
18,0,9,1000,0.33,-3498.9
18,0,10,1000,0.3014,-4929.99
18,0,11,1000,0.294,-5299.21
18,0,12,1000,0.3478,-2608.82
18,0,13,1000,0.3886,-569.12
18,0,14,1000,0.4142,711.86
18,0,15,1000,0.387,-651.25
18,0,16,1000,0.3551,-2245.63
18,0,17,1000,0.3407,-2963.73
18,0,18,1000,0.3232,-3840.44
18,0,19,1000,0.2849,-5754.27
18,0,20,1000,0.235,-8251.81
18,0,21,1000,0.222,-8901.02
18,0,22,1000,0.2317,-8414.62
18,0,23,1000,0.2126,-9367.59
18,0,24,1000,0.169,-11548.14
18,1,0,1000,0.2002,-9988.67
18,1,1,1000,0.2064,-9680.07
18,1,2,1000,0.2093,-9533.23
18,1,3,1000,0.2247,-8766.83
18,1,4,1000,0.2427,-7867.07
18,1,5,1000,0.2769,-6156.75
18,1,6,1000,0.3351,-3243.77
18,1,7,1000,0.3901,-493.78
18,1,8,1000,0.4078,391.62
18,1,9,1000,0.3731,-1343.0
18,1,10,1000,0.3548,-2258.05
18,1,11,1000,0.3779,-1106.0
18,1,12,1000,0.4514,2570.94
18,1,13,1000,0.4887,4436.32
18,1,14,1000,0.4969,4845.28
18,1,15,1000,0.4488,2439.47
18,1,16,1000,0.407,351.85
18,1,17,1000,0.388,-598.75
18,1,18,1000,0.3762,-1189.09
18,1,19,1000,0.3404,-2978.03
18,1,20,1000,0.2766,-6167.61
18,1,21,1000,0.2406,-7972.05
18,1,22,1000,0.2453,-7734.61
18,1,23,1000,0.2286,-8567.56
18,1,24,1000,0.1828,-10857.87
18,2,0,1000,0.2153,-9237.32
18,2,1,1000,0.2292,-8540.68
18,2,2,1000,0.2415,-7925.0
18,2,3,1000,0.2521,-7394.02
18,2,4,1000,0.2644,-6777.55
18,2,5,1000,0.3088,-4559.14
18,2,6,1000,0.3716,-1420.73
18,2,7,1000,0.4169,846.1
18,2,8,1000,0.4492,2457.54
18,2,9,1000,0.463,3151.09
18,2,10,1000,0.481,4051.95
18,2,11,1000,0.5118,5592.01
18,2,12,1000,0.5404,7017.67
18,2,13,1000,0.5478,7390.63
18,2,14,1000,0.5501,7505.27
18,2,15,1000,0.5101,5506.01
18,2,16,1000,0.4544,2718.1
18,2,17,1000,0.3921,-393.34
18,2,18,1000,0.3662,-1689.61
18,2,19,1000,0.3535,-2326.75
18,2,20,1000,0.3131,-4344.59
18,2,21,1000,0.2803,-5983.43
18,2,22,1000,0.2806,-5971.53
18,2,23,1000,0.278,-6102.36
18,2,24,1000,0.2401,-7994.17
18,3,0,1000,0.2135,-9324.66
18,3,1,1000,0.2373,-8134.64
18,3,2,1000,0.2769,-6157.12
18,3,3,1000,0.298,-5098.14
18,3,4,1000,0.3064,-4678.61
18,3,5,1000,0.3439,-2806.73
18,3,6,1000,0.4029,144.59
18,3,7,1000,0.4451,2254.58
18,3,8,1000,0.4861,4303.5
18,3,9,1000,0.528,6402.38
18,3,10,1000,0.5667,8336.92
18,3,11,1000,0.5859,9293.4
18,3,12,1000,0.5725,8625.14
18,3,13,1000,0.5638,8190.98
18,3,14,1000,0.5944,9717.97
18,3,15,1000,0.5901,9504.09
18,3,16,1000,0.5248,6242.15
18,3,17,1000,0.4312,1559.69
18,3,18,1000,0.3934,-331.75
18,3,19,1000,0.3915,-424.12
18,3,20,1000,0.3643,-1786.1
18,3,21,1000,0.3355,-3223.17
18,3,22,1000,0.3321,-3393.96
18,3,23,1000,0.3331,-3344.89
18,3,24,1000,0.2925,-5376.13
18,4,0,1000,0.2095,-9526.93
18,4,1,1000,0.2376,-8118.56
18,4,2,1000,0.2945,-5273.09
18,4,3,1000,0.3251,-3742.63
18,4,4,1000,0.3365,-3176.19
18,4,5,1000,0.3875,-623.68
18,4,6,1000,0.4616,3081.2
18,4,7,1000,0.508,5401.53
18,4,8,1000,0.5318,6589.15
18,4,9,1000,0.5611,8055.35
18,4,10,1000,0.6037,10182.98
18,4,11,1000,0.6246,11229.47
18,4,12,1000,0.6197,10984.35
18,4,13,1000,0.6235,11174.2
18,4,14,1000,0.6797,13987.4
18,4,15,1000,0.684,14202.01
18,4,16,1000,0.6072,10358.42
18,4,17,1000,0.5053,5266.52
18,4,18,1000,0.472,3600.99
18,4,19,1000,0.4702,3507.79
18,4,20,1000,0.4362,1807.99
18,4,21,1000,0.3974,-127.72
18,4,22,1000,0.388,-600.13
18,4,23,1000,0.3789,-1056.91
18,4,24,1000,0.32,-3999.01
18,5,0,1000,0.2285,-8572.68
18,5,1,1000,0.2568,-7161.62
18,5,2,1000,0.3137,-4316.9
18,5,3,1000,0.3423,-2883.23
18,5,4,1000,0.3601,-1994.73
18,5,5,1000,0.458,2897.53
18,5,6,1000,0.5739,8694.36
18,5,7,1000,0.6282,11409.95
18,5,8,1000,0.625,11250.17
18,5,9,1000,0.6333,11664.29
18,5,10,1000,0.6772,13860.21
18,5,11,1000,0.6896,14481.11
18,5,12,1000,0.7244,16219.89
18,5,13,1000,0.7825,19127.36
18,5,14,1000,0.8364,21818.87
18,5,15,1000,0.7711,18556.91
18,5,16,1000,0.6673,13367.31
18,5,17,1000,0.5513,7564.15
18,5,18,1000,0.5277,6382.5
18,5,19,1000,0.5363,6812.61
18,5,20,1000,0.5103,5516.01
18,5,21,1000,0.4697,3487.13
18,5,22,1000,0.4515,2574.63
18,5,23,1000,0.4279,1396.84
18,5,24,1000,0.3485,-2574.71
18,6,0,1000,0.2652,-6738.44
18,6,1,1000,0.2992,-5039.22
18,6,2,1000,0.368,-1600.9
18,6,3,1000,0.4044,222.18
18,6,4,1000,0.4211,1052.89
18,6,5,1000,0.5071,5355.35
18,6,6,1000,0.6231,11153.27
18,6,7,1000,0.6907,14535.61
18,6,8,1000,0.721,16050.07
18,6,9,1000,0.7588,17938.82
18,6,10,1000,0.8072,20360.41
18,6,11,1000,0.7826,19128.87
18,6,12,1000,0.8179,20895.5
18,6,13,1000,0.9173,25866.15
18,6,14,1000,0.9811,29052.73
18,6,15,1000,0.8713,23565.98
18,6,16,1000,0.7427,17135.88
18,6,17,1000,0.6001,10004.73
18,6,18,1000,0.5688,8439.55
18,6,19,1000,0.583,9148.09
18,6,20,1000,0.5538,7691.97
18,6,21,1000,0.499,4947.61
18,6,22,1000,0.4738,3690.92
18,6,23,1000,0.4555,2776.66
18,6,24,1000,0.3868,-661.25
18,7,0,1000,0.2854,-5729.52
18,7,1,1000,0.33,-3499.57
18,7,2,1000,0.4326,1630.04
18,7,3,1000,0.4932,4662.03
18,7,4,1000,0.5069,5344.72
18,7,5,1000,0.5409,7045.35
18,7,6,1000,0.6215,11076.65
18,7,7,1000,0.6963,14814.91
18,7,8,1000,0.778,18899.85
18,7,9,1000,0.8695,23473.48
18,7,10,1000,0.9328,26640.23
18,7,11,1000,0.8806,24028.8
18,7,12,1000,0.8855,24275.99
18,7,13,1000,0.9908,29538.62
18,7,14,1000,1.0869,34345.07
18,7,15,1000,0.9994,29969.13
18,7,16,1000,0.8599,22995.17
18,7,17,1000,0.6837,14185.88
18,7,18,1000,0.6192,10957.5
18,7,19,1000,0.6234,11171.29
18,7,20,1000,0.581,9048.59
18,7,21,1000,0.504,5200.81
18,7,22,1000,0.4672,3361.0
18,7,23,1000,0.4589,2944.16
18,7,24,1000,0.4179,897.09
18,8,0,1000,0.3027,-4862.6
18,8,1,1000,0.3504,-2480.8
18,8,2,1000,0.4775,3875.83
18,8,3,1000,0.5629,8143.91
18,8,4,1000,0.5916,9582.34
18,8,5,1000,0.6247,11237.15
18,8,6,1000,0.6848,14240.98
18,8,7,1000,0.7386,16928.97
18,8,8,1000,0.8106,20530.59
18,8,9,1000,0.9472,27358.45
18,8,10,1000,1.0614,33067.93
18,8,11,1000,1.054,32697.96
18,8,12,1000,1.0395,31975.06
18,8,13,1000,1.1127,35633.58
18,8,14,1000,1.1779,38896.29
18,8,15,1000,1.1075,35376.86
18,8,16,1000,0.9866,29330.39
18,8,17,1000,0.7894,19471.2
18,8,18,1000,0.6536,12680.49
18,8,19,1000,0.6208,11041.0
18,8,20,1000,0.5931,9654.21
18,8,21,1000,0.5183,5912.53
18,8,22,1000,0.436,1798.24
18,8,23,1000,0.405,251.51
18,8,24,1000,0.4017,85.67
18,9,0,1000,0.3358,-3211.88
18,9,1,1000,0.3767,-1167.44
18,9,2,1000,0.4844,4219.3
18,9,3,1000,0.5651,8253.3
18,9,4,1000,0.613,10648.5
18,9,5,1000,0.7016,15080.59
18,9,6,1000,0.7863,19315.88
18,9,7,1000,0.824,21201.7
18,9,8,1000,0.8615,23074.15
18,9,9,1000,1.0151,30753.56
18,9,10,1000,1.1716,38581.82
18,9,11,1000,1.181,39052.31
18,9,12,1000,1.1278,36391.89
18,9,13,1000,1.1702,38509.0
18,9,14,1000,1.1893,39464.23
18,9,15,1000,1.1143,35713.4
18,9,16,1000,1.0133,30664.94
18,9,17,1000,0.8635,23176.08
18,9,18,1000,0.744,17200.55
18,9,19,1000,0.6859,14296.92
18,9,20,1000,0.6685,13423.67
18,9,21,1000,0.5959,9797.41
18,9,22,1000,0.4701,3504.13
18,9,23,1000,0.3978,-109.72
18,9,24,1000,0.3898,-511.93
18,10,0,1000,0.3678,-1611.96
18,10,1,1000,0.4068,342.5
18,10,2,1000,0.4891,4454.36
18,10,3,1000,0.558,7899.28
18,10,4,1000,0.6153,10765.61
18,10,5,1000,0.7285,16425.38
18,10,6,1000,0.8299,21496.13
18,10,7,1000,0.876,23799.86
18,10,8,1000,0.9331,26656.9
18,10,9,1000,1.1096,35479.77
18,10,10,1000,1.2736,43682.31
18,10,11,1000,1.2259,41295.8
18,10,12,1000,1.1056,35282.22
18,10,13,1000,1.1364,36820.94
18,10,14,1000,1.1557,37787.09
18,10,15,1000,1.0892,34459.78
18,10,16,1000,0.9925,29623.7
18,10,17,1000,0.9093,25462.99
18,10,18,1000,0.8661,23304.65
18,10,19,1000,0.8058,20292.02
18,10,20,1000,0.7663,18314.19
18,10,21,1000,0.6692,13460.57
18,10,22,1000,0.5295,6476.98
18,10,23,1000,0.4411,2056.52
18,10,24,1000,0.4153,764.9
18,11,0,1000,0.3584,-2078.73
18,11,1,1000,0.4076,381.94
18,11,2,1000,0.4498,2489.13
18,11,3,1000,0.5119,5593.16
18,11,4,1000,0.6099,10496.18
18,11,5,1000,0.7531,17656.93
18,11,6,1000,0.8549,22744.55
18,11,7,1000,0.9208,26039.3
18,11,8,1000,1.0281,31402.65
18,11,9,1000,1.21,40501.47
18,11,10,1000,1.3505,47522.85
18,11,11,1000,1.3117,45586.7
18,11,12,1000,1.1603,38012.74
18,11,13,1000,1.1096,35478.65
18,11,14,1000,1.0687,33437.32
18,11,15,1000,1.0433,32166.05
18,11,16,1000,0.9824,29120.99
18,11,17,1000,0.9654,28270.94
18,11,18,1000,0.9733,28665.66
18,11,19,1000,0.9068,25341.82
18,11,20,1000,0.8186,20928.28
18,11,21,1000,0.6848,14239.19
18,11,22,1000,0.5604,8020.16
18,11,23,1000,0.4725,3624.7
18,11,24,1000,0.4354,1769.21
18,12,0,1000,0.3336,-3319.88
18,12,1,1000,0.3993,-35.89
18,12,2,1000,0.4355,1775.07
18,12,3,1000,0.5111,5556.14
18,12,4,1000,0.6375,11873.66
18,12,5,1000,0.7431,17153.36
18,12,6,1000,0.7948,19739.51
18,12,7,1000,0.8708,23538.95
18,12,8,1000,1.0323,31613.63
18,12,9,1000,1.2225,41126.27
18,12,10,1000,1.3423,47113.54
18,12,11,1000,1.4014,50071.85
18,12,12,1000,1.3088,45441.19
18,12,13,1000,1.1861,39302.68
18,12,14,1000,1.0839,34197.0
18,12,15,1000,1.0931,34653.66
18,12,16,1000,1.0567,32832.54
18,12,17,1000,0.9924,29620.85
18,12,18,1000,0.9224,26122.22
18,12,19,1000,0.8469,22346.55
18,12,20,1000,0.7548,17742.23
18,12,21,1000,0.6374,11870.64
18,12,22,1000,0.5442,7208.3
18,12,23,1000,0.4589,2943.74
18,12,24,1000,0.4087,435.91
18,13,0,1000,0.3403,-2983.22
18,13,1,1000,0.4111,554.87
18,13,2,1000,0.4565,2826.26
18,13,3,1000,0.5403,7014.59
18,13,4,1000,0.6592,12958.18
18,13,5,1000,0.7037,15187.26
18,13,6,1000,0.7089,15444.89
18,13,7,1000,0.7812,19061.89
18,13,8,1000,0.9633,28166.12
18,13,9,1000,1.1671,38355.12
18,13,10,1000,1.2868,44341.17
18,13,11,1000,1.3911,49557.26
18,13,12,1000,1.3438,47190.56
18,13,13,1000,1.2241,41204.36
18,13,14,1000,1.1287,36432.62
18,13,15,1000,1.1455,37273.77
18,13,16,1000,1.1051,35252.75
18,13,17,1000,0.9833,29164.73
18,13,18,1000,0.8457,22287.08
18,13,19,1000,0.7667,18336.48
18,13,20,1000,0.7019,15093.1
18,13,21,1000,0.6213,11064.11
18,13,22,1000,0.5383,6916.59
18,13,23,1000,0.4427,2136.81
18,13,24,1000,0.3727,-1367.09
18,14,0,1000,0.3608,-1961.27
18,14,1,1000,0.4311,1555.15
18,14,2,1000,0.4574,2868.52
18,14,3,1000,0.5274,6371.05
18,14,4,1000,0.6359,11796.63
18,14,5,1000,0.6623,13113.38
18,14,6,1000,0.6794,13969.61
18,14,7,1000,0.7698,18489.83
18,14,8,1000,0.9074,25369.73
18,14,9,1000,1.0571,32857.42
18,14,10,1000,1.1778,38891.68
18,14,11,1000,1.3149,45743.07
18,14,12,1000,1.3483,47415.95
18,14,13,1000,1.2992,44960.35
18,14,14,1000,1.2624,43120.97
18,14,15,1000,1.2635,43176.78
18,14,16,1000,1.2005,40026.5
18,14,17,1000,1.0687,33432.99
18,14,18,1000,0.9135,25673.11
18,14,19,1000,0.8097,20487.26
18,14,20,1000,0.7242,16207.53
18,14,21,1000,0.6347,11734.7
18,14,22,1000,0.5466,7331.3
18,14,23,1000,0.4393,1966.78
18,14,24,1000,0.3561,-2195.95
18,15,0,1000,0.3655,-1725.17
18,15,1,1000,0.434,1700.08
18,15,2,1000,0.4431,2153.35
18,15,3,1000,0.4989,4943.93
18,15,4,1000,0.6073,10363.08
18,15,5,1000,0.6768,13842.48
18,15,6,1000,0.7553,17762.53
18,15,7,1000,0.8734,23670.89
18,15,8,1000,0.9531,27654.2
18,15,9,1000,1.0368,31839.3
18,15,10,1000,1.1505,37523.9
18,15,11,1000,1.2158,40788.51
18,15,12,1000,1.2321,41606.24
18,15,13,1000,1.2471,42353.38
18,15,14,1000,1.2461,42305.86
18,15,15,1000,1.2086,40430.49
18,15,16,1000,1.135,36751.73
18,15,17,1000,1.0672,33359.74
18,15,18,1000,0.9775,28875.86
18,15,19,1000,0.8615,23072.9
18,15,20,1000,0.7369,16845.14
18,15,21,1000,0.6136,10682.2
18,15,22,1000,0.5194,5970.89
18,15,23,1000,0.4228,1140.72
18,15,24,1000,0.362,-1900.0
18,16,0,1000,0.3486,-2567.76
18,16,1,1000,0.4169,846.78
18,16,2,1000,0.439,1949.74
18,16,3,1000,0.5006,5032.44
18,16,4,1000,0.6067,10333.1
18,16,5,1000,0.6822,14111.57
18,16,6,1000,0.7675,18376.01
18,16,7,1000,0.8861,24304.87
18,16,8,1000,0.966,28300.34
18,16,9,1000,1.0467,32334.55
18,16,10,1000,1.1457,37286.22
18,16,11,1000,1.1247,36237.49
18,16,12,1000,1.0659,33295.56
18,16,13,1000,1.078,33900.79
18,16,14,1000,1.0636,33181.54
18,16,15,1000,1.013,30650.78
18,16,16,1000,0.9539,27694.34
18,16,17,1000,0.92,25997.76
18,16,18,1000,0.8657,23285.9
18,16,19,1000,0.7662,18311.02
18,16,20,1000,0.6555,12774.62
18,16,21,1000,0.5475,7373.58
18,16,22,1000,0.4648,3240.02
18,16,23,1000,0.3861,-694.36
18,16,24,1000,0.3472,-2640.17
18,17,0,1000,0.3265,-3677.29
18,17,1,1000,0.3766,-1168.23
18,17,2,1000,0.4366,1832.45
18,17,3,1000,0.5243,6215.93
18,17,4,1000,0.612,10601.44
18,17,5,1000,0.6539,12694.88
18,17,6,1000,0.7225,16127.0
18,17,7,1000,0.8404,22020.14
18,17,8,1000,0.9487,27436.68
18,17,9,1000,1.0497,32483.55
18,17,10,1000,1.1427,37133.24
18,17,11,1000,1.0851,34253.18
18,17,12,1000,0.9511,27556.92
18,17,13,1000,0.911,25551.54
18,17,14,1000,0.88,24002.11
18,17,15,1000,0.8922,24610.41
18,17,16,1000,0.8808,24040.53
18,17,17,1000,0.8389,21943.72
18,17,18,1000,0.7375,16876.03
18,17,19,1000,0.6394,11971.38
18,17,20,1000,0.5568,7840.9
18,17,21,1000,0.5082,5412.44
18,17,22,1000,0.4654,3270.33
18,17,23,1000,0.4065,324.64
18,17,24,1000,0.3575,-2126.93
18,18,0,1000,0.3093,-4533.05
18,18,1,1000,0.3289,-3554.42
18,18,2,1000,0.4037,185.07
18,18,3,1000,0.5028,5139.29
18,18,4,1000,0.5664,8321.4
18,18,5,1000,0.5822,9108.02
18,18,6,1000,0.6406,12031.68
18,18,7,1000,0.7473,17364.63
18,18,8,1000,0.8323,21613.28
18,18,9,1000,0.9082,25408.28
18,18,10,1000,0.9997,29982.91
18,18,11,1000,1.0214,31068.56
18,18,12,1000,0.9174,25869.89
18,18,13,1000,0.8264,21321.55
18,18,14,1000,0.7744,18717.59
18,18,15,1000,0.8539,22696.39
18,18,16,1000,0.8918,24589.8
18,18,17,1000,0.8596,22977.79
18,18,18,1000,0.7257,16283.61
18,18,19,1000,0.6192,10961.12
18,18,20,1000,0.5244,6221.53
18,18,21,1000,0.4896,4480.9
18,18,22,1000,0.4811,4053.86
18,18,23,1000,0.4354,1770.11
18,18,24,1000,0.3552,-2240.33
18,19,0,1000,0.2936,-5319.59
18,19,1,1000,0.3023,-4884.42
18,19,2,1000,0.3582,-2090.8
18,19,3,1000,0.4412,2061.54
18,19,4,1000,0.4965,4825.98
18,19,5,1000,0.523,6149.87
18,19,6,1000,0.5855,9274.01
18,19,7,1000,0.6728,13639.16
18,19,8,1000,0.7018,15091.24
18,19,9,1000,0.7285,16423.33
18,19,10,1000,0.8084,20418.91
18,19,11,1000,0.8848,24239.85
18,19,12,1000,0.8401,22003.93
18,19,13,1000,0.7529,17644.47
18,19,14,1000,0.6853,14266.64
18,19,15,1000,0.7492,17462.41
18,19,16,1000,0.7936,19680.12
18,19,17,1000,0.8038,20190.93
18,19,18,1000,0.7217,16083.84
18,19,19,1000,0.6272,11358.75
18,19,20,1000,0.5087,5432.51
18,19,21,1000,0.4371,1856.96
18,19,22,1000,0.4289,1444.36
18,19,23,1000,0.3907,-466.46
18,19,24,1000,0.3108,-4459.9
18,20,0,1000,0.2803,-5987.33
18,20,1,1000,0.2946,-5268.76
18,20,2,1000,0.3182,-4088.17
18,20,3,1000,0.3694,-1532.01
18,20,4,1000,0.426,1298.05
18,20,5,1000,0.4865,4323.83
18,20,6,1000,0.5489,7443.42
18,20,7,1000,0.6028,10138.28
18,20,8,1000,0.5941,9706.18
18,20,9,1000,0.5804,9019.6
18,20,10,1000,0.6198,10987.87
18,20,11,1000,0.7085,15424.24
18,20,12,1000,0.7354,16768.42
18,20,13,1000,0.6872,14357.82
18,20,14,1000,0.6494,12470.68
18,20,15,1000,0.6855,14275.38
18,20,16,1000,0.6998,14989.4
18,20,17,1000,0.6892,14461.91
18,20,18,1000,0.634,11700.02
18,20,19,1000,0.5734,8672.3
18,20,20,1000,0.4793,3964.35
18,20,21,1000,0.4005,25.54
18,20,22,1000,0.3805,-975.51
18,20,23,1000,0.3452,-2737.79
18,20,24,1000,0.2796,-6017.77
18,21,0,1000,0.2539,-7306.09
18,21,1,1000,0.2857,-5716.78
18,21,2,1000,0.2953,-5233.54
18,21,3,1000,0.3226,-3872.39
18,21,4,1000,0.3813,-935.29
18,21,5,1000,0.4607,3033.47
18,21,6,1000,0.5038,5189.08
18,21,7,1000,0.5261,6303.33
18,21,8,1000,0.5418,7089.6
18,21,9,1000,0.5362,6810.62
18,21,10,1000,0.5261,6304.95
18,21,11,1000,0.5801,9004.52
18,21,12,1000,0.6501,12504.62
18,21,13,1000,0.6476,12382.37
18,21,14,1000,0.6502,12512.17
18,21,15,1000,0.6524,12619.06
18,21,16,1000,0.6231,11153.09
18,21,17,1000,0.5533,7663.55
18,21,18,1000,0.4963,4815.23
18,21,19,1000,0.4764,3818.28
18,21,20,1000,0.4363,1815.17
18,21,21,1000,0.3782,-1088.86
18,21,22,1000,0.3453,-2735.77
18,21,23,1000,0.312,-4400.18
18,21,24,1000,0.2665,-6673.96
18,22,0,1000,0.2189,-9052.79
18,22,1,1000,0.2544,-7281.02
18,22,2,1000,0.273,-6348.98
18,22,3,1000,0.3,-4998.3
18,22,4,1000,0.352,-2397.68
18,22,5,1000,0.4164,821.23
18,22,6,1000,0.4428,2139.15
18,22,7,1000,0.4583,2916.44
18,22,8,1000,0.499,4951.94
18,22,9,1000,0.5132,5657.51
18,22,10,1000,0.4946,4728.62
18,22,11,1000,0.528,6401.07
18,22,12,1000,0.5913,9565.06
18,22,13,1000,0.5958,9792.32
18,22,14,1000,0.586,9300.2
18,22,15,1000,0.5605,8023.24
18,22,16,1000,0.5258,6289.74
18,22,17,1000,0.4691,3455.69
18,22,18,1000,0.4389,1945.18
18,22,19,1000,0.4324,1617.94
18,22,20,1000,0.3959,-205.86
18,22,21,1000,0.3306,-3471.64
18,22,22,1000,0.2961,-5196.78
18,22,23,1000,0.2692,-6539.8
18,22,24,1000,0.2353,-8234.6
18,23,0,1000,0.1863,-10685.85
18,23,1,1000,0.2193,-9034.56
18,23,2,1000,0.2452,-7738.97
18,23,3,1000,0.277,-6148.82
18,23,4,1000,0.3225,-3873.52
18,23,5,1000,0.3632,-1837.62
18,23,6,1000,0.3761,-1194.71
18,23,7,1000,0.3902,-491.3
18,23,8,1000,0.429,1447.58
18,23,9,1000,0.4579,2893.19
18,23,10,1000,0.4583,2913.47
18,23,11,1000,0.4748,3741.18
18,23,12,1000,0.5045,5227.38
18,23,13,1000,0.5089,5444.96
18,23,14,1000,0.4932,4658.98
18,23,15,1000,0.4568,2838.08
18,23,16,1000,0.425,1251.01
18,23,17,1000,0.4104,520.57
18,23,18,1000,0.4244,1218.5
18,23,19,1000,0.4177,882.97
18,23,20,1000,0.3622,-1892.49
18,23,21,1000,0.2809,-5953.69
18,23,22,1000,0.2502,-7491.23
18,23,23,1000,0.2278,-8610.2
18,23,24,1000,0.1986,-10072.45
18,24,0,1000,0.1724,-11379.87
18,24,1,1000,0.1993,-10032.65
18,24,2,1000,0.2147,-9264.3
18,24,3,1000,0.2443,-7787.25
18,24,4,1000,0.2888,-5561.65
18,24,5,1000,0.3204,-3978.82
18,24,6,1000,0.3316,-3421.56
18,24,7,1000,0.3428,-2860.97
18,24,8,1000,0.3479,-2605.8
18,24,9,1000,0.3776,-1118.89
18,24,10,1000,0.4105,523.42
18,24,11,1000,0.4126,631.93
18,24,12,1000,0.4008,38.93
18,24,13,1000,0.4088,440.03
18,24,14,1000,0.4164,819.86
18,24,15,1000,0.3941,-294.81
18,24,16,1000,0.3622,-1889.69
18,24,17,1000,0.3645,-1773.82
18,24,18,1000,0.3905,-473.31
18,24,19,1000,0.3748,-1259.72
18,24,20,1000,0.318,-4099.06
18,24,21,1000,0.2564,-7179.96
18,24,22,1000,0.2374,-8131.4
18,24,23,1000,0.2137,-9316.91
18,24,24,1000,0.1819,-10903.92
19,0,0,1000,0.1567,-12164.41
19,0,1,1000,0.1638,-11810.64
19,0,2,1000,0.1871,-10646.68
19,0,3,1000,0.2146,-9270.06
19,0,4,1000,0.2265,-8674.73
19,0,5,1000,0.2292,-8539.43
19,0,6,1000,0.2628,-6862.2
19,0,7,1000,0.3166,-4170.3
19,0,8,1000,0.36,-2002.36
19,0,9,1000,0.3417,-2916.24
19,0,10,1000,0.3119,-4402.94
19,0,11,1000,0.2836,-5818.91
19,0,12,1000,0.3163,-4186.77
19,0,13,1000,0.3533,-2332.76
19,0,14,1000,0.3706,-1469.16
19,0,15,1000,0.3364,-3180.71
19,0,16,1000,0.306,-4700.97
19,0,17,1000,0.3047,-4765.49
19,0,18,1000,0.301,-4952.32
19,0,19,1000,0.2639,-6806.92
19,0,20,1000,0.214,-9298.92
19,0,21,1000,0.2035,-9824.04
19,0,22,1000,0.2152,-9237.91
19,0,23,1000,0.2034,-9831.25
19,0,24,1000,0.1717,-11416.52
19,1,0,1000,0.1821,-10895.57
19,1,1,1000,0.1885,-10575.13
19,1,2,1000,0.2001,-9995.87
19,1,3,1000,0.2192,-9038.53
19,1,4,1000,0.2335,-8325.19
19,1,5,1000,0.2574,-7130.12
19,1,6,1000,0.3082,-4589.08
19,1,7,1000,0.3634,-1829.27
19,1,8,1000,0.3971,-144.01
19,1,9,1000,0.3763,-1186.81
19,1,10,1000,0.357,-2148.93
19,1,11,1000,0.3605,-1973.89
19,1,12,1000,0.4139,696.26
19,1,13,1000,0.4476,2380.99
19,1,14,1000,0.4451,2257.1
19,1,15,1000,0.3875,-623.47
19,1,16,1000,0.3478,-2611.44
19,1,17,1000,0.3482,-2592.3
19,1,18,1000,0.3578,-2110.79
19,1,19,1000,0.3243,-3786.43
19,1,20,1000,0.2575,-7126.44
19,1,21,1000,0.2189,-9055.6
19,1,22,1000,0.2247,-8767.48
19,1,23,1000,0.2152,-9240.82
19,1,24,1000,0.181,-10948.8
19,2,0,1000,0.214,-9299.4
19,2,1,1000,0.2288,-8559.56
19,2,2,1000,0.2433,-7836.14
19,2,3,1000,0.2544,-7281.16
19,2,4,1000,0.2641,-6796.37
19,2,5,1000,0.3006,-4972.42
19,2,6,1000,0.3601,-1994.41
19,2,7,1000,0.4044,222.02
19,2,8,1000,0.4237,1183.23
19,2,9,1000,0.4268,1339.92
19,2,10,1000,0.4444,2221.17
19,2,11,1000,0.4723,3617.33
19,2,12,1000,0.4973,4863.56
19,2,13,1000,0.504,5198.59
19,2,14,1000,0.4924,4619.4
19,2,15,1000,0.4377,1883.55
19,2,16,1000,0.3844,-781.59
19,2,17,1000,0.3542,-2290.57
19,2,18,1000,0.3652,-1737.92
19,2,19,1000,0.3564,-2179.0
19,2,20,1000,0.3035,-4827.44
19,2,21,1000,0.2533,-7334.45
19,2,22,1000,0.2514,-7431.03
19,2,23,1000,0.2533,-7336.23
19,2,24,1000,0.222,-8899.82
19,3,0,1000,0.2208,-8960.71
19,3,1,1000,0.2463,-7684.92
19,3,2,1000,0.286,-5700.03
19,3,3,1000,0.3067,-4667.19
19,3,4,1000,0.3121,-4392.55
19,3,5,1000,0.3387,-3065.76
19,3,6,1000,0.3939,-302.91
19,3,7,1000,0.4342,1711.05
19,3,8,1000,0.446,2300.15
19,3,9,1000,0.463,3152.06
19,3,10,1000,0.5013,5063.91
19,3,11,1000,0.5284,6419.08
19,3,12,1000,0.5226,6128.1
19,3,13,1000,0.515,5751.49
19,3,14,1000,0.5289,6443.64
19,3,15,1000,0.506,5298.9
19,3,16,1000,0.444,2202.43
19,3,17,1000,0.3917,-417.44
19,3,18,1000,0.4013,63.26
19,3,19,1000,0.4043,217.02
19,3,20,1000,0.3592,-2037.65
19,3,21,1000,0.3054,-4732.48
19,3,22,1000,0.2982,-5087.81
19,3,23,1000,0.3024,-4881.19
19,3,24,1000,0.2657,-6714.2
19,4,0,1000,0.2182,-9090.7
19,4,1,1000,0.2484,-7580.0
19,4,2,1000,0.3055,-4723.15
19,4,3,1000,0.3351,-3243.04
19,4,4,1000,0.3415,-2923.95
19,4,5,1000,0.3741,-1293.52
19,4,6,1000,0.4384,1917.83
19,4,7,1000,0.4812,4057.56
19,4,8,1000,0.478,3900.66
19,4,9,1000,0.484,4198.77
19,4,10,1000,0.5248,6242.17
19,4,11,1000,0.5553,7767.19
19,4,12,1000,0.5597,7984.48
19,4,13,1000,0.5641,8202.99
19,4,14,1000,0.6033,10164.1
19,4,15,1000,0.5898,9490.58
19,4,16,1000,0.5174,5871.07
19,4,17,1000,0.4585,2925.95
19,4,18,1000,0.4747,3733.44
19,4,19,1000,0.4792,3958.6
19,4,20,1000,0.4273,1366.74
19,4,21,1000,0.3624,-1880.13
19,4,22,1000,0.3497,-2514.79
19,4,23,1000,0.3445,-2773.89
19,4,24,1000,0.29,-5502.48
19,5,0,1000,0.2399,-8005.16
19,5,1,1000,0.2687,-6565.59
19,5,2,1000,0.3193,-4037.1
19,5,3,1000,0.3407,-2965.63
19,5,4,1000,0.3487,-2563.42
19,5,5,1000,0.4191,956.08
19,5,6,1000,0.5144,5717.61
19,5,7,1000,0.5595,7975.75
19,5,8,1000,0.5453,7266.32
19,5,9,1000,0.5433,7166.13
19,5,10,1000,0.5811,9055.57
19,5,11,1000,0.6015,10075.93
19,5,12,1000,0.6434,12169.79
19,5,13,1000,0.6978,14889.96
19,5,14,1000,0.7429,17143.54
19,5,15,1000,0.6735,13676.1
19,5,16,1000,0.5755,8774.11
19,5,17,1000,0.4907,4533.45
19,5,18,1000,0.5065,5325.95
19,5,19,1000,0.5257,6285.31
19,5,20,1000,0.4834,4170.53
19,5,21,1000,0.4134,671.63
19,5,22,1000,0.3939,-304.34
19,5,23,1000,0.3787,-1065.79
19,5,24,1000,0.3065,-4672.84
19,6,0,1000,0.278,-6101.05
19,6,1,1000,0.3107,-4467.47
19,6,2,1000,0.3657,-1717.47
19,6,3,1000,0.3884,-581.52
19,6,4,1000,0.3917,-413.39
19,6,5,1000,0.4471,2357.08
19,6,6,1000,0.5367,6836.6
19,6,7,1000,0.5905,9525.5
19,6,8,1000,0.6192,10959.17
19,6,9,1000,0.654,12700.96
19,6,10,1000,0.6917,14583.52
19,6,11,1000,0.6705,13525.93
19,6,12,1000,0.7079,15394.72
19,6,13,1000,0.7992,19957.67
19,6,14,1000,0.8593,22965.12
19,6,15,1000,0.7561,17803.96
19,6,16,1000,0.6358,11788.91
19,6,17,1000,0.521,6049.16
19,6,18,1000,0.5273,6365.03
19,6,19,1000,0.5562,7809.93
19,6,20,1000,0.5096,5478.98
19,6,21,1000,0.4196,981.34
19,6,22,1000,0.3947,-264.97
19,6,23,1000,0.3907,-466.49
19,6,24,1000,0.3358,-3209.02
19,7,0,1000,0.2944,-5280.0
19,7,1,1000,0.3361,-3195.61
19,7,2,1000,0.4211,1054.12
19,7,3,1000,0.4646,3232.35
19,7,4,1000,0.4632,3161.35
19,7,5,1000,0.4674,3370.51
19,7,6,1000,0.5221,6106.94
19,7,7,1000,0.5817,9083.46
19,7,8,1000,0.6607,13034.29
19,7,9,1000,0.7463,17315.66
19,7,10,1000,0.7957,19784.02
19,7,11,1000,0.7474,17371.63
19,7,12,1000,0.755,17748.35
19,7,13,1000,0.8501,22504.42
19,7,14,1000,0.9402,27008.14
19,7,15,1000,0.8594,22969.72
19,7,16,1000,0.731,16550.38
19,7,17,1000,0.5902,9512.06
19,7,18,1000,0.5709,8542.8
19,7,19,1000,0.5916,9578.81
19,7,20,1000,0.531,6549.36
19,7,21,1000,0.4183,916.8
19,7,22,1000,0.3828,-858.63
19,7,23,1000,0.3913,-434.33
19,7,24,1000,0.368,-1598.32
19,8,0,1000,0.2895,-5525.66
19,8,1,1000,0.3292,-3539.58
19,8,2,1000,0.4345,1723.06
19,8,3,1000,0.499,4948.87
19,8,4,1000,0.5107,5532.89
19,8,5,1000,0.5246,6229.56
19,8,6,1000,0.5702,8510.57
19,8,7,1000,0.6119,10595.44
19,8,8,1000,0.6751,13754.23
19,8,9,1000,0.7927,19636.67
19,8,10,1000,0.8896,24482.26
19,8,11,1000,0.9103,25516.0
19,8,12,1000,0.9233,26167.27
19,8,13,1000,0.987,29352.07
19,8,14,1000,1.043,32149.19
19,8,15,1000,0.974,28700.69
19,8,16,1000,0.8619,23093.84
19,8,17,1000,0.7026,15128.18
19,8,18,1000,0.6131,10657.27
19,8,19,1000,0.5933,9665.12
19,8,20,1000,0.5562,7810.86
19,8,21,1000,0.4664,3317.87
19,8,22,1000,0.3891,-547.07
19,8,23,1000,0.3664,-1682.22
19,8,24,1000,0.3682,-1589.47
19,9,0,1000,0.3078,-4609.08
19,9,1,1000,0.3371,-3147.39
19,9,2,1000,0.42,998.0
19,9,3,1000,0.4774,3870.53
19,9,4,1000,0.5071,5353.6
19,9,5,1000,0.585,9250.01
19,9,6,1000,0.6642,13210.89
19,9,7,1000,0.6912,14562.12
19,9,8,1000,0.7066,15329.24
19,9,9,1000,0.8227,21132.87
19,9,10,1000,0.9578,27888.65
19,9,11,1000,1.0235,31175.02
19,9,12,1000,1.0279,31394.68
19,9,13,1000,1.0624,33121.3
19,9,14,1000,1.0709,33543.74
19,9,15,1000,0.9933,29665.83
19,9,16,1000,0.8984,24919.58
19,9,17,1000,0.7863,19317.26
19,9,18,1000,0.7129,15646.45
19,9,19,1000,0.6652,13258.81
19,9,20,1000,0.6467,12332.71
19,9,21,1000,0.5775,8876.34
19,9,22,1000,0.4597,2985.4
19,9,23,1000,0.3852,-739.91
19,9,24,1000,0.366,-1701.87
19,10,0,1000,0.3439,-2804.1
19,10,1,1000,0.371,-1451.54
19,10,2,1000,0.4269,1344.34
19,10,3,1000,0.4719,3594.04
19,10,4,1000,0.5117,5583.66
19,10,5,1000,0.6174,10868.59
19,10,6,1000,0.7149,15744.76
19,10,7,1000,0.7469,17344.8
19,10,8,1000,0.7645,18223.33
19,10,9,1000,0.8868,24340.41
19,10,10,1000,1.0252,31261.29
19,10,11,1000,1.046,32298.82
19,10,12,1000,0.9982,29908.18
19,10,13,1000,1.0228,31137.69
19,10,14,1000,1.0314,31571.47
19,10,15,1000,0.963,28148.31
19,10,16,1000,0.8743,23713.06
19,10,17,1000,0.8285,21423.12
19,10,18,1000,0.8309,21547.44
19,10,19,1000,0.7829,19146.2
19,10,20,1000,0.745,17250.56
19,10,21,1000,0.6536,12678.31
19,10,22,1000,0.5224,6117.91
19,10,23,1000,0.4294,1471.16
19,10,24,1000,0.3882,-588.76
19,11,0,1000,0.3562,-2188.83
19,11,1,1000,0.3963,-185.41
19,11,2,1000,0.4177,886.89
19,11,3,1000,0.4634,3168.42
19,11,4,1000,0.5539,7694.0
19,11,5,1000,0.7065,15326.43
19,11,6,1000,0.8121,20603.78
19,11,7,1000,0.855,22747.63
19,11,8,1000,0.8723,23615.96
19,11,9,1000,0.9664,28320.53
19,11,10,1000,1.0825,34124.75
19,11,11,1000,1.1193,35964.88
19,11,12,1000,1.0566,32828.79
19,11,13,1000,1.016,30801.23
19,11,14,1000,0.9764,28817.84
19,11,15,1000,0.954,27702.09
19,11,16,1000,0.9065,25327.01
19,11,17,1000,0.9012,25062.22
19,11,18,1000,0.9215,26074.34
19,11,19,1000,0.8696,23479.87
19,11,20,1000,0.7952,19759.43
19,11,21,1000,0.6712,13562.24
19,11,22,1000,0.5518,7590.78
19,11,23,1000,0.4573,2867.42
19,11,24,1000,0.4048,242.04
19,12,0,1000,0.348,-2599.28
19,12,1,1000,0.4075,375.68
19,12,2,1000,0.43,1498.26
19,12,3,1000,0.4968,4840.46
19,12,4,1000,0.6243,11214.76
19,12,5,1000,0.7537,17685.08
19,12,6,1000,0.8163,20814.77
19,12,7,1000,0.8636,23181.3
19,12,8,1000,0.9008,25039.18
19,12,9,1000,0.9832,29162.3
19,12,10,1000,1.0819,34095.05
19,12,11,1000,1.2077,40387.03
19,12,12,1000,1.203,40151.41
19,12,13,1000,1.1055,35277.13
19,12,14,1000,1.0163,30816.12
19,12,15,1000,1.033,31650.03
19,12,16,1000,1.0158,30788.33
19,12,17,1000,0.9463,27316.45
19,12,18,1000,0.8639,23196.95
19,12,19,1000,0.8039,20195.31
19,12,20,1000,0.7321,16603.41
19,12,21,1000,0.6228,11140.48
19,12,22,1000,0.5302,6508.1
19,12,23,1000,0.439,1952.11
19,12,24,1000,0.378,-1097.55
19,13,0,1000,0.3537,-2317.01
19,13,1,1000,0.4187,936.05
19,13,2,1000,0.4522,2610.58
19,13,3,1000,0.5282,6407.64
19,13,4,1000,0.648,12397.85
19,13,5,1000,0.7157,15785.68
19,13,6,1000,0.7318,16589.01
19,13,7,1000,0.7767,18833.49
19,13,8,1000,0.8397,21987.26
19,13,9,1000,0.9407,27034.79
19,13,10,1000,1.0398,31989.71
19,13,11,1000,1.2015,40075.73
19,13,12,1000,1.2331,41655.62
19,13,13,1000,1.1385,36924.01
19,13,14,1000,1.0539,32692.95
19,13,15,1000,1.0764,33817.84
19,13,16,1000,1.0567,32836.11
19,13,17,1000,0.9366,26831.32
19,13,18,1000,0.7925,19623.71
19,13,19,1000,0.7284,16421.16
19,13,20,1000,0.6809,14044.83
19,13,21,1000,0.6054,10270.57
19,13,22,1000,0.5225,6125.3
19,13,23,1000,0.4222,1111.43
19,13,24,1000,0.3432,-2840.45
19,14,0,1000,0.3529,-2354.97
19,14,1,1000,0.4204,1019.8
19,14,2,1000,0.4464,2318.51
19,14,3,1000,0.5124,5618.3
19,14,4,1000,0.6137,10683.51
19,14,5,1000,0.6366,11832.4
19,14,6,1000,0.645,12249.82
19,14,7,1000,0.7099,15496.43
19,14,8,1000,0.7781,18903.18
19,14,9,1000,0.8652,23259.23
19,14,10,1000,0.9628,28137.63
19,14,11,1000,1.1345,36724.26
19,14,12,1000,1.2239,41196.07
19,14,13,1000,1.191,39549.66
19,14,14,1000,1.1454,37272.44
19,14,15,1000,1.1395,36974.88
19,14,16,1000,1.1002,35011.52
19,14,17,1000,0.9748,28739.2
19,14,18,1000,0.8114,20569.16
19,14,19,1000,0.7208,16041.29
19,14,20,1000,0.6701,13505.27
19,14,21,1000,0.6184,10920.1
19,14,22,1000,0.5395,6973.1
19,14,23,1000,0.4264,1322.27
19,14,24,1000,0.3312,-3441.8
19,15,0,1000,0.3341,-3295.22
19,15,1,1000,0.4036,180.05
19,15,2,1000,0.4272,1360.87
19,15,3,1000,0.4846,4230.69
19,15,4,1000,0.5775,8875.5
19,15,5,1000,0.6141,10704.43
19,15,6,1000,0.6614,13068.26
19,15,7,1000,0.7551,17756.31
19,15,8,1000,0.812,20597.93
19,15,9,1000,0.8704,23517.61
19,15,10,1000,0.9587,27936.54
19,15,11,1000,1.0476,32382.32
19,15,12,1000,1.109,35451.28
19,15,13,1000,1.1327,36634.49
19,15,14,1000,1.1084,35419.48
19,15,15,1000,1.0545,32723.44
19,15,16,1000,1.0039,30192.83
19,15,17,1000,0.9336,26679.81
19,15,18,1000,0.82,21001.32
19,15,19,1000,0.7132,15657.96
19,15,20,1000,0.645,12249.29
19,15,21,1000,0.5983,9916.0
19,15,22,1000,0.5234,6168.32
19,15,23,1000,0.419,950.49
19,15,24,1000,0.3419,-2902.96
19,16,0,1000,0.3143,-4286.38
19,16,1,1000,0.3847,-764.37
19,16,2,1000,0.425,1250.25
19,16,3,1000,0.4905,4522.74
19,16,4,1000,0.5812,9059.35
19,16,5,1000,0.6216,11080.82
19,16,6,1000,0.6749,13743.31
19,16,7,1000,0.7709,18546.16
19,16,8,1000,0.8323,21613.1
19,16,9,1000,0.8918,24591.54
19,16,10,1000,0.9689,28444.35
19,16,11,1000,0.9764,28818.12
19,16,12,1000,0.9654,28268.24
19,16,13,1000,0.9859,29293.83
19,16,14,1000,0.9508,27542.38
19,16,15,1000,0.8851,24255.31
19,16,16,1000,0.8442,22212.15
19,16,17,1000,0.8003,20014.79
19,16,18,1000,0.7148,15741.69
19,16,19,1000,0.621,11049.16
19,16,20,1000,0.5646,8231.61
19,16,21,1000,0.5328,6638.56
19,16,22,1000,0.4692,3458.35
19,16,23,1000,0.3832,-841.22
19,16,24,1000,0.3292,-3537.54
19,17,0,1000,0.2952,-5242.43
19,17,1,1000,0.3435,-2822.57
19,17,2,1000,0.4082,410.27
19,17,3,1000,0.493,4652.3
19,17,4,1000,0.5706,8528.03
19,17,5,1000,0.5973,9866.77
19,17,6,1000,0.6472,12359.63
19,17,7,1000,0.7439,17194.61
19,17,8,1000,0.8286,21429.12
19,17,9,1000,0.9108,25541.84
19,17,10,1000,0.9916,29579.66
19,17,11,1000,0.9659,28296.56
19,17,12,1000,0.8759,23793.81
19,17,13,1000,0.8438,22190.32
19,17,14,1000,0.7879,19392.86
19,17,15,1000,0.7745,18723.61
19,17,16,1000,0.7737,18687.24
19,17,17,1000,0.7232,16157.61
19,17,18,1000,0.6008,10040.78
19,17,19,1000,0.5109,5544.93
19,17,20,1000,0.4695,3473.65
19,17,21,1000,0.475,3749.29
19,17,22,1000,0.4475,2375.8
19,17,23,1000,0.3915,-426.66
19,17,24,1000,0.3445,-2776.11
19,18,0,1000,0.285,-5748.58
19,18,1,1000,0.2962,-5189.63
19,18,2,1000,0.3527,-2365.43
19,18,3,1000,0.4374,1869.38
19,18,4,1000,0.497,4849.52
19,18,5,1000,0.5239,6194.12
19,18,6,1000,0.5804,9018.49
19,18,7,1000,0.6675,13376.05
19,18,8,1000,0.728,16399.12
19,18,9,1000,0.7929,19644.08
19,18,10,1000,0.8835,24174.0
19,18,11,1000,0.9362,26810.64
19,18,12,1000,0.8656,23277.67
19,18,13,1000,0.7803,19016.98
19,18,14,1000,0.6925,14625.42
19,18,15,1000,0.7304,16520.77
19,18,16,1000,0.7721,18606.77
19,18,17,1000,0.739,16950.01
19,18,18,1000,0.6033,10163.12
19,18,19,1000,0.5104,5519.76
19,18,20,1000,0.4419,2094.68
19,18,21,1000,0.4345,1726.84
19,18,22,1000,0.4368,1838.79
19,18,23,1000,0.4054,269.62
19,18,24,1000,0.3462,-2687.8
19,19,0,1000,0.2736,-6317.64
19,19,1,1000,0.2728,-6360.17
19,19,2,1000,0.3053,-4734.41
19,19,3,1000,0.372,-1400.56
19,19,4,1000,0.425,1247.51
19,19,5,1000,0.4668,3341.11
19,19,6,1000,0.5308,6541.87
19,19,7,1000,0.6015,10076.13
19,19,8,1000,0.6114,10570.59
19,19,9,1000,0.6326,11629.69
19,19,10,1000,0.7152,15759.08
19,19,11,1000,0.821,21051.2
19,19,12,1000,0.8048,20241.4
19,19,13,1000,0.7216,16080.51
19,19,14,1000,0.6172,10860.92
19,19,15,1000,0.6387,11934.51
19,19,16,1000,0.6849,14244.78
19,19,17,1000,0.6961,14802.68
19,19,18,1000,0.6159,10794.56
19,19,19,1000,0.534,6701.09
19,19,20,1000,0.4361,1805.2
19,19,21,1000,0.3843,-783.38
19,19,22,1000,0.3846,-768.02
19,19,23,1000,0.3605,-1973.27
19,19,24,1000,0.3019,-4902.58
19,20,0,1000,0.2682,-6588.83
19,20,1,1000,0.2755,-6227.02
19,20,2,1000,0.2831,-5845.45
19,20,3,1000,0.3247,-3766.07
19,20,4,1000,0.3783,-1084.95
19,20,5,1000,0.4361,1804.61
19,20,6,1000,0.4901,4502.83
19,20,7,1000,0.5346,6728.78
19,20,8,1000,0.526,6298.25
19,20,9,1000,0.5168,5839.36
19,20,10,1000,0.5555,7773.15
19,20,11,1000,0.6494,12472.24
19,20,12,1000,0.6832,14161.39
19,20,13,1000,0.6369,11844.47
19,20,14,1000,0.5748,8738.6
19,20,15,1000,0.5852,9261.42
19,20,16,1000,0.6045,10226.78
19,20,17,1000,0.6035,10174.27
19,20,18,1000,0.5587,7935.71
19,20,19,1000,0.5092,5462.06
19,20,20,1000,0.4329,1644.07
19,20,21,1000,0.3719,-1407.19
19,20,22,1000,0.3581,-2093.05
19,20,23,1000,0.3311,-3445.75
19,20,24,1000,0.2775,-6127.46
19,21,0,1000,0.2487,-7563.2
19,21,1,1000,0.2777,-6114.72
19,21,2,1000,0.286,-5699.49
19,21,3,1000,0.3152,-4238.22
19,21,4,1000,0.3698,-1508.97
19,21,5,1000,0.4214,1070.21
19,21,6,1000,0.4423,2117.45
19,21,7,1000,0.4642,3212.28
19,21,8,1000,0.5027,5135.14
19,21,9,1000,0.5115,5576.02
19,21,10,1000,0.4936,4678.98
19,21,11,1000,0.5158,5791.2
19,21,12,1000,0.5617,8084.16
19,21,13,1000,0.5596,7979.31
19,21,14,1000,0.5604,8020.98
19,21,15,1000,0.5646,8232.45
19,21,16,1000,0.5452,7259.04
19,21,17,1000,0.4913,4564.2
19,21,18,1000,0.4506,2529.58
19,21,19,1000,0.4405,2027.49
19,21,20,1000,0.4179,892.58
19,21,21,1000,0.3784,-1079.85
19,21,22,1000,0.35,-2498.23
19,21,23,1000,0.319,-4051.36
19,21,24,1000,0.2758,-6208.03
19,22,0,1000,0.2134,-9330.73
19,22,1,1000,0.2474,-7628.25
19,22,2,1000,0.2692,-6537.61
19,22,3,1000,0.3012,-4939.13
19,22,4,1000,0.3497,-2512.66
19,22,5,1000,0.3859,-704.47
19,22,6,1000,0.3911,-445.65
19,22,7,1000,0.4086,429.04
19,22,8,1000,0.474,3697.81
19,22,9,1000,0.5024,5120.62
19,22,10,1000,0.4751,3754.07
19,22,11,1000,0.4712,3558.03
19,22,12,1000,0.5056,5278.29
19,22,13,1000,0.5104,5517.93
19,22,14,1000,0.5064,5320.66
19,22,15,1000,0.4911,4555.68
19,22,16,1000,0.4658,3288.97
19,22,17,1000,0.4201,1005.59
19,22,18,1000,0.4006,31.31
19,22,19,1000,0.4022,111.12
19,22,20,1000,0.3818,-909.99
19,22,21,1000,0.3339,-3303.22
19,22,22,1000,0.3035,-4827.13
19,22,23,1000,0.2785,-6075.56
19,22,24,1000,0.2466,-7669.83
19,23,0,1000,0.1792,-11041.49
19,23,1,1000,0.2122,-9389.41
19,23,2,1000,0.2425,-7876.09
19,23,3,1000,0.2791,-6047.42
19,23,4,1000,0.3219,-3904.85
19,23,5,1000,0.3386,-3071.12
19,23,6,1000,0.3323,-3384.13
19,23,7,1000,0.3465,-2672.65
19,23,8,1000,0.4053,264.07
19,23,9,1000,0.4477,2386.73
19,23,10,1000,0.4428,2139.96
19,23,11,1000,0.4344,1721.8
19,23,12,1000,0.4436,2179.08
19,23,13,1000,0.447,2349.09
19,23,14,1000,0.4364,1820.29
19,23,15,1000,0.4093,462.91
19,23,16,1000,0.3838,-812.38
19,23,17,1000,0.3703,-1487.38
19,23,18,1000,0.3841,-794.42
19,23,19,1000,0.3829,-853.79
19,23,20,1000,0.3402,-2989.71
19,23,21,1000,0.2728,-6361.01
19,23,22,1000,0.246,-7700.47
19,23,23,1000,0.2266,-8668.22
19,23,24,1000,0.2015,-9924.46
19,24,0,1000,0.1654,-11729.66
19,24,1,1000,0.1945,-10274.03
19,24,2,1000,0.2149,-9253.47
19,24,3,1000,0.2484,-7578.63
19,24,4,1000,0.2903,-5486.5
19,24,5,1000,0.2975,-5124.56
19,24,6,1000,0.2872,-5639.6
19,24,7,1000,0.2949,-5254.47
19,24,8,1000,0.3164,-4180.4
19,24,9,1000,0.3621,-1894.16
19,24,10,1000,0.3954,-227.79
19,24,11,1000,0.3936,-319.48
19,24,12,1000,0.3748,-1257.88
19,24,13,1000,0.3795,-1024.32
19,24,14,1000,0.3858,-708.47
19,24,15,1000,0.3663,-1686.14
19,24,16,1000,0.3365,-3175.25
19,24,17,1000,0.3303,-3483.74
19,24,18,1000,0.3459,-2706.7
19,24,19,1000,0.3327,-3364.45
19,24,20,1000,0.2854,-5729.14
19,24,21,1000,0.2347,-8266.09
19,24,22,1000,0.2199,-9004.69
19,24,23,1000,0.1991,-10043.09
19,24,24,1000,0.1718,-11411.87
20,0,0,1000,0.1511,-12442.75
20,0,1,1000,0.1658,-11711.58
20,0,2,1000,0.189,-10551.38
20,0,3,1000,0.2147,-9265.64
20,0,4,1000,0.2315,-8426.27
20,0,5,1000,0.2321,-8392.89
20,0,6,1000,0.2449,-7753.31
20,0,7,1000,0.2788,-6061.99
20,0,8,1000,0.3268,-3660.94
20,0,9,1000,0.3321,-3393.2
20,0,10,1000,0.3099,-4503.0
20,0,11,1000,0.2757,-6215.07
20,0,12,1000,0.2759,-6206.55
20,0,13,1000,0.2868,-5657.58
20,0,14,1000,0.2889,-5555.13
20,0,15,1000,0.2777,-6116.78
20,0,16,1000,0.2679,-6605.84
20,0,17,1000,0.2654,-6732.49
20,0,18,1000,0.258,-7101.46
20,0,19,1000,0.2382,-8090.17
20,0,20,1000,0.2094,-9530.7
20,0,21,1000,0.1901,-10494.87
20,0,22,1000,0.1836,-10820.33
20,0,23,1000,0.1715,-11426.2
20,0,24,1000,0.1619,-11906.1
20,1,0,1000,0.1776,-11122.24
20,1,1,1000,0.1917,-10413.7
20,1,2,1000,0.2036,-9821.98
20,1,3,1000,0.2226,-8868.74
20,1,4,1000,0.2426,-7868.08
20,1,5,1000,0.2603,-6985.35
20,1,6,1000,0.288,-5598.59
20,1,7,1000,0.3255,-3724.31
20,1,8,1000,0.3669,-1655.5
20,1,9,1000,0.3683,-1585.19
20,1,10,1000,0.3524,-2378.1
20,1,11,1000,0.3392,-3040.94
20,1,12,1000,0.3562,-2189.17
20,1,13,1000,0.368,-1598.9
20,1,14,1000,0.3587,-2063.61
20,1,15,1000,0.3301,-3496.59
20,1,16,1000,0.3125,-4376.15
20,1,17,1000,0.3127,-4364.5
20,1,18,1000,0.3147,-4264.59
20,1,19,1000,0.2937,-5313.85
20,1,20,1000,0.2486,-7570.64
20,1,21,1000,0.2083,-9586.03
20,1,22,1000,0.198,-10100.77
20,1,23,1000,0.1864,-10680.75
20,1,24,1000,0.1721,-11393.07
20,2,0,1000,0.2079,-9607.15
20,2,1,1000,0.2287,-8562.81
20,2,2,1000,0.2443,-7783.83
20,2,3,1000,0.2612,-6939.61
20,2,4,1000,0.2795,-6025.78
20,2,5,1000,0.3042,-4791.19
20,2,6,1000,0.345,-2748.48
20,2,7,1000,0.3826,-867.6
20,2,8,1000,0.3918,-411.04
20,2,9,1000,0.3822,-887.96
20,2,10,1000,0.3886,-568.69
20,2,11,1000,0.4087,436.87
20,2,12,1000,0.4377,1884.5
20,2,13,1000,0.4476,2381.94
20,2,14,1000,0.4322,1607.53
20,2,15,1000,0.3843,-782.82
20,2,16,1000,0.3486,-2572.22
20,2,17,1000,0.3417,-2917.06
20,2,18,1000,0.3561,-2196.74
20,2,19,1000,0.3394,-3030.6
20,2,20,1000,0.2882,-5592.24
20,2,21,1000,0.241,-7951.46
20,2,22,1000,0.2318,-8408.92
20,2,23,1000,0.2217,-8913.27
20,2,24,1000,0.1893,-10536.61
20,3,0,1000,0.2158,-9208.86
20,3,1,1000,0.2447,-7762.98
20,3,2,1000,0.2784,-6080.98
20,3,3,1000,0.3037,-4816.96
20,3,4,1000,0.3202,-3991.24
20,3,5,1000,0.3373,-3136.08
20,3,6,1000,0.3792,-1040.34
20,3,7,1000,0.418,901.54
20,3,8,1000,0.4059,294.91
20,3,9,1000,0.3866,-667.91
20,3,10,1000,0.4053,265.11
20,3,11,1000,0.4429,2145.42
20,3,12,1000,0.4779,3896.6
20,3,13,1000,0.489,4449.24
20,3,14,1000,0.4922,4610.86
20,3,15,1000,0.4552,2758.45
20,3,16,1000,0.4082,409.06
20,3,17,1000,0.3891,-542.6
20,3,18,1000,0.4021,107.28
20,3,19,1000,0.3847,-764.87
20,3,20,1000,0.3287,-3564.94
20,3,21,1000,0.278,-6101.85
20,3,22,1000,0.2687,-6566.78
20,3,23,1000,0.2588,-7060.13
20,3,24,1000,0.2158,-9208.39
20,4,0,1000,0.2181,-9096.25
20,4,1,1000,0.2502,-7491.99
20,4,2,1000,0.2932,-5339.94
20,4,3,1000,0.3229,-3855.37
20,4,4,1000,0.3393,-3034.13
20,4,5,1000,0.3587,-2063.09
20,4,6,1000,0.4063,312.94
20,4,7,1000,0.447,2351.89
20,4,8,1000,0.4232,1161.87
20,4,9,1000,0.3958,-208.64
20,4,10,1000,0.4186,927.83
20,4,11,1000,0.4676,3380.7
20,4,12,1000,0.5147,5737.27
20,4,13,1000,0.5326,6632.1
20,4,14,1000,0.5606,8031.68
20,4,15,1000,0.5393,6965.82
20,4,16,1000,0.4841,4202.79
20,4,17,1000,0.4476,2381.29
20,4,18,1000,0.4521,2605.95
20,4,19,1000,0.4356,1780.98
20,4,20,1000,0.3762,-1189.87
20,4,21,1000,0.3155,-4225.08
20,4,22,1000,0.3004,-4979.86
20,4,23,1000,0.2886,-5571.12
20,4,24,1000,0.243,-7847.67
20,5,0,1000,0.2401,-7996.33
20,5,1,1000,0.2712,-6441.15
20,5,2,1000,0.309,-4549.68
20,5,3,1000,0.3298,-3511.05
20,5,4,1000,0.3419,-2904.17
20,5,5,1000,0.3804,-981.56
20,5,6,1000,0.4468,2339.05
20,5,7,1000,0.4882,4410.73
20,5,8,1000,0.4618,3087.78
20,5,9,1000,0.4425,2127.05
20,5,10,1000,0.4748,3742.18
20,5,11,1000,0.5139,5694.1
20,5,12,1000,0.5575,7873.66
20,5,13,1000,0.591,9549.41
20,5,14,1000,0.6315,11576.53
20,5,15,1000,0.5945,9724.37
20,5,16,1000,0.5197,5987.31
20,5,17,1000,0.4488,2438.7
20,5,18,1000,0.4529,2646.85
20,5,19,1000,0.4629,3143.73
20,5,20,1000,0.4246,1227.54
20,5,21,1000,0.3551,-2243.02
20,5,22,1000,0.3262,-3691.09
20,5,23,1000,0.3139,-4306.61
20,5,24,1000,0.2741,-6295.9
20,6,0,1000,0.269,-6551.61
20,6,1,1000,0.3025,-4876.28
20,6,2,1000,0.3421,-2893.15
20,6,3,1000,0.361,-1952.16
20,6,4,1000,0.3688,-1560.93
20,6,5,1000,0.4052,258.43
20,6,6,1000,0.4757,3782.96
20,6,7,1000,0.5241,6204.76
20,6,8,1000,0.5291,6453.66
20,6,9,1000,0.5433,7166.61
20,6,10,1000,0.5838,9191.79
20,6,11,1000,0.5858,9288.72
20,6,12,1000,0.5984,9921.62
20,6,13,1000,0.6414,12069.83
20,6,14,1000,0.6824,14119.44
20,6,15,1000,0.6222,11108.87
20,6,16,1000,0.5311,6552.52
20,6,17,1000,0.4483,2416.11
20,6,18,1000,0.4708,3542.05
20,6,19,1000,0.5014,5069.9
20,6,20,1000,0.4636,3178.93
20,6,21,1000,0.3677,-1615.0
20,6,22,1000,0.3262,-3689.68
20,6,23,1000,0.3235,-3823.76
20,6,24,1000,0.3037,-4813.19
20,7,0,1000,0.2794,-6030.5
20,7,1,1000,0.3176,-4120.31
20,7,2,1000,0.3737,-1317.04
20,7,3,1000,0.4047,235.46
20,7,4,1000,0.4124,620.73
20,7,5,1000,0.4287,1434.12
20,7,6,1000,0.4866,4332.29
20,7,7,1000,0.5416,7078.2
20,7,8,1000,0.5793,8966.14
20,7,9,1000,0.6272,11359.5
20,7,10,1000,0.678,13901.3
20,7,11,1000,0.6646,13228.01
20,7,12,1000,0.6589,12946.13
20,7,13,1000,0.7037,15184.29
20,7,14,1000,0.7434,17171.0
20,7,15,1000,0.6754,13770.41
20,7,16,1000,0.5785,8927.23
20,7,17,1000,0.5002,5010.62
20,7,18,1000,0.5306,6531.09
20,7,19,1000,0.5568,7840.06
20,7,20,1000,0.4998,4992.01
20,7,21,1000,0.377,-1152.04
20,7,22,1000,0.3257,-3713.22
20,7,23,1000,0.3295,-3526.37
20,7,24,1000,0.3279,-3604.42
20,8,0,1000,0.28,-6000.04
20,8,1,1000,0.3111,-4447.23
20,8,2,1000,0.3706,-1468.68
20,8,3,1000,0.4147,736.75
20,8,4,1000,0.4355,1774.17
20,8,5,1000,0.4628,3139.42
20,8,6,1000,0.5162,5812.34
20,8,7,1000,0.5615,8072.53
20,8,8,1000,0.5939,9695.1
20,8,9,1000,0.6698,13488.11
20,8,10,1000,0.758,17899.65
20,8,11,1000,0.8088,20438.43
20,8,12,1000,0.8377,21883.12
20,8,13,1000,0.8792,23957.99
20,8,14,1000,0.8666,23328.94
20,8,15,1000,0.7618,18089.8
20,8,16,1000,0.6767,13836.73
20,8,17,1000,0.6087,10435.37
20,8,18,1000,0.6036,10178.15
20,8,19,1000,0.5921,9605.64
20,8,20,1000,0.5436,7179.2
20,8,21,1000,0.4476,2381.9
20,8,22,1000,0.3769,-1153.42
20,8,23,1000,0.3463,-2685.47
20,8,24,1000,0.335,-3251.19
20,9,0,1000,0.3003,-4986.74
20,9,1,1000,0.3186,-4071.84
20,9,2,1000,0.3499,-2504.96
20,9,3,1000,0.3855,-722.87
20,9,4,1000,0.422,1101.57
20,9,5,1000,0.4981,4906.45
20,9,6,1000,0.5767,8833.42
20,9,7,1000,0.6136,10678.72
20,9,8,1000,0.6175,10874.98
20,9,9,1000,0.697,14848.35
20,9,10,1000,0.8139,20697.35
20,9,11,1000,0.9005,25023.18
20,9,12,1000,0.9413,27062.76
20,9,13,1000,0.9801,29003.25
20,9,14,1000,0.9385,26926.73
20,9,15,1000,0.8189,20943.74
20,9,16,1000,0.746,17302.2
20,9,17,1000,0.6978,14887.64
20,9,18,1000,0.6767,13836.8
20,9,19,1000,0.6353,11762.93
20,9,20,1000,0.6048,10238.74
20,9,21,1000,0.5475,7376.53
20,9,22,1000,0.4603,3015.24
20,9,23,1000,0.386,-698.97
20,9,24,1000,0.3423,-2884.4
20,10,0,1000,0.3283,-3584.55
20,10,1,1000,0.3441,-2794.98
20,10,2,1000,0.351,-2452.49
20,10,3,1000,0.3744,-1282.43
20,10,4,1000,0.421,1048.47
20,10,5,1000,0.532,6597.73
20,10,6,1000,0.6333,11666.49
20,10,7,1000,0.6734,13669.76
20,10,8,1000,0.6727,13637.3
20,10,9,1000,0.7516,17578.5
20,10,10,1000,0.8694,23470.4
20,10,11,1000,0.9197,25985.77
20,10,12,1000,0.922,26098.97
20,10,13,1000,0.9567,27833.72
20,10,14,1000,0.9327,26635.64
20,10,15,1000,0.8348,21740.06
20,10,16,1000,0.7643,18214.97
20,10,17,1000,0.7383,16913.98
20,10,18,1000,0.743,17147.91
20,10,19,1000,0.6985,14923.74
20,10,20,1000,0.6594,12968.59
20,10,21,1000,0.5938,9687.56
20,10,22,1000,0.4999,4993.07
20,10,23,1000,0.4159,795.6
20,10,24,1000,0.3616,-1921.6
20,11,0,1000,0.3391,-3045.25
20,11,1,1000,0.3741,-1293.4
20,11,2,1000,0.3761,-1193.57
20,11,3,1000,0.4085,422.95
20,11,4,1000,0.4955,4773.51
20,11,5,1000,0.6486,12430.0
20,11,6,1000,0.7516,17581.5
20,11,7,1000,0.7827,19137.17
20,11,8,1000,0.7488,17438.08
20,11,9,1000,0.7829,19145.15
20,11,10,1000,0.8751,23753.43
20,11,11,1000,0.9606,28032.38
20,11,12,1000,0.9872,29360.84
20,11,13,1000,0.9839,29195.56
20,11,14,1000,0.952,27601.35
20,11,15,1000,0.8974,24871.12
20,11,16,1000,0.84,21998.97
20,11,17,1000,0.8111,20556.14
20,11,18,1000,0.8039,20197.22
20,11,19,1000,0.7527,17635.81
20,11,20,1000,0.6839,14193.14
20,11,21,1000,0.5897,9485.95
20,11,22,1000,0.5032,5161.79
20,11,23,1000,0.4245,1226.58
20,11,24,1000,0.3704,-1480.91
20,12,0,1000,0.3332,-3338.72
20,12,1,1000,0.3906,-471.24
20,12,2,1000,0.4094,471.34
20,12,3,1000,0.463,3148.39
20,12,4,1000,0.5785,8926.16
20,12,5,1000,0.7197,15986.8
20,12,6,1000,0.7861,19304.93
20,12,7,1000,0.8045,20222.96
20,12,8,1000,0.7569,17843.31
20,12,9,1000,0.7625,18122.75
20,12,10,1000,0.833,21647.84
20,12,11,1000,1.0036,30179.26
20,12,12,1000,1.1033,35163.43
20,12,13,1000,1.0658,33291.7
20,12,14,1000,1.005,30248.36
20,12,15,1000,0.9689,28442.88
20,12,16,1000,0.9193,25963.12
20,12,17,1000,0.8408,22039.27
20,12,18,1000,0.7666,18328.28
20,12,19,1000,0.7089,15444.66
20,12,20,1000,0.6431,12156.89
20,12,21,1000,0.5624,8118.7
20,12,22,1000,0.4933,4667.24
20,12,23,1000,0.4119,592.85
20,12,24,1000,0.3417,-2915.85
20,13,0,1000,0.3347,-3264.91
20,13,1,1000,0.3938,-311.18
20,13,2,1000,0.4133,667.49
20,13,3,1000,0.4683,3413.5
20,13,4,1000,0.5783,8917.33
20,13,5,1000,0.6842,14208.5
20,13,6,1000,0.723,16148.26
20,13,7,1000,0.7394,16972.4
20,13,8,1000,0.7135,15672.56
20,13,9,1000,0.7355,16774.95
20,13,10,1000,0.8055,20274.43
20,13,11,1000,0.9895,29475.02
20,13,12,1000,1.1032,35162.42
20,13,13,1000,1.0666,33328.64
20,13,14,1000,1.0048,30238.69
20,13,15,1000,0.9686,28431.61
20,13,16,1000,0.9185,25924.12
20,13,17,1000,0.8102,20510.43
20,13,18,1000,0.6995,14974.99
20,13,19,1000,0.6417,12083.53
20,13,20,1000,0.6057,10283.98
20,13,21,1000,0.5654,8267.62
20,13,22,1000,0.5044,5219.98
20,13,23,1000,0.4074,370.22
20,13,24,1000,0.3102,-4488.13
20,14,0,1000,0.3219,-3903.96
20,14,1,1000,0.3799,-1002.7
20,14,2,1000,0.3991,-46.21
20,14,3,1000,0.453,2648.93
20,14,4,1000,0.5468,7338.74
20,14,5,1000,0.597,9851.98
20,14,6,1000,0.6125,10627.21
20,14,7,1000,0.6483,12416.02
20,14,8,1000,0.6762,13809.63
20,14,9,1000,0.7388,16938.39
20,14,10,1000,0.8157,20783.09
20,14,11,1000,0.9453,27264.1
20,14,12,1000,1.0288,31442.4
20,14,13,1000,1.0266,31331.53
20,14,14,1000,0.996,29798.58
20,14,15,1000,0.9553,27764.29
20,14,16,1000,0.9026,25131.2
20,14,17,1000,0.79,19497.89
20,14,18,1000,0.666,13301.86
20,14,19,1000,0.6016,10078.57
20,14,20,1000,0.5894,9469.31
20,14,21,1000,0.583,9150.51
20,14,22,1000,0.5195,5974.87
20,14,23,1000,0.4083,414.02
20,14,24,1000,0.299,-5050.75
20,15,0,1000,0.2953,-5236.89
20,15,1,1000,0.3562,-2187.89
20,15,2,1000,0.3946,-269.79
20,15,3,1000,0.4592,2957.88
20,15,4,1000,0.5429,7144.63
20,15,5,1000,0.5604,8022.23
20,15,6,1000,0.5726,8632.15
20,15,7,1000,0.6325,11626.62
20,15,8,1000,0.6971,14853.34
20,15,9,1000,0.7847,19237.06
20,15,10,1000,0.8656,23280.37
20,15,11,1000,0.9053,25267.47
20,15,12,1000,0.9265,26323.89
20,15,13,1000,0.9574,27871.78
20,15,14,1000,0.9507,27532.56
20,15,15,1000,0.8967,24836.19
20,15,16,1000,0.844,22197.81
20,15,17,1000,0.7473,17366.23
20,15,18,1000,0.6334,11668.23
20,15,19,1000,0.5653,8263.45
20,15,20,1000,0.566,8297.7
20,15,21,1000,0.5782,8910.61
20,15,22,1000,0.5111,5553.45
20,15,23,1000,0.4046,228.22
20,15,24,1000,0.3153,-4233.34
20,16,0,1000,0.2769,-6155.0
20,16,1,1000,0.3403,-2984.74
20,16,2,1000,0.3989,-55.63
20,16,3,1000,0.4743,3713.06
20,16,4,1000,0.5549,7744.92
20,16,5,1000,0.5648,8238.51
20,16,6,1000,0.5747,8732.64
20,16,7,1000,0.6358,11788.94
20,16,8,1000,0.6998,14991.24
20,16,9,1000,0.7843,19215.27
20,16,10,1000,0.8589,22947.34
20,16,11,1000,0.8639,23195.47
20,16,12,1000,0.8547,22735.76
20,16,13,1000,0.8841,24205.23
20,16,14,1000,0.871,23547.78
20,16,15,1000,0.8111,20556.85
20,16,16,1000,0.7635,18173.22
20,16,17,1000,0.6679,13396.96
20,16,18,1000,0.5524,7619.62
20,16,19,1000,0.4904,4517.75
20,16,20,1000,0.5078,5390.91
20,16,21,1000,0.5426,7129.4
20,16,22,1000,0.4847,4235.61
20,16,23,1000,0.3885,-573.08
20,16,24,1000,0.3124,-4380.03
20,17,0,1000,0.2611,-6944.37
20,17,1,1000,0.3085,-4575.37
20,17,2,1000,0.3771,-1143.19
20,17,3,1000,0.4569,2845.44
20,17,4,1000,0.5257,6285.33
20,17,5,1000,0.5427,7134.55
20,17,6,1000,0.5654,8271.08
20,17,7,1000,0.6278,11389.81
20,17,8,1000,0.6948,14739.56
20,17,9,1000,0.7732,18659.34
20,17,10,1000,0.841,22048.53
20,17,11,1000,0.8491,22454.37
20,17,12,1000,0.8199,20992.87
20,17,13,1000,0.8159,20796.89
20,17,14,1000,0.7856,19280.97
20,17,15,1000,0.7517,17584.95
20,17,16,1000,0.7234,16169.41
20,17,17,1000,0.6304,11518.49
20,17,18,1000,0.4954,4771.02
20,17,19,1000,0.4256,1280.1
20,17,20,1000,0.4271,1357.32
20,17,21,1000,0.4722,3607.62
20,17,22,1000,0.4482,2410.55
20,17,23,1000,0.3891,-543.02
20,17,24,1000,0.3333,-3333.8
20,18,0,1000,0.2583,-7083.27
20,18,1,1000,0.2751,-6247.13
20,18,2,1000,0.3141,-4292.54
20,18,3,1000,0.3735,-1325.79
20,18,4,1000,0.429,1448.53
20,18,5,1000,0.4845,4224.28
20,18,6,1000,0.5428,7141.02
20,18,7,1000,0.601,10049.19
20,18,8,1000,0.6383,11913.54
20,18,9,1000,0.6818,14089.48
20,18,10,1000,0.7443,17215.56
20,18,11,1000,0.8161,20802.97
20,18,12,1000,0.8198,20991.27
20,18,13,1000,0.7802,19011.56
20,18,14,1000,0.7193,15967.44
20,18,15,1000,0.7044,15219.89
20,18,16,1000,0.6978,14890.36
20,18,17,1000,0.6418,12090.48
20,18,18,1000,0.5248,6240.43
20,18,19,1000,0.4439,2192.86
20,18,20,1000,0.39,-498.24
20,18,21,1000,0.3995,-24.34
20,18,22,1000,0.4061,306.91
20,18,23,1000,0.3849,-757.43
20,18,24,1000,0.3398,-3011.92
20,19,0,1000,0.2538,-7308.71
20,19,1,1000,0.259,-7047.67
20,19,2,1000,0.27,-6499.96
20,19,3,1000,0.3092,-4541.29
20,19,4,1000,0.3609,-1953.98
20,19,5,1000,0.4416,2077.69
20,19,6,1000,0.5164,5820.81
20,19,7,1000,0.564,8198.85
20,19,8,1000,0.56,8001.8
20,19,9,1000,0.5665,8326.88
20,19,10,1000,0.6226,11128.64
20,19,11,1000,0.7319,16594.86
20,19,12,1000,0.7731,18656.51
20,19,13,1000,0.7327,16636.19
20,19,14,1000,0.6542,12709.25
20,19,15,1000,0.6242,11210.45
20,19,16,1000,0.6221,11107.07
20,19,17,1000,0.6022,10111.9
20,19,18,1000,0.5284,6419.3
20,19,19,1000,0.4551,2753.12
20,19,20,1000,0.381,-947.76
20,19,21,1000,0.3624,-1880.07
20,19,22,1000,0.3697,-1512.67
20,19,23,1000,0.3523,-2386.4
20,19,24,1000,0.3035,-4823.53
20,20,0,1000,0.2466,-7670.38
20,20,1,1000,0.2576,-7121.94
20,20,2,1000,0.2585,-7074.72
20,20,3,1000,0.2856,-5720.94
20,20,4,1000,0.3345,-3274.36
20,20,5,1000,0.4098,491.9
20,20,6,1000,0.4697,3487.14
20,20,7,1000,0.5045,5225.25
20,20,8,1000,0.5049,5247.12
20,20,9,1000,0.5046,5229.66
20,20,10,1000,0.5335,6677.16
20,20,11,1000,0.6152,10759.15
20,20,12,1000,0.6634,13170.23
20,20,13,1000,0.6411,12053.0
20,20,14,1000,0.5985,9924.34
20,20,15,1000,0.58,8999.5
20,20,16,1000,0.5676,8380.21
20,20,17,1000,0.5399,6995.24
20,20,18,1000,0.4863,4313.45
20,20,19,1000,0.4358,1790.04
20,20,20,1000,0.3782,-1090.68
20,20,21,1000,0.3504,-2478.06
20,20,22,1000,0.3449,-2755.86
20,20,23,1000,0.32,-3998.85
20,20,24,1000,0.2706,-6470.65
20,21,0,1000,0.2275,-8623.77
20,21,1,1000,0.2555,-7225.33
20,21,2,1000,0.2726,-6372.12
20,21,3,1000,0.3015,-4922.92
20,21,4,1000,0.3427,-2865.76
20,21,5,1000,0.3717,-1416.62
20,21,6,1000,0.3843,-786.94
20,21,7,1000,0.4107,537.1
20,21,8,1000,0.4793,3965.57
20,21,9,1000,0.5198,5989.97
20,21,10,1000,0.512,5602.46
20,21,11,1000,0.5074,5370.16
20,21,12,1000,0.5187,5935.19
20,21,13,1000,0.5177,5885.78
20,21,14,1000,0.5371,6854.59
20,21,15,1000,0.5486,7430.4
20,21,16,1000,0.521,6052.4
20,21,17,1000,0.46,2999.33
20,21,18,1000,0.4069,342.99
20,21,19,1000,0.3847,-765.86
20,21,20,1000,0.3629,-1854.38
20,21,21,1000,0.3416,-2921.53
20,21,22,1000,0.321,-3949.92
20,21,23,1000,0.2919,-5403.03
20,21,24,1000,0.2549,-7255.28
20,22,0,1000,0.2035,-9822.64
20,22,1,1000,0.234,-8299.42
20,22,2,1000,0.2585,-7076.73
20,22,3,1000,0.2883,-5584.91
20,22,4,1000,0.3216,-3919.17
20,22,5,1000,0.3261,-3695.82
20,22,6,1000,0.3188,-4060.07
20,22,7,1000,0.3425,-2876.31
20,22,8,1000,0.4369,1845.35
20,22,9,1000,0.4963,4815.43
20,22,10,1000,0.4811,4054.63
20,22,11,1000,0.4485,2427.39
20,22,12,1000,0.4412,2062.2
20,22,13,1000,0.4431,2155.44
20,22,14,1000,0.4634,3170.27
20,22,15,1000,0.47,3499.16
20,22,16,1000,0.4427,2132.92
20,22,17,1000,0.3911,-443.27
20,22,18,1000,0.3559,-2205.63
20,22,19,1000,0.3442,-2789.68
20,22,20,1000,0.3287,-3562.89
20,22,21,1000,0.3057,-4717.11
20,22,22,1000,0.2838,-5810.0
20,22,23,1000,0.2597,-7015.3
20,22,24,1000,0.2333,-8333.37
20,23,0,1000,0.1783,-11082.9
20,23,1,1000,0.2076,-9621.56
20,23,2,1000,0.2353,-8236.69
20,23,3,1000,0.2669,-6652.64
20,23,4,1000,0.2967,-5166.12
20,23,5,1000,0.2871,-5644.92
20,23,6,1000,0.269,-6549.14
20,23,7,1000,0.2869,-5657.13
20,23,8,1000,0.3714,-1429.44
20,23,9,1000,0.4379,1895.58
20,23,10,1000,0.4375,1875.68
20,23,11,1000,0.4027,136.63
20,23,12,1000,0.38,-999.41
20,23,13,1000,0.3819,-902.79
20,23,14,1000,0.3953,-236.41
20,23,15,1000,0.3912,-439.46
20,23,16,1000,0.3653,-1736.87
20,23,17,1000,0.3405,-2977.31
20,23,18,1000,0.3363,-3187.49
20,23,19,1000,0.3279,-3604.84
20,23,20,1000,0.2996,-5021.7
20,23,21,1000,0.2588,-7059.34
20,23,22,1000,0.2358,-8209.84
20,23,23,1000,0.2159,-9205.85
20,23,24,1000,0.1985,-10072.5
20,24,0,1000,0.1573,-12135.66
20,24,1,1000,0.1848,-10759.56
20,24,2,1000,0.2098,-9511.48
20,24,3,1000,0.2419,-7902.6
20,24,4,1000,0.2743,-6287.21
20,24,5,1000,0.2657,-6714.07
20,24,6,1000,0.2458,-7711.83
20,24,7,1000,0.2533,-7336.34
20,24,8,1000,0.2976,-5118.14
20,24,9,1000,0.3585,-2073.06
20,24,10,1000,0.3859,-703.69
20,24,11,1000,0.369,-1551.38
20,24,12,1000,0.3406,-2969.23
20,24,13,1000,0.3454,-2728.77
20,24,14,1000,0.3589,-2056.33
20,24,15,1000,0.3467,-2666.35
20,24,16,1000,0.3177,-4116.67
20,24,17,1000,0.3025,-4876.78
20,24,18,1000,0.3098,-4511.26
20,24,19,1000,0.3005,-4975.44
20,24,20,1000,0.2665,-6675.02
20,24,21,1000,0.2202,-8991.41
20,24,22,1000,0.1968,-10158.21
20,24,23,1000,0.1752,-11239.77
20,24,24,1000,0.1621,-11897.31
21,0,0,1000,0.1503,-12483.35
21,0,1,1000,0.1737,-11313.58
21,0,2,1000,0.1856,-10718.7
21,0,3,1000,0.2025,-9872.53
21,0,4,1000,0.2298,-8512.27
21,0,5,1000,0.2431,-7845.3
21,0,6,1000,0.2357,-8216.92
21,0,7,1000,0.2369,-8153.8
21,0,8,1000,0.2658,-6708.88
21,0,9,1000,0.2844,-5779.04
21,0,10,1000,0.276,-6197.85
21,0,11,1000,0.2782,-6088.72
21,0,12,1000,0.2734,-6329.08
21,0,13,1000,0.2494,-7531.23
21,0,14,1000,0.228,-8602.4
21,0,15,1000,0.2486,-7567.72
21,0,16,1000,0.2669,-6652.91
21,0,17,1000,0.2515,-7425.38
21,0,18,1000,0.2247,-8765.29
21,0,19,1000,0.2266,-8669.47
21,0,20,1000,0.2315,-8427.22
21,0,21,1000,0.2038,-9808.87
21,0,22,1000,0.1687,-11565.69
21,0,23,1000,0.141,-12949.67
21,0,24,1000,0.1388,-13060.09
21,1,0,1000,0.1755,-11224.69
21,1,1,1000,0.1985,-10077.39
21,1,2,1000,0.199,-10049.75
21,1,3,1000,0.2114,-9430.04
21,1,4,1000,0.2428,-7861.24
21,1,5,1000,0.2672,-6642.19
21,1,6,1000,0.2718,-6410.04
21,1,7,1000,0.2822,-5889.53
21,1,8,1000,0.3195,-4026.39
21,1,9,1000,0.3401,-2993.72
21,1,10,1000,0.3316,-3417.74
21,1,11,1000,0.3297,-3515.14
21,1,12,1000,0.3279,-3606.65
21,1,13,1000,0.3108,-4461.86
21,1,14,1000,0.2928,-5359.94
21,1,15,1000,0.3067,-4666.43
21,1,16,1000,0.3189,-4057.23
21,1,17,1000,0.3039,-4804.52
21,1,18,1000,0.276,-6199.64
21,1,19,1000,0.2688,-6557.56
21,1,20,1000,0.2606,-6971.1
21,1,21,1000,0.2264,-8679.09
21,1,22,1000,0.1918,-10412.28
21,1,23,1000,0.1642,-11790.96
21,1,24,1000,0.1586,-12069.21
21,2,0,1000,0.1911,-10444.7
21,2,1,1000,0.2182,-9089.35
21,2,2,1000,0.2265,-8672.77
21,2,3,1000,0.2464,-7682.1
21,2,4,1000,0.2781,-6093.1
21,2,5,1000,0.2964,-5181.1
21,2,6,1000,0.3176,-4122.0
21,2,7,1000,0.351,-2447.79
21,2,8,1000,0.3743,-1286.95
21,2,9,1000,0.3688,-1561.21
21,2,10,1000,0.36,-2002.26
21,2,11,1000,0.3562,-2191.25
21,2,12,1000,0.3793,-1033.08
21,2,13,1000,0.3943,-284.29
21,2,14,1000,0.3842,-790.69
21,2,15,1000,0.3566,-2171.08
21,2,16,1000,0.3438,-2809.69
21,2,17,1000,0.3457,-2712.73
21,2,18,1000,0.3347,-3265.71
21,2,19,1000,0.3019,-4905.45
21,2,20,1000,0.2677,-6613.07
21,2,21,1000,0.2477,-7614.04
21,2,22,1000,0.2313,-8436.98
21,2,23,1000,0.2026,-9870.62
21,2,24,1000,0.169,-11548.57
21,3,0,1000,0.1936,-10321.68
21,3,1,1000,0.2245,-8773.87
21,3,2,1000,0.2417,-7915.88
21,3,3,1000,0.2686,-6570.65
21,3,4,1000,0.301,-4948.46
21,3,5,1000,0.3126,-4368.63
21,3,6,1000,0.3412,-2939.27
21,3,7,1000,0.3876,-618.32
21,3,8,1000,0.3963,-186.13
21,3,9,1000,0.3691,-1544.27
21,3,10,1000,0.3604,-1978.44
21,3,11,1000,0.3721,-1392.5
21,3,12,1000,0.4268,1340.96
21,3,13,1000,0.4633,3162.92
21,3,14,1000,0.4696,3479.67
21,3,15,1000,0.4298,1489.95
21,3,16,1000,0.4018,90.08
21,3,17,1000,0.3982,-91.54
21,3,18,1000,0.377,-1149.46
21,3,19,1000,0.3249,-3754.34
21,3,20,1000,0.2738,-6312.09
21,3,21,1000,0.2594,-7031.02
21,3,22,1000,0.2523,-7383.32
21,3,23,1000,0.2274,-8628.94
21,3,24,1000,0.1876,-10619.32
21,4,0,1000,0.201,-9947.51
21,4,1,1000,0.2335,-8326.85
21,4,2,1000,0.2509,-7453.53
21,4,3,1000,0.2771,-6145.36
21,4,4,1000,0.3085,-4575.0
21,4,5,1000,0.3191,-4045.72
21,4,6,1000,0.3504,-2479.63
21,4,7,1000,0.3985,-72.69
21,4,8,1000,0.3997,-14.82
21,4,9,1000,0.3688,-1560.91
21,4,10,1000,0.3676,-1622.21
21,4,11,1000,0.4048,237.94
21,4,12,1000,0.476,3798.25
21,4,13,1000,0.5122,5610.12
21,4,14,1000,0.5432,7158.88
21,4,15,1000,0.5281,6402.7
21,4,16,1000,0.4935,4672.73
21,4,17,1000,0.4526,2628.69
21,4,18,1000,0.3975,-126.52
21,4,19,1000,0.3451,-2743.69
21,4,20,1000,0.2975,-5125.9
21,4,21,1000,0.2775,-6124.92
21,4,22,1000,0.264,-6801.43
21,4,23,1000,0.2449,-7752.77
21,4,24,1000,0.2205,-8973.08
21,5,0,1000,0.2203,-8986.28
21,5,1,1000,0.2561,-7195.52
21,5,2,1000,0.2843,-5787.34
21,5,3,1000,0.3085,-4574.8
21,5,4,1000,0.3297,-3514.71
21,5,5,1000,0.3391,-3045.84
21,5,6,1000,0.3783,-1087.19
21,5,7,1000,0.4235,1174.62
21,5,8,1000,0.41,497.91
21,5,9,1000,0.3916,-419.98
21,5,10,1000,0.421,1050.51
21,5,11,1000,0.4753,3764.11
21,5,12,1000,0.5105,5524.77
21,5,13,1000,0.5162,5810.42
21,5,14,1000,0.5593,7967.45
21,5,15,1000,0.5719,8593.4
21,5,16,1000,0.5225,6122.98
21,5,17,1000,0.4328,1639.26
21,5,18,1000,0.3779,-1105.24
21,5,19,1000,0.3687,-1563.31
21,5,20,1000,0.3616,-1919.9
21,5,21,1000,0.3307,-3464.95
21,5,22,1000,0.2907,-5463.71
21,5,23,1000,0.2705,-6474.9
21,5,24,1000,0.2615,-6923.83
21,6,0,1000,0.2332,-8338.01
21,6,1,1000,0.2719,-6402.78
21,6,2,1000,0.308,-4600.87
21,6,3,1000,0.3315,-3423.46
21,6,4,1000,0.3512,-2437.85
21,6,5,1000,0.3823,-885.27
21,6,6,1000,0.4441,2203.95
21,6,7,1000,0.4938,4688.62
21,6,8,1000,0.4815,4074.25
21,6,9,1000,0.4813,4065.31
21,6,10,1000,0.5331,6656.52
21,6,11,1000,0.5736,8678.07
21,6,12,1000,0.5579,7894.25
21,6,13,1000,0.5374,6869.29
21,6,14,1000,0.5537,7684.59
21,6,15,1000,0.5471,7356.8
21,6,16,1000,0.4855,4275.86
21,6,17,1000,0.4069,346.1
21,6,18,1000,0.4094,472.13
21,6,19,1000,0.4363,1813.72
21,6,20,1000,0.4386,1927.96
21,6,21,1000,0.3741,-1292.7
21,6,22,1000,0.3097,-4515.07
21,6,23,1000,0.2868,-5661.19
21,6,24,1000,0.285,-5748.39
21,7,0,1000,0.2353,-8233.35
21,7,1,1000,0.2738,-6309.72
21,7,2,1000,0.3115,-4425.52
21,7,3,1000,0.3385,-3076.45
21,7,4,1000,0.3654,-1729.8
21,7,5,1000,0.4177,882.65
21,7,6,1000,0.4966,4827.58
21,7,7,1000,0.5546,7730.69
21,7,8,1000,0.554,7698.29
21,7,9,1000,0.5674,8369.41
21,7,10,1000,0.6285,11425.81
21,7,11,1000,0.662,13097.81
21,7,12,1000,0.6371,11856.51
21,7,13,1000,0.6168,10841.99
21,7,14,1000,0.5945,9726.77
21,7,15,1000,0.5417,7087.1
21,7,16,1000,0.4757,3783.4
21,7,17,1000,0.4387,1936.43
21,7,18,1000,0.492,4602.48
21,7,19,1000,0.5194,5967.77
21,7,20,1000,0.4932,4662.32
21,7,21,1000,0.3927,-365.79
21,7,22,1000,0.3194,-4027.52
21,7,23,1000,0.296,-5199.69
21,7,24,1000,0.296,-5199.45
21,8,0,1000,0.2542,-7289.9
21,8,1,1000,0.2839,-5803.04
21,8,2,1000,0.32,-4001.65
21,8,3,1000,0.3624,-1879.39
21,8,4,1000,0.4019,93.6
21,8,5,1000,0.4422,2108.11
21,8,6,1000,0.5062,5307.57
21,8,7,1000,0.5662,8312.3
21,8,8,1000,0.577,8847.72
21,8,9,1000,0.6169,10846.05
21,8,10,1000,0.7,14997.51
21,8,11,1000,0.7503,17513.83
21,8,12,1000,0.7595,17973.61
21,8,13,1000,0.7733,18663.94
21,8,14,1000,0.7007,15034.31
21,8,15,1000,0.5738,8690.27
21,8,16,1000,0.5166,5828.79
21,8,17,1000,0.5253,6263.23
21,8,18,1000,0.585,9248.38
21,8,19,1000,0.5783,8913.14
21,8,20,1000,0.5227,6137.14
21,8,21,1000,0.4296,1481.98
21,8,22,1000,0.3686,-1567.58
21,8,23,1000,0.3249,-3753.42
21,8,24,1000,0.2935,-5326.99
21,9,0,1000,0.2859,-5703.36
21,9,1,1000,0.3043,-4786.65
21,9,2,1000,0.318,-4099.18
21,9,3,1000,0.3605,-1975.81
21,9,4,1000,0.4124,621.03
21,9,5,1000,0.4619,3095.53
21,9,6,1000,0.5271,6356.71
21,9,7,1000,0.5886,9428.24
21,9,8,1000,0.5979,9894.2
21,9,9,1000,0.6512,12558.27
21,9,10,1000,0.7493,17463.95
21,9,11,1000,0.7879,19396.92
21,9,12,1000,0.8015,20077.08
21,9,13,1000,0.8468,22338.84
21,9,14,1000,0.7928,19638.64
21,9,15,1000,0.6679,13396.27
21,9,16,1000,0.6197,10985.44
21,9,17,1000,0.6084,10418.83
21,9,18,1000,0.6039,10195.77
21,9,19,1000,0.5629,8144.33
21,9,20,1000,0.5111,5555.46
21,9,21,1000,0.462,3098.45
21,9,22,1000,0.4181,905.54
21,9,23,1000,0.3568,-2158.29
21,9,24,1000,0.2992,-5038.96
21,10,0,1000,0.3019,-4903.43
21,10,1,1000,0.3172,-4138.02
21,10,2,1000,0.3095,-4522.74
21,10,3,1000,0.3399,-3002.79
21,10,4,1000,0.402,99.51
21,10,5,1000,0.4951,4753.98
21,10,6,1000,0.5884,9420.97
21,10,7,1000,0.6518,12591.22
21,10,8,1000,0.6562,12809.82
21,10,9,1000,0.7081,15403.36
21,10,10,1000,0.8049,20247.43
21,10,11,1000,0.8071,20353.9
21,10,12,1000,0.7875,19373.97
21,10,13,1000,0.8353,21766.24
21,10,14,1000,0.8253,21264.41
21,10,15,1000,0.7427,17136.86
21,10,16,1000,0.6921,14604.24
21,10,17,1000,0.6472,12360.95
21,10,18,1000,0.6037,10183.66
21,10,19,1000,0.5548,7738.95
21,10,20,1000,0.5065,5323.82
21,10,21,1000,0.4653,3265.45
21,10,22,1000,0.4232,1159.76
21,10,23,1000,0.3656,-1721.1
21,10,24,1000,0.3157,-4216.22
21,11,0,1000,0.3005,-4973.77
21,11,1,1000,0.3382,-3092.03
21,11,2,1000,0.3482,-2590.47
21,11,3,1000,0.3856,-719.89
21,11,4,1000,0.4671,3353.67
21,11,5,1000,0.5841,9207.31
21,11,6,1000,0.6587,12933.53
21,11,7,1000,0.6897,14486.88
21,11,8,1000,0.6799,13993.37
21,11,9,1000,0.7183,15917.45
21,11,10,1000,0.7851,19253.97
21,11,11,1000,0.812,20600.79
21,11,12,1000,0.8318,21588.58
21,11,13,1000,0.8697,23487.4
21,11,14,1000,0.8902,24507.99
21,11,15,1000,0.8377,21883.48
21,11,16,1000,0.7674,18368.93
21,11,17,1000,0.6995,14973.75
21,11,18,1000,0.6477,12385.87
21,11,19,1000,0.5921,9604.99
21,11,20,1000,0.5151,5756.82
21,11,21,1000,0.4415,2075.42
21,11,22,1000,0.3979,-105.45
21,11,23,1000,0.3575,-2127.03
21,11,24,1000,0.3296,-3520.48
21,12,0,1000,0.2885,-5576.57
21,12,1,1000,0.347,-2649.41
21,12,2,1000,0.3783,-1085.61
21,12,3,1000,0.4244,1222.13
21,12,4,1000,0.5165,5825.58
21,12,5,1000,0.6248,11241.46
21,12,6,1000,0.6583,12915.75
21,12,7,1000,0.6556,12779.83
21,12,8,1000,0.6465,12326.72
21,12,9,1000,0.6833,14167.39
21,12,10,1000,0.7225,16122.86
21,12,11,1000,0.8014,20072.32
21,12,12,1000,0.8859,24295.49
21,12,13,1000,0.9125,25624.38
21,12,14,1000,0.9145,25725.99
21,12,15,1000,0.8423,22114.4
21,12,16,1000,0.7534,17670.82
21,12,17,1000,0.6867,14336.07
21,12,18,1000,0.6538,12691.38
21,12,19,1000,0.5992,9959.16
21,12,20,1000,0.5213,6063.1
21,12,21,1000,0.4534,2670.54
21,12,22,1000,0.4128,639.66
21,12,23,1000,0.3628,-1859.63
21,12,24,1000,0.312,-4401.69
21,13,0,1000,0.285,-5747.59
21,13,1,1000,0.339,-3050.07
21,13,2,1000,0.3529,-2353.11
21,13,3,1000,0.3878,-611.98
21,13,4,1000,0.4779,3895.72
21,13,5,1000,0.5892,9457.67
21,13,6,1000,0.6215,11076.16
21,13,7,1000,0.6167,10833.4
21,13,8,1000,0.6223,11113.97
21,13,9,1000,0.6719,13596.75
21,13,10,1000,0.709,15450.68
21,13,11,1000,0.7762,18807.85
21,13,12,1000,0.8502,22508.11
21,13,13,1000,0.875,23748.52
21,13,14,1000,0.8671,23352.8
21,13,15,1000,0.785,19249.24
21,13,16,1000,0.6972,14857.83
21,13,17,1000,0.6293,11463.48
21,13,18,1000,0.5958,9792.04
21,13,19,1000,0.5467,7337.17
21,13,20,1000,0.5051,5254.5
21,13,21,1000,0.4854,4269.06
21,13,22,1000,0.4504,2519.16
21,13,23,1000,0.3759,-1205.18
21,13,24,1000,0.285,-5748.2
21,14,0,1000,0.2796,-6017.69
21,14,1,1000,0.3228,-3862.23
21,14,2,1000,0.3217,-3915.74
21,14,3,1000,0.3537,-2315.88
21,14,4,1000,0.4398,1991.02
21,14,5,1000,0.5312,6557.98
21,14,6,1000,0.557,7851.34
21,14,7,1000,0.5653,8265.17
21,14,8,1000,0.6094,10470.46
21,14,9,1000,0.7023,15113.08
21,14,10,1000,0.7574,17869.35
21,14,11,1000,0.7534,17671.25
21,14,12,1000,0.7505,17524.1
21,14,13,1000,0.7823,19115.15
21,14,14,1000,0.7882,19409.03
21,14,15,1000,0.7202,16011.15
21,14,16,1000,0.6481,12404.32
21,14,17,1000,0.5888,9438.31
21,14,18,1000,0.5644,8217.88
21,14,19,1000,0.531,6551.42
21,14,20,1000,0.5175,5873.94
21,14,21,1000,0.5014,5067.94
21,14,22,1000,0.4459,2292.93
21,14,23,1000,0.3595,-2023.31
21,14,24,1000,0.2698,-6511.95
21,15,0,1000,0.268,-6599.52
21,15,1,1000,0.3104,-4478.81
21,15,2,1000,0.334,-3301.91
21,15,3,1000,0.3888,-560.08
21,15,4,1000,0.4722,3607.75
21,15,5,1000,0.5211,6053.73
21,15,6,1000,0.5273,6367.29
21,15,7,1000,0.5484,7420.25
21,15,8,1000,0.6068,10338.77
21,15,9,1000,0.7223,16113.49
21,15,10,1000,0.7994,19969.65
21,15,11,1000,0.765,18250.96
21,15,12,1000,0.7227,16135.46
21,15,13,1000,0.7649,18245.87
21,15,14,1000,0.7903,19512.94
21,15,15,1000,0.7421,17106.44
21,15,16,1000,0.6826,14131.74
21,15,17,1000,0.6024,10118.42
21,15,18,1000,0.5512,7560.35
21,15,19,1000,0.5276,6380.32
21,15,20,1000,0.5344,6719.01
21,15,21,1000,0.5087,5435.66
21,15,22,1000,0.4297,1487.07
21,15,23,1000,0.348,-2600.2
21,15,24,1000,0.2897,-5515.08
21,16,0,1000,0.2532,-7338.67
21,16,1,1000,0.3002,-4991.7
21,16,2,1000,0.3492,-2541.76
21,16,3,1000,0.4189,947.05
21,16,4,1000,0.4982,4911.74
21,16,5,1000,0.5251,6257.03
21,16,6,1000,0.5189,5943.34
21,16,7,1000,0.5384,6918.94
21,16,8,1000,0.5814,9068.4
21,16,9,1000,0.6812,14060.05
21,16,10,1000,0.7582,17912.18
21,16,11,1000,0.7547,17734.07
21,16,12,1000,0.7412,17058.18
21,16,13,1000,0.7843,19214.72
21,16,14,1000,0.8088,20442.02
21,16,15,1000,0.7629,18145.29
21,16,16,1000,0.7042,15211.71
21,16,17,1000,0.5915,9573.88
21,16,18,1000,0.4983,4917.13
21,16,19,1000,0.4729,3647.14
21,16,20,1000,0.506,5297.77
21,16,21,1000,0.5159,5793.22
21,16,22,1000,0.4439,2196.83
21,16,23,1000,0.3606,-1971.01
21,16,24,1000,0.2996,-5021.18
21,17,0,1000,0.233,-8350.78
21,17,1,1000,0.2804,-5980.85
21,17,2,1000,0.3505,-2473.73
21,17,3,1000,0.4231,1157.36
21,17,4,1000,0.4859,4295.24
21,17,5,1000,0.5003,5014.91
21,17,6,1000,0.4947,4735.65
21,17,7,1000,0.5165,5823.67
21,17,8,1000,0.5635,8173.43
21,17,9,1000,0.6423,12115.75
21,17,10,1000,0.6956,14778.99
21,17,11,1000,0.7111,15555.45
21,17,12,1000,0.7241,16204.61
21,17,13,1000,0.7567,17836.2
21,17,14,1000,0.789,19449.72
21,17,15,1000,0.758,17898.88
21,17,16,1000,0.695,14751.91
21,17,17,1000,0.5849,9246.46
21,17,18,1000,0.4812,4059.92
21,17,19,1000,0.4339,1696.17
21,17,20,1000,0.4346,1728.82
21,17,21,1000,0.4537,2682.63
21,17,22,1000,0.4187,935.34
21,17,23,1000,0.3661,-1697.17
21,17,24,1000,0.3156,-4219.65
21,18,0,1000,0.23,-8500.27
21,18,1,1000,0.2658,-6712.18
21,18,2,1000,0.3132,-4338.23
21,18,3,1000,0.3595,-2023.91
21,18,4,1000,0.407,349.43
21,18,5,1000,0.4555,2773.71
21,18,6,1000,0.4847,4234.81
21,18,7,1000,0.5098,5488.2
21,18,8,1000,0.5524,7622.09
21,18,9,1000,0.5988,9939.04
21,18,10,1000,0.6221,11104.92
21,18,11,1000,0.646,12299.58
21,18,12,1000,0.677,13851.81
21,18,13,1000,0.6952,14758.9
21,18,14,1000,0.7217,16083.2
21,18,15,1000,0.6928,14638.87
21,18,16,1000,0.6269,11342.58
21,18,17,1000,0.5669,8345.7
21,18,18,1000,0.5076,5381.09
21,18,19,1000,0.4387,1937.36
21,18,20,1000,0.3737,-1317.12
21,18,21,1000,0.3679,-1607.24
21,18,22,1000,0.3718,-1411.24
21,18,23,1000,0.3548,-2258.41
21,18,24,1000,0.3115,-4426.8
21,19,0,1000,0.2334,-8329.71
21,19,1,1000,0.2591,-7046.08
21,19,2,1000,0.2753,-6236.27
21,19,3,1000,0.2995,-5027.01
21,19,4,1000,0.3458,-2710.66
21,19,5,1000,0.4289,1445.96
21,19,6,1000,0.4838,4188.24
21,19,7,1000,0.505,5252.14
21,19,8,1000,0.5191,5953.24
21,19,9,1000,0.5365,6822.62
21,19,10,1000,0.5534,7672.01
21,19,11,1000,0.5957,9784.78
21,19,12,1000,0.645,12251.47
21,19,13,1000,0.6596,12979.91
21,19,14,1000,0.6659,13296.07
21,19,15,1000,0.6214,11071.21
21,19,16,1000,0.5596,7979.39
21,19,17,1000,0.5217,6087.34
21,19,18,1000,0.4856,4281.88
21,19,19,1000,0.4206,1027.91
21,19,20,1000,0.3547,-2264.01
21,19,21,1000,0.3529,-2355.7
21,19,22,1000,0.3633,-1835.84
21,19,23,1000,0.3426,-2871.56
21,19,24,1000,0.2844,-5780.32
21,20,0,1000,0.2206,-8970.3
21,20,1,1000,0.2439,-7804.03
21,20,2,1000,0.2558,-7208.89
21,20,3,1000,0.2758,-6208.72
21,20,4,1000,0.3193,-4033.92
21,20,5,1000,0.4045,224.24
21,20,6,1000,0.4634,3169.71
21,20,7,1000,0.4858,4291.56
21,20,8,1000,0.4947,4735.31
21,20,9,1000,0.5032,5158.52
21,20,10,1000,0.517,5851.6
21,20,11,1000,0.5599,7992.85
21,20,12,1000,0.6068,10339.44
21,20,13,1000,0.6165,10825.61
21,20,14,1000,0.6207,11037.16
21,20,15,1000,0.5845,9222.78
21,20,16,1000,0.5306,6528.06
21,20,17,1000,0.4881,4406.23
21,20,18,1000,0.4492,2461.53
21,20,19,1000,0.3955,-227.33
21,20,20,1000,0.3414,-2932.38
21,20,21,1000,0.3322,-3391.15
21,20,22,1000,0.3319,-3405.58
21,20,23,1000,0.3008,-4959.66
21,20,24,1000,0.2398,-8011.11
21,21,0,1000,0.1977,-10116.51
21,21,1,1000,0.2244,-8778.84
21,21,2,1000,0.2532,-7338.12
21,21,3,1000,0.2816,-5918.84
21,21,4,1000,0.3124,-4377.62
21,21,5,1000,0.3463,-2685.85
21,21,6,1000,0.3736,-1319.81
21,21,7,1000,0.4019,96.55
21,21,8,1000,0.4523,2612.59
21,21,9,1000,0.4875,4375.45
21,21,10,1000,0.4953,4763.17
21,21,11,1000,0.4997,4983.79
21,21,12,1000,0.5071,5355.25
21,21,13,1000,0.5093,5464.65
21,21,14,1000,0.5335,6677.17
21,21,15,1000,0.5319,6596.25
21,21,16,1000,0.4899,4493.76
21,21,17,1000,0.4375,1877.04
21,21,18,1000,0.3912,-442.06
21,21,19,1000,0.3518,-2407.67
21,21,20,1000,0.3108,-4458.54
21,21,21,1000,0.2874,-5632.47
21,21,22,1000,0.272,-6400.19
21,21,23,1000,0.2414,-7931.35
21,21,24,1000,0.2046,-9768.33
21,22,0,1000,0.1894,-10529.01
21,22,1,1000,0.2132,-9338.03
21,22,2,1000,0.2358,-8211.92
21,22,3,1000,0.2592,-7038.75
21,22,4,1000,0.2804,-5978.57
21,22,5,1000,0.284,-5800.21
21,22,6,1000,0.2903,-5485.16
21,22,7,1000,0.317,-4148.26
21,22,8,1000,0.3859,-705.25
21,22,9,1000,0.4348,1740.71
21,22,10,1000,0.4387,1935.58
21,22,11,1000,0.4218,1091.54
21,22,12,1000,0.4088,441.31
21,22,13,1000,0.4085,423.62
21,22,14,1000,0.4352,1762.02
21,22,15,1000,0.442,2099.56
21,22,16,1000,0.408,399.9
21,22,17,1000,0.3652,-1737.88
21,22,18,1000,0.3298,-3507.89
21,22,19,1000,0.2998,-5009.71
21,22,20,1000,0.2732,-6341.43
21,22,21,1000,0.2603,-6983.95
21,22,22,1000,0.2457,-7716.7
21,22,23,1000,0.2199,-9003.47
21,22,24,1000,0.1959,-10206.81
21,23,0,1000,0.1806,-10972.0
21,23,1,1000,0.2024,-9880.3
21,23,2,1000,0.2187,-9063.53
21,23,3,1000,0.2391,-8044.2
21,23,4,1000,0.2583,-7085.05
21,23,5,1000,0.2491,-7547.33
21,23,6,1000,0.2404,-7978.98
21,23,7,1000,0.2586,-7068.86
21,23,8,1000,0.3265,-3673.46
21,23,9,1000,0.3845,-773.57
21,23,10,1000,0.392,-398.49
21,23,11,1000,0.3575,-2124.07
21,23,12,1000,0.325,-3747.54
21,23,13,1000,0.3265,-3673.44
21,23,14,1000,0.359,-2049.77
21,23,15,1000,0.3709,-1455.35
21,23,16,1000,0.3419,-2906.68
21,23,17,1000,0.3139,-4306.96
21,23,18,1000,0.3009,-4955.41
21,23,19,1000,0.2826,-5869.39
21,23,20,1000,0.2638,-6812.11
21,23,21,1000,0.2462,-7690.08
21,23,22,1000,0.2246,-8768.49
21,23,23,1000,0.1996,-10020.06
21,23,24,1000,0.1866,-10669.8
21,24,0,1000,0.1542,-12292.35
21,24,1,1000,0.177,-11151.52
21,24,2,1000,0.1976,-10121.08
21,24,3,1000,0.2219,-8904.53
21,24,4,1000,0.2474,-7628.58
21,24,5,1000,0.2477,-7615.27
21,24,6,1000,0.2351,-8245.37
21,24,7,1000,0.239,-8050.4
21,24,8,1000,0.2798,-6009.12
21,24,9,1000,0.3343,-3283.22
21,24,10,1000,0.3535,-2324.95
21,24,11,1000,0.3263,-3685.79
21,24,12,1000,0.2946,-5271.53
21,24,13,1000,0.301,-4948.72
21,24,14,1000,0.3305,-3476.4
21,24,15,1000,0.3339,-3302.96
21,24,16,1000,0.3056,-4722.36
21,24,17,1000,0.2832,-5840.55
21,24,18,1000,0.2871,-5645.77
21,24,19,1000,0.2832,-5839.65
21,24,20,1000,0.2687,-6564.16
21,24,21,1000,0.2297,-8513.07
21,24,22,1000,0.1914,-10428.87
21,24,23,1000,0.161,-11950.53
21,24,24,1000,0.1583,-12087.18
22,0,0,1000,0.1291,-13546.55
22,0,1,1000,0.1512,-12441.61
22,0,2,1000,0.1572,-12141.86
22,0,3,1000,0.1688,-11559.53
22,0,4,1000,0.1977,-10113.29
22,0,5,1000,0.2243,-8784.31
22,0,6,1000,0.2203,-8985.17
22,0,7,1000,0.2142,-9292.18
22,0,8,1000,0.235,-8247.95
22,0,9,1000,0.2535,-7322.98
22,0,10,1000,0.2499,-7504.36
22,0,11,1000,0.2726,-6369.42
22,0,12,1000,0.2791,-6046.03
22,0,13,1000,0.2497,-7514.63
22,0,14,1000,0.2175,-9124.9
22,0,15,1000,0.2355,-8227.41
22,0,16,1000,0.2575,-7124.72
22,0,17,1000,0.2426,-7872.3
22,0,18,1000,0.2162,-9192.31
22,0,19,1000,0.2227,-8867.33
22,0,20,1000,0.2362,-8190.46
22,0,21,1000,0.2115,-9423.64
22,0,22,1000,0.1722,-11390.98
22,0,23,1000,0.1372,-13139.43
22,0,24,1000,0.127,-13649.38
22,1,0,1000,0.1531,-12345.14
22,1,1,1000,0.1746,-11269.32
22,1,2,1000,0.1696,-11517.51
22,1,3,1000,0.1773,-11135.19
22,1,4,1000,0.2098,-9508.6
22,1,5,1000,0.2439,-7806.11
22,1,6,1000,0.2495,-7523.85
22,1,7,1000,0.2535,-7322.97
22,1,8,1000,0.2891,-5546.28
22,1,9,1000,0.3136,-4319.18
22,1,10,1000,0.308,-4597.86
22,1,11,1000,0.3158,-4209.96
22,1,12,1000,0.3168,-4157.92
22,1,13,1000,0.295,-5250.22
22,1,14,1000,0.27,-6499.5
22,1,15,1000,0.2847,-5767.0
22,1,16,1000,0.3017,-4917.04
22,1,17,1000,0.2885,-5574.46
22,1,18,1000,0.2611,-6942.92
22,1,19,1000,0.2579,-7103.22
22,1,20,1000,0.2599,-7005.58
22,1,21,1000,0.2323,-8385.8
22,1,22,1000,0.1945,-10275.49
22,1,23,1000,0.161,-11950.65
22,1,24,1000,0.1505,-12473.97
22,2,0,1000,0.1699,-11503.23
22,2,1,1000,0.1951,-10245.19
22,2,2,1000,0.1982,-10088.22
22,2,3,1000,0.215,-9248.88
22,2,4,1000,0.2467,-7662.94
22,2,5,1000,0.2641,-6794.04
22,2,6,1000,0.2804,-5979.35
22,2,7,1000,0.3123,-4385.31
22,2,8,1000,0.3521,-2396.0
22,2,9,1000,0.36,-1998.64
22,2,10,1000,0.3476,-2620.42
22,2,11,1000,0.3226,-3869.06
22,2,12,1000,0.3275,-3626.13
22,2,13,1000,0.3411,-2946.21
22,2,14,1000,0.3314,-3431.59
22,2,15,1000,0.3087,-4563.37
22,2,16,1000,0.3027,-4866.64
22,2,17,1000,0.3154,-4232.19
22,2,18,1000,0.3111,-4445.98
22,2,19,1000,0.2793,-6036.2
22,2,20,1000,0.2525,-7373.19
22,2,21,1000,0.2418,-7911.85
22,2,22,1000,0.2251,-8745.71
22,2,23,1000,0.1961,-10193.64
22,2,24,1000,0.1683,-11585.67
22,3,0,1000,0.1735,-11324.87
22,3,1,1000,0.2014,-9928.04
22,3,2,1000,0.2107,-9466.22
22,3,3,1000,0.2337,-8313.28
22,3,4,1000,0.2656,-6720.13
22,3,5,1000,0.2726,-6370.73
22,3,6,1000,0.294,-5299.74
22,3,7,1000,0.3411,-2943.73
22,3,8,1000,0.3772,-1140.78
22,3,9,1000,0.3696,-1521.83
22,3,10,1000,0.3538,-2311.36
22,3,11,1000,0.3283,-3584.62
22,3,12,1000,0.3538,-2309.81
22,3,13,1000,0.3904,-480.78
22,3,14,1000,0.3982,-89.76
22,3,15,1000,0.363,-1848.53
22,3,16,1000,0.3432,-2842.15
22,3,17,1000,0.3556,-2222.34
22,3,18,1000,0.3445,-2773.59
22,3,19,1000,0.2921,-5394.24
22,3,20,1000,0.247,-7650.87
22,3,21,1000,0.243,-7849.02
22,3,22,1000,0.2374,-8130.31
22,3,23,1000,0.2162,-9191.94
22,3,24,1000,0.1895,-10522.64
22,4,0,1000,0.1827,-10864.68
22,4,1,1000,0.2116,-9420.98
22,4,2,1000,0.2189,-9052.7
22,4,3,1000,0.2401,-7996.95
22,4,4,1000,0.2702,-6490.08
22,4,5,1000,0.2735,-6327.22
22,4,6,1000,0.2953,-5236.83
22,4,7,1000,0.3439,-2806.29
22,4,8,1000,0.3763,-1183.5
22,4,9,1000,0.3684,-1581.15
22,4,10,1000,0.3605,-1974.28
22,4,11,1000,0.3624,-1878.66
22,4,12,1000,0.4047,234.71
22,4,13,1000,0.4396,1978.49
22,4,14,1000,0.4705,3525.85
22,4,15,1000,0.4606,3032.16
22,4,16,1000,0.4352,1759.24
22,4,17,1000,0.4074,367.73
22,4,18,1000,0.3574,-2130.91
22,4,19,1000,0.3043,-4784.93
22,4,20,1000,0.2644,-6777.88
22,4,21,1000,0.2568,-7157.93
22,4,22,1000,0.2451,-7744.13
22,4,23,1000,0.2295,-8525.37
22,4,24,1000,0.2182,-9090.77
22,5,0,1000,0.2066,-9669.33
22,5,1,1000,0.2401,-7994.01
22,5,2,1000,0.2611,-6946.04
22,5,3,1000,0.2822,-5887.91
22,5,4,1000,0.3002,-4989.05
22,5,5,1000,0.29,-5498.81
22,5,6,1000,0.3111,-4444.11
22,5,7,1000,0.3559,-2206.44
22,5,8,1000,0.3746,-1270.75
22,5,9,1000,0.381,-951.14
22,5,10,1000,0.4074,368.62
22,5,11,1000,0.448,2401.1
22,5,12,1000,0.4673,3364.94
22,5,13,1000,0.4664,3322.06
22,5,14,1000,0.5104,5518.25
22,5,15,1000,0.5363,6814.53
22,5,16,1000,0.4969,4843.43
22,5,17,1000,0.4071,354.7
22,5,18,1000,0.3395,-3025.11
22,5,19,1000,0.3266,-3668.97
22,5,20,1000,0.3298,-3511.69
22,5,21,1000,0.314,-4299.18
22,5,22,1000,0.2754,-6230.68
22,5,23,1000,0.2499,-7503.47
22,5,24,1000,0.2391,-8045.32
22,6,0,1000,0.2196,-9020.74
22,6,1,1000,0.2562,-7188.23
22,6,2,1000,0.2859,-5704.5
22,6,3,1000,0.3069,-4654.82
22,6,4,1000,0.3231,-3847.41
22,6,5,1000,0.3318,-3409.46
22,6,6,1000,0.3731,-1347.01
22,6,7,1000,0.4208,1039.22
22,6,8,1000,0.4367,1833.79
22,6,9,1000,0.4584,2919.63
22,6,10,1000,0.5091,5454.43
22,6,11,1000,0.5536,7678.82
22,6,12,1000,0.534,6700.76
22,6,13,1000,0.5035,5174.14
22,6,14,1000,0.5192,5958.6
22,6,15,1000,0.5298,6490.4
22,6,16,1000,0.479,3950.7
22,6,17,1000,0.3937,-313.56
22,6,18,1000,0.3739,-1306.06
22,6,19,1000,0.3951,-242.76
22,6,20,1000,0.4101,504.84
22,6,21,1000,0.3639,-1802.78
22,6,22,1000,0.3005,-4974.13
22,6,23,1000,0.2642,-6791.68
22,6,24,1000,0.2466,-7672.15
22,7,0,1000,0.2174,-9131.86
22,7,1,1000,0.2534,-7329.7
22,7,2,1000,0.2845,-5774.44
22,7,3,1000,0.3086,-4570.27
22,7,4,1000,0.3326,-3370.3
22,7,5,1000,0.3667,-1666.44
22,7,6,1000,0.4274,1370.22
22,7,7,1000,0.4822,4111.58
22,7,8,1000,0.5032,5160.72
22,7,9,1000,0.5323,6615.83
22,7,10,1000,0.5905,9523.14
22,7,11,1000,0.6288,11442.33
22,7,12,1000,0.602,10100.86
22,7,13,1000,0.5718,8591.89
22,7,14,1000,0.5492,7458.56
22,7,15,1000,0.5144,5719.46
22,7,16,1000,0.4602,3010.9
22,7,17,1000,0.4188,940.52
22,7,18,1000,0.4521,2607.38
22,7,19,1000,0.4749,3745.4
22,7,20,1000,0.4617,3083.37
22,7,21,1000,0.3798,-1011.2
22,7,22,1000,0.3087,-4565.56
22,7,23,1000,0.2712,-6440.25
22,7,24,1000,0.2528,-7357.64
22,8,0,1000,0.2232,-8841.69
22,8,1,1000,0.2547,-7262.64
22,8,2,1000,0.3019,-4907.15
22,8,3,1000,0.3515,-2424.28
22,8,4,1000,0.3867,-664.46
22,8,5,1000,0.3978,-109.97
22,8,6,1000,0.4379,1893.02
22,8,7,1000,0.4937,4686.32
22,8,8,1000,0.5094,5467.82
22,8,9,1000,0.5466,7327.86
22,8,10,1000,0.6182,10910.95
22,8,11,1000,0.6547,12734.17
22,8,12,1000,0.6517,12582.71
22,8,13,1000,0.6603,13014.04
22,8,14,1000,0.6123,10615.54
22,8,15,1000,0.5248,6237.51
22,8,16,1000,0.4807,4033.95
22,8,17,1000,0.4864,4320.92
22,8,18,1000,0.5326,6631.84
22,8,19,1000,0.5257,6285.0
22,8,20,1000,0.473,3648.28
22,8,21,1000,0.3861,-697.3
22,8,22,1000,0.333,-3352.33
22,8,23,1000,0.2881,-5594.3
22,8,24,1000,0.2496,-7519.39
22,9,0,1000,0.2427,-7863.35
22,9,1,1000,0.2671,-6645.85
22,9,2,1000,0.3096,-4519.51
22,9,3,1000,0.3697,-1514.23
22,9,4,1000,0.4156,779.23
22,9,5,1000,0.4212,1059.34
22,9,6,1000,0.4536,2679.0
22,9,7,1000,0.51,5498.04
22,9,8,1000,0.5141,5704.26
22,9,9,1000,0.5522,7609.04
22,9,10,1000,0.6319,11596.89
22,9,11,1000,0.6423,12117.49
22,9,12,1000,0.6362,11812.46
22,9,13,1000,0.6801,14003.21
22,9,14,1000,0.674,13701.12
22,9,15,1000,0.6094,10469.95
22,9,16,1000,0.5754,8768.81
22,9,17,1000,0.5548,7738.18
22,9,18,1000,0.5325,6626.26
22,9,19,1000,0.4938,4688.77
22,9,20,1000,0.4373,1864.64
22,9,21,1000,0.3851,-742.71
22,9,22,1000,0.3548,-2259.27
22,9,23,1000,0.306,-4700.13
22,9,24,1000,0.2555,-7226.26
22,10,0,1000,0.2555,-7223.17
22,10,1,1000,0.2768,-6159.06
22,10,2,1000,0.2998,-5009.22
22,10,3,1000,0.3487,-2562.74
22,10,4,1000,0.4037,187.07
22,10,5,1000,0.4499,2497.17
22,10,6,1000,0.5079,5393.15
22,10,7,1000,0.5654,8271.68
22,10,8,1000,0.5667,8333.4
22,10,9,1000,0.6046,10229.0
22,10,10,1000,0.6821,14103.55
22,10,11,1000,0.6567,12835.73
22,10,12,1000,0.6193,10963.26
22,10,13,1000,0.6664,13319.8
22,10,14,1000,0.7062,15311.39
22,10,15,1000,0.6855,14272.55
22,10,16,1000,0.6491,12452.64
22,10,17,1000,0.5883,9416.9
22,10,18,1000,0.5189,5944.32
22,10,19,1000,0.4721,3605.96
22,10,20,1000,0.4208,1040.14
22,10,21,1000,0.3787,-1066.2
22,10,22,1000,0.3516,-2418.88
22,10,23,1000,0.3097,-4515.27
22,10,24,1000,0.2715,-6426.98
22,11,0,1000,0.2661,-6696.97
22,11,1,1000,0.3053,-4737.39
22,11,2,1000,0.3331,-3345.84
22,11,3,1000,0.3784,-1077.92
22,11,4,1000,0.4463,2316.74
22,11,5,1000,0.5146,5732.49
22,11,6,1000,0.5537,7683.37
22,11,7,1000,0.5808,9038.21
22,11,8,1000,0.5976,9881.0
22,11,9,1000,0.6499,12496.94
22,11,10,1000,0.7,14999.25
22,11,11,1000,0.6766,13832.18
22,11,12,1000,0.6595,12975.44
22,11,13,1000,0.7011,15053.39
22,11,14,1000,0.7669,18345.38
22,11,15,1000,0.7621,18107.32
22,11,16,1000,0.7025,15124.36
22,11,17,1000,0.627,11349.4
22,11,18,1000,0.5624,8122.15
22,11,19,1000,0.5111,5556.74
22,11,20,1000,0.4342,1709.25
22,11,21,1000,0.362,-1900.18
22,11,22,1000,0.331,-3450.9
22,11,23,1000,0.3095,-4523.26
22,11,24,1000,0.3013,-4934.01
22,12,0,1000,0.267,-6649.42
22,12,1,1000,0.3221,-3893.98
22,12,2,1000,0.3553,-2235.26
22,12,3,1000,0.3971,-143.19
22,12,4,1000,0.4706,3531.73
22,12,5,1000,0.5357,6786.33
22,12,6,1000,0.5393,6965.71
22,12,7,1000,0.5353,6766.02
22,12,8,1000,0.579,8948.35
22,12,9,1000,0.6542,12709.15
22,12,10,1000,0.6792,13958.15
22,12,11,1000,0.6794,13968.43
22,12,12,1000,0.702,15097.69
22,12,13,1000,0.7357,16786.99
22,12,14,1000,0.779,18950.32
22,12,15,1000,0.741,17050.56
22,12,16,1000,0.6597,12985.78
22,12,17,1000,0.6036,10182.22
22,12,18,1000,0.5833,9163.36
22,12,19,1000,0.5357,6784.8
22,12,20,1000,0.4574,2868.06
22,12,21,1000,0.3895,-523.6
22,12,22,1000,0.3579,-2106.43
22,12,23,1000,0.3284,-3580.48
22,12,24,1000,0.3021,-4893.99
22,13,0,1000,0.2641,-6795.76
22,13,1,1000,0.3133,-4337.21
22,13,2,1000,0.325,-3748.28
22,13,3,1000,0.353,-2348.97
22,13,4,1000,0.426,1299.77
22,13,5,1000,0.5035,5173.79
22,13,6,1000,0.5127,5634.85
22,13,7,1000,0.5068,5339.6
22,13,8,1000,0.5613,8067.03
22,13,9,1000,0.6465,12326.56
22,13,10,1000,0.6695,13476.49
22,13,11,1000,0.6559,12795.65
22,13,12,1000,0.666,13300.61
22,13,13,1000,0.6977,14885.16
22,13,14,1000,0.7283,16414.7
22,13,15,1000,0.6773,13864.76
22,13,16,1000,0.5968,9841.43
22,13,17,1000,0.5465,7327.28
22,13,18,1000,0.5344,6722.14
22,13,19,1000,0.493,4648.31
22,13,20,1000,0.4477,2386.41
22,13,21,1000,0.4241,1204.01
22,13,22,1000,0.3971,-146.6
22,13,23,1000,0.3439,-2805.47
22,13,24,1000,0.2788,-6057.59
22,14,0,1000,0.2642,-6791.88
22,14,1,1000,0.2992,-5039.08
22,14,2,1000,0.2861,-5697.2
22,14,3,1000,0.3062,-4688.55
22,14,4,1000,0.3817,-915.29
22,14,5,1000,0.4687,3436.17
22,14,6,1000,0.4901,4507.45
22,14,7,1000,0.4912,4560.21
22,14,8,1000,0.5408,7039.6
22,14,9,1000,0.6347,11734.89
22,14,10,1000,0.6765,13826.69
22,14,11,1000,0.6309,11546.36
22,14,12,1000,0.5969,9842.93
22,14,13,1000,0.6307,11534.36
22,14,14,1000,0.6498,12492.15
22,14,15,1000,0.5928,9641.21
22,14,16,1000,0.5282,6410.14
22,14,17,1000,0.5026,5130.43
22,14,18,1000,0.5207,6033.88
22,14,19,1000,0.4993,4963.24
22,14,20,1000,0.4677,3384.61
22,14,21,1000,0.4233,1164.9
22,14,22,1000,0.3714,-1430.38
22,14,23,1000,0.3125,-4372.52
22,14,24,1000,0.2584,-7078.25
22,15,0,1000,0.2603,-6986.33
22,15,1,1000,0.2917,-5412.6
22,15,2,1000,0.2937,-5314.47
22,15,3,1000,0.332,-3402.42
22,15,4,1000,0.41,497.58
22,15,5,1000,0.4781,3905.44
22,15,6,1000,0.4942,4710.01
22,15,7,1000,0.5006,5028.1
22,15,8,1000,0.5197,5983.82
22,15,9,1000,0.6013,10065.99
22,15,10,1000,0.6673,13363.01
22,15,11,1000,0.6422,12108.4
22,15,12,1000,0.612,10598.44
22,15,13,1000,0.6519,12594.16
22,15,14,1000,0.6659,13296.65
22,15,15,1000,0.6096,10478.8
22,15,16,1000,0.5574,7870.72
22,15,17,1000,0.5217,6087.13
22,15,18,1000,0.5277,6384.19
22,15,19,1000,0.5194,5968.5
22,15,20,1000,0.4945,4724.62
22,15,21,1000,0.4168,839.1
22,15,22,1000,0.3366,-3170.51
22,15,23,1000,0.2868,-5659.33
22,15,24,1000,0.2717,-6413.85
22,16,0,1000,0.2473,-7635.69
22,16,1,1000,0.2834,-5830.07
22,16,2,1000,0.3098,-4507.54
22,16,3,1000,0.3626,-1870.05
22,16,4,1000,0.4369,1845.84
22,16,5,1000,0.4832,4160.3
22,16,6,1000,0.4867,4333.02
22,16,7,1000,0.4909,4545.05
22,16,8,1000,0.4911,4556.05
22,16,9,1000,0.555,7750.67
22,16,10,1000,0.6227,11136.74
22,16,11,1000,0.64,12000.04
22,16,12,1000,0.6487,12434.03
22,16,13,1000,0.6901,14505.65
22,16,14,1000,0.7032,15159.69
22,16,15,1000,0.6486,12432.09
22,16,16,1000,0.5962,9808.9
22,16,17,1000,0.5251,6255.04
22,16,18,1000,0.4857,4286.24
22,16,19,1000,0.4742,3708.56
22,16,20,1000,0.4749,3744.37
22,16,21,1000,0.432,1602.46
22,16,22,1000,0.3577,-2112.57
22,16,23,1000,0.3038,-4811.63
22,16,24,1000,0.2825,-5875.25
22,17,0,1000,0.2233,-8837.48
22,17,1,1000,0.2657,-6714.33
22,17,2,1000,0.3235,-3825.14
22,17,3,1000,0.3843,-783.47
22,17,4,1000,0.4392,1958.06
22,17,5,1000,0.4495,2474.93
22,17,6,1000,0.4366,1829.9
22,17,7,1000,0.4446,2231.9
22,17,8,1000,0.4696,3480.77
22,17,9,1000,0.5293,6464.89
22,17,10,1000,0.572,8599.14
22,17,11,1000,0.5899,9493.14
22,17,12,1000,0.6126,10631.94
22,17,13,1000,0.6485,12422.79
22,17,14,1000,0.6815,14073.97
22,17,15,1000,0.6469,12343.63
22,17,16,1000,0.5868,9342.45
22,17,17,1000,0.5135,5677.24
22,17,18,1000,0.461,3051.83
22,17,19,1000,0.4273,1363.9
22,17,20,1000,0.4034,169.95
22,17,21,1000,0.3799,-1003.22
22,17,22,1000,0.342,-2901.28
22,17,23,1000,0.3095,-4523.42
22,17,24,1000,0.2866,-5669.24
22,18,0,1000,0.215,-9248.03
22,18,1,1000,0.2537,-7313.22
22,18,2,1000,0.3038,-4809.06
22,18,3,1000,0.3464,-2679.28
22,18,4,1000,0.3827,-864.11
22,18,5,1000,0.398,-98.68
22,18,6,1000,0.3988,-58.34
22,18,7,1000,0.4133,664.09
22,18,8,1000,0.4649,3243.09
22,18,9,1000,0.5167,5832.88
22,18,10,1000,0.5266,6329.33
22,18,11,1000,0.5176,5880.58
22,18,12,1000,0.5317,6582.97
22,18,13,1000,0.5578,7892.33
22,18,14,1000,0.6004,10020.91
22,18,15,1000,0.5748,8739.38
22,18,16,1000,0.508,5397.94
22,18,17,1000,0.477,3847.89
22,18,18,1000,0.4637,3183.31
22,18,19,1000,0.4086,430.72
22,18,20,1000,0.3324,-3378.07
22,18,21,1000,0.3021,-4896.5
22,18,22,1000,0.3038,-4809.23
22,18,23,1000,0.2971,-5142.81
22,18,24,1000,0.2682,-6589.67
22,19,0,1000,0.219,-9051.82
22,19,1,1000,0.249,-7550.18
22,19,2,1000,0.2711,-6446.62
22,19,3,1000,0.2939,-5303.73
22,19,4,1000,0.3296,-3518.15
22,19,5,1000,0.3769,-1156.93
22,19,6,1000,0.4017,86.52
22,19,7,1000,0.4146,729.28
22,19,8,1000,0.4457,2286.37
22,19,9,1000,0.4755,3773.77
22,19,10,1000,0.4799,3993.85
22,19,11,1000,0.4819,4093.49
22,19,12,1000,0.5071,5356.11
22,19,13,1000,0.5297,6486.95
22,19,14,1000,0.5551,7754.85
22,19,15,1000,0.5161,5807.08
22,19,16,1000,0.4521,2607.49
22,19,17,1000,0.4356,1782.36
22,19,18,1000,0.4365,1823.14
22,19,19,1000,0.3835,-824.18
22,19,20,1000,0.3128,-4362.16
22,19,21,1000,0.296,-5197.97
22,19,22,1000,0.3054,-4732.04
22,19,23,1000,0.292,-5401.42
22,19,24,1000,0.2442,-7788.38
22,20,0,1000,0.2041,-9796.97
22,20,1,1000,0.2293,-8535.45
22,20,2,1000,0.2458,-7710.52
22,20,3,1000,0.2646,-6768.7
22,20,4,1000,0.3014,-4930.04
22,20,5,1000,0.3706,-1470.03
22,20,6,1000,0.4163,813.7
22,20,7,1000,0.4316,1581.38
22,20,8,1000,0.4353,1765.78
22,20,9,1000,0.4397,1986.08
22,20,10,1000,0.4471,2355.5
22,20,11,1000,0.4729,3646.53
22,20,12,1000,0.5108,5540.04
22,20,13,1000,0.5253,6264.33
22,20,14,1000,0.5331,6657.31
22,20,15,1000,0.4916,4582.24
22,20,16,1000,0.4368,1839.16
22,20,17,1000,0.4185,926.57
22,20,18,1000,0.4147,735.73
22,20,19,1000,0.3694,-1531.59
22,20,20,1000,0.3115,-4426.91
22,20,21,1000,0.2935,-5324.38
22,20,22,1000,0.293,-5350.12
22,20,23,1000,0.2657,-6715.99
22,20,24,1000,0.2097,-9513.5
22,21,0,1000,0.1791,-11046.77
22,21,1,1000,0.2033,-9837.25
22,21,2,1000,0.2316,-8419.42
22,21,3,1000,0.257,-7152.2
22,21,4,1000,0.2862,-5688.24
22,21,5,1000,0.3337,-3314.09
22,21,6,1000,0.3724,-1381.25
22,21,7,1000,0.3939,-306.89
22,21,8,1000,0.3996,-19.8
22,21,9,1000,0.4012,60.33
22,21,10,1000,0.4107,534.52
22,21,11,1000,0.4362,1811.48
22,21,12,1000,0.461,3048.17
22,21,13,1000,0.4637,3185.4
22,21,14,1000,0.4695,3475.16
22,21,15,1000,0.4472,2361.31
22,21,16,1000,0.4066,330.45
22,21,17,1000,0.3878,-610.13
22,21,18,1000,0.3804,-977.88
22,21,19,1000,0.3454,-2730.89
22,21,20,1000,0.2991,-5042.6
22,21,21,1000,0.2709,-6455.29
22,21,22,1000,0.2558,-7207.65
22,21,23,1000,0.2247,-8764.21
22,21,24,1000,0.1867,-10665.8
22,22,0,1000,0.1744,-11281.44
22,22,1,1000,0.1944,-10279.33
22,22,2,1000,0.2132,-9339.32
22,22,3,1000,0.2323,-8382.67
22,22,4,1000,0.2534,-7332.5
22,22,5,1000,0.2762,-6188.48
22,22,6,1000,0.2985,-5074.66
22,22,7,1000,0.3188,-4057.98
22,22,8,1000,0.3369,-3154.24
22,22,9,1000,0.3476,-2620.94
22,22,10,1000,0.3549,-2257.5
22,22,11,1000,0.3659,-1706.85
22,22,12,1000,0.3748,-1262.4
22,22,13,1000,0.3742,-1287.88
22,22,14,1000,0.3817,-913.85
22,22,15,1000,0.3685,-1575.1
22,22,16,1000,0.3361,-3194.71
22,22,17,1000,0.3244,-3779.69
22,22,18,1000,0.3239,-3804.69
22,22,19,1000,0.2966,-5170.25
22,22,20,1000,0.2665,-6676.35
22,22,21,1000,0.2526,-7367.8
22,22,22,1000,0.2387,-8064.11
22,22,23,1000,0.2112,-9441.27
22,22,24,1000,0.1841,-10794.37
22,23,0,1000,0.1742,-11291.13
22,23,1,1000,0.1921,-10395.22
22,23,2,1000,0.2016,-9922.42
22,23,3,1000,0.2161,-9193.16
22,23,4,1000,0.2346,-8267.65
22,23,5,1000,0.2406,-7968.7
22,23,6,1000,0.2445,-7772.52
22,23,7,1000,0.2577,-7113.06
22,23,8,1000,0.2872,-5638.47
22,23,9,1000,0.3152,-4241.13
22,23,10,1000,0.3234,-3829.45
22,23,11,1000,0.3071,-4643.95
22,23,12,1000,0.2898,-5510.25
22,23,13,1000,0.2914,-5432.14
22,23,14,1000,0.3145,-4274.09
22,23,15,1000,0.3175,-4126.66
22,23,16,1000,0.2903,-5485.35
22,23,17,1000,0.2797,-6012.51
22,23,18,1000,0.2859,-5703.63
22,23,19,1000,0.2698,-6511.16
22,23,20,1000,0.2553,-7237.34
22,23,21,1000,0.2457,-7716.12
22,23,22,1000,0.2254,-8730.42
22,23,23,1000,0.1974,-10129.62
22,23,24,1000,0.1806,-10972.03
22,24,0,1000,0.1567,-12164.08
22,24,1,1000,0.1759,-11206.82
22,24,2,1000,0.1877,-10614.95
22,24,3,1000,0.2053,-9734.74
22,24,4,1000,0.229,-8551.9
22,24,5,1000,0.2373,-8133.03
22,24,6,1000,0.2314,-8430.45
22,24,7,1000,0.2323,-8385.85
22,24,8,1000,0.2548,-7259.81
22,24,9,1000,0.2924,-5381.78
22,24,10,1000,0.3077,-4616.05
22,24,11,1000,0.2834,-5828.53
22,24,12,1000,0.2564,-7178.75
22,24,13,1000,0.2631,-6844.97
22,24,14,1000,0.2955,-5226.83
22,24,15,1000,0.304,-4799.83
22,24,16,1000,0.2784,-6080.19
22,24,17,1000,0.2565,-7176.22
22,24,18,1000,0.2597,-7012.62
22,24,19,1000,0.258,-7102.25
22,24,20,1000,0.257,-7148.89
22,24,21,1000,0.2348,-8258.18
22,24,22,1000,0.1976,-10117.81
22,24,23,1000,0.1628,-11859.05
22,24,24,1000,0.1553,-12234.89
23,0,0,1000,0.1158,-14207.84
23,0,1,1000,0.1333,-13333.41
23,0,2,1000,0.1318,-13409.22
23,0,3,1000,0.1335,-13326.58
23,0,4,1000,0.1524,-12378.12
23,0,5,1000,0.1821,-10893.19
23,0,6,1000,0.1939,-10306.12
23,0,7,1000,0.1989,-10055.8
23,0,8,1000,0.2257,-8716.27
23,0,9,1000,0.2393,-8032.52
23,0,10,1000,0.232,-8398.17
23,0,11,1000,0.2447,-7766.07
23,0,12,1000,0.2553,-7236.33
23,0,13,1000,0.2395,-8023.89
23,0,14,1000,0.2141,-9297.16
23,0,15,1000,0.2227,-8862.9
23,0,16,1000,0.2411,-7946.23
23,0,17,1000,0.2372,-8138.12
23,0,18,1000,0.2193,-9034.56
23,0,19,1000,0.2185,-9075.46
23,0,20,1000,0.2238,-8807.89
23,0,21,1000,0.2035,-9826.08
23,0,22,1000,0.1709,-11453.33
23,0,23,1000,0.1385,-13072.66
23,0,24,1000,0.1218,-13909.8
23,1,0,1000,0.1374,-13130.62
23,1,1,1000,0.1547,-12265.43
23,1,2,1000,0.1469,-12653.59
23,1,3,1000,0.1479,-12605.59
23,1,4,1000,0.1708,-11461.61
23,1,5,1000,0.2053,-9733.26
23,1,6,1000,0.2234,-8830.16
23,1,7,1000,0.2359,-8205.59
23,1,8,1000,0.2721,-6394.23
23,1,9,1000,0.2901,-5494.12
23,1,10,1000,0.2819,-5903.63
23,1,11,1000,0.2789,-6053.94
23,1,12,1000,0.2802,-5987.76
23,1,13,1000,0.2693,-6536.43
23,1,14,1000,0.2461,-7695.88
23,1,15,1000,0.2495,-7527.42
23,1,16,1000,0.2644,-6779.51
23,1,17,1000,0.2673,-6636.82
23,1,18,1000,0.2555,-7222.63
23,1,19,1000,0.2489,-7554.34
23,1,20,1000,0.2446,-7768.7
23,1,21,1000,0.2202,-8988.51
23,1,22,1000,0.1886,-10571.51
23,1,23,1000,0.1584,-12081.65
23,1,24,1000,0.1432,-12839.39
23,2,0,1000,0.1543,-12285.19
23,2,1,1000,0.1733,-11335.84
23,2,2,1000,0.1745,-11277.21
23,2,3,1000,0.1885,-10576.61
23,2,4,1000,0.2141,-9292.95
23,2,5,1000,0.2289,-8557.37
23,2,6,1000,0.2457,-7716.83
23,2,7,1000,0.2768,-6159.15
23,2,8,1000,0.3206,-3972.13
23,2,9,1000,0.3357,-3214.95
23,2,10,1000,0.3266,-3669.3
23,2,11,1000,0.289,-5548.82
23,2,12,1000,0.2769,-6155.87
23,2,13,1000,0.2882,-5592.32
23,2,14,1000,0.2755,-6223.38
23,2,15,1000,0.2534,-7329.17
23,2,16,1000,0.252,-7400.76
23,2,17,1000,0.2724,-6379.8
23,2,18,1000,0.2786,-6071.77
23,2,19,1000,0.2542,-7288.79
23,2,20,1000,0.2314,-8431.32
23,2,21,1000,0.2205,-8974.62
23,2,22,1000,0.2059,-9704.79
23,2,23,1000,0.1837,-10814.58
23,2,24,1000,0.1627,-11863.12
23,3,0,1000,0.1596,-12019.85
23,3,1,1000,0.1794,-11031.01
23,3,2,1000,0.1842,-10788.25
23,3,3,1000,0.2049,-9754.52
23,3,4,1000,0.2323,-8385.38
23,3,5,1000,0.2353,-8234.79
23,3,6,1000,0.2509,-7453.44
23,3,7,1000,0.2931,-5343.81
23,3,8,1000,0.3425,-2875.24
23,3,9,1000,0.3562,-2190.62
23,3,10,1000,0.3472,-2642.18
23,3,11,1000,0.3005,-4973.85
23,3,12,1000,0.2917,-5416.78
23,3,13,1000,0.3177,-4116.99
23,3,14,1000,0.3203,-3984.32
23,3,15,1000,0.2933,-5334.2
23,3,16,1000,0.2824,-5880.57
23,3,17,1000,0.2979,-5105.76
23,3,18,1000,0.2944,-5278.59
23,3,19,1000,0.2562,-7192.36
23,3,20,1000,0.2233,-8833.62
23,3,21,1000,0.2211,-8943.0
23,3,22,1000,0.2159,-9205.32
23,3,23,1000,0.2013,-9937.03
23,3,24,1000,0.184,-10798.47
23,4,0,1000,0.1705,-11474.48
23,4,1,1000,0.1904,-10477.93
23,4,2,1000,0.1925,-10373.49
23,4,3,1000,0.2106,-9471.25
23,4,4,1000,0.2356,-8219.26
23,4,5,1000,0.2348,-8259.95
23,4,6,1000,0.2503,-7485.12
23,4,7,1000,0.2944,-5279.08
23,4,8,1000,0.3476,-2621.81
23,4,9,1000,0.3653,-1735.5
23,4,10,1000,0.3614,-1932.18
23,4,11,1000,0.3338,-3310.63
23,4,12,1000,0.3364,-3179.12
23,4,13,1000,0.3602,-1990.61
23,4,14,1000,0.3786,-1067.69
23,4,15,1000,0.371,-1449.58
23,4,16,1000,0.3572,-2138.67
23,4,17,1000,0.3443,-2786.73
23,4,18,1000,0.3127,-4366.16
23,4,19,1000,0.274,-6299.91
23,4,20,1000,0.2438,-7807.73
23,4,21,1000,0.2372,-8137.56
23,4,22,1000,0.2273,-8633.1
23,4,23,1000,0.2157,-9214.56
23,4,24,1000,0.2066,-9671.33
23,5,0,1000,0.1968,-10162.23
23,5,1,1000,0.2213,-8933.24
23,5,2,1000,0.2395,-8022.52
23,5,3,1000,0.2582,-7088.64
23,5,4,1000,0.2686,-6570.1
23,5,5,1000,0.2482,-7592.35
23,5,6,1000,0.2579,-7102.52
23,5,7,1000,0.2989,-5056.98
23,5,8,1000,0.3487,-2566.36
23,5,9,1000,0.3772,-1139.26
23,5,10,1000,0.3942,-289.69
23,5,11,1000,0.4152,762.45
23,5,12,1000,0.4225,1124.54
23,5,13,1000,0.4173,862.81
23,5,14,1000,0.4328,1637.79
23,5,15,1000,0.4452,2259.87
23,5,16,1000,0.4239,1194.33
23,5,17,1000,0.3708,-1459.52
23,5,18,1000,0.3302,-3487.6
23,5,19,1000,0.3212,-3939.93
23,5,20,1000,0.3126,-4368.75
23,5,21,1000,0.2863,-5686.12
23,5,22,1000,0.2557,-7212.81
23,5,23,1000,0.2348,-8259.95
23,5,24,1000,0.2163,-9185.9
23,6,0,1000,0.2092,-9538.45
23,6,1,1000,0.2383,-8083.4
23,6,2,1000,0.2726,-6368.73
23,6,3,1000,0.2949,-5252.77
23,6,4,1000,0.2994,-5030.58
23,6,5,1000,0.2802,-5988.35
23,6,6,1000,0.2971,-5147.11
23,6,7,1000,0.3402,-2987.91
23,6,8,1000,0.3973,-134.78
23,6,9,1000,0.4408,2041.65
23,6,10,1000,0.4731,3653.04
23,6,11,1000,0.5144,5719.8
23,6,12,1000,0.5117,5585.59
23,6,13,1000,0.4831,4156.87
23,6,14,1000,0.4684,3419.93
23,6,15,1000,0.4644,3220.17
23,6,16,1000,0.4361,1802.7
23,6,17,1000,0.3817,-915.65
23,6,18,1000,0.3683,-1583.77
23,6,19,1000,0.3832,-840.24
23,6,20,1000,0.3809,-954.89
23,6,21,1000,0.3295,-3526.94
23,6,22,1000,0.2815,-5923.23
23,6,23,1000,0.2519,-7406.24
23,6,24,1000,0.2233,-8837.19
23,7,0,1000,0.2025,-9875.2
23,7,1,1000,0.2329,-8353.38
23,7,2,1000,0.2748,-6262.27
23,7,3,1000,0.3038,-4810.82
23,7,4,1000,0.3141,-4293.15
23,7,5,1000,0.3076,-4620.1
23,7,6,1000,0.3345,-3273.42
23,7,7,1000,0.3843,-787.42
23,7,8,1000,0.4519,2593.98
23,7,9,1000,0.506,5300.85
23,7,10,1000,0.5445,7226.57
23,7,11,1000,0.5836,9181.14
23,7,12,1000,0.5766,8828.53
23,7,13,1000,0.5472,7359.64
23,7,14,1000,0.5038,5189.5
23,7,15,1000,0.4678,3390.94
23,7,16,1000,0.4372,1861.07
23,7,17,1000,0.4047,232.56
23,7,18,1000,0.4154,767.81
23,7,19,1000,0.4285,1427.09
23,7,20,1000,0.4117,585.11
23,7,21,1000,0.3445,-2777.41
23,7,22,1000,0.2931,-5346.69
23,7,23,1000,0.2626,-6868.04
23,7,24,1000,0.2344,-8280.33
23,8,0,1000,0.1896,-10518.98
23,8,1,1000,0.2198,-9011.14
23,8,2,1000,0.2782,-6092.05
23,8,3,1000,0.3327,-3363.88
23,8,4,1000,0.3602,-1990.87
23,8,5,1000,0.3473,-2636.18
23,8,6,1000,0.3663,-1686.17
23,8,7,1000,0.4186,930.26
23,8,8,1000,0.4596,2982.3
23,8,9,1000,0.5029,5143.37
23,8,10,1000,0.5554,7767.55
23,8,11,1000,0.5914,9568.93
23,8,12,1000,0.5907,9532.74
23,8,13,1000,0.5842,9209.22
23,8,14,1000,0.5287,6435.79
23,8,15,1000,0.4666,3327.7
23,8,16,1000,0.4456,2281.34
23,8,17,1000,0.4463,2315.02
23,8,18,1000,0.4563,2814.47
23,8,19,1000,0.4391,1952.52
23,8,20,1000,0.394,-300.68
23,8,21,1000,0.333,-3352.28
23,8,22,1000,0.2972,-5142.13
23,8,23,1000,0.2628,-6862.07
23,8,24,1000,0.2272,-8638.28
23,9,0,1000,0.1972,-10140.08
23,9,1,1000,0.2231,-8843.92
23,9,2,1000,0.2759,-6204.26
23,9,3,1000,0.3402,-2991.8
23,9,4,1000,0.3835,-824.87
23,9,5,1000,0.3806,-969.28
23,9,6,1000,0.4038,188.01
23,9,7,1000,0.4563,2814.03
23,9,8,1000,0.4572,2862.42
23,9,9,1000,0.4765,3823.44
23,9,10,1000,0.5371,6856.7
23,9,11,1000,0.5548,7739.51
23,9,12,1000,0.5447,7237.12
23,9,13,1000,0.5598,7988.62
23,9,14,1000,0.5457,7283.65
23,9,15,1000,0.5168,5840.77
23,9,16,1000,0.5065,5323.53
23,9,17,1000,0.4942,4707.59
23,9,18,1000,0.4545,2723.77
23,9,19,1000,0.4073,362.8
23,9,20,1000,0.351,-2449.87
23,9,21,1000,0.3106,-4471.76
23,9,22,1000,0.2914,-5428.53
23,9,23,1000,0.2575,-7122.61
23,9,24,1000,0.2224,-8880.08
23,10,0,1000,0.2121,-9393.34
23,10,1,1000,0.2351,-8243.65
23,10,2,1000,0.2711,-6445.82
23,10,3,1000,0.3263,-3686.47
23,10,4,1000,0.3765,-1177.17
23,10,5,1000,0.4028,138.43
23,10,6,1000,0.4446,2231.52
23,10,7,1000,0.4974,4871.39
23,10,8,1000,0.4883,4412.62
23,10,9,1000,0.4994,4968.72
23,10,10,1000,0.5568,7842.04
23,10,11,1000,0.5512,7560.18
23,10,12,1000,0.5221,6107.33
23,10,13,1000,0.5408,7037.72
23,10,14,1000,0.5686,8428.96
23,10,15,1000,0.5811,9052.63
23,10,16,1000,0.5702,8511.51
23,10,17,1000,0.5273,6364.5
23,10,18,1000,0.4513,2563.23
23,10,19,1000,0.3978,-110.02
23,10,20,1000,0.341,-2947.78
23,10,21,1000,0.3015,-4925.35
23,10,22,1000,0.284,-5799.16
23,10,23,1000,0.2574,-7129.2
23,10,24,1000,0.2342,-8290.31
23,11,0,1000,0.2372,-8141.66
23,11,1,1000,0.2696,-6517.71
23,11,2,1000,0.3052,-4740.26
23,11,3,1000,0.3557,-2215.01
23,11,4,1000,0.4089,444.21
23,11,5,1000,0.4351,1757.47
23,11,6,1000,0.4564,2819.85
23,11,7,1000,0.4922,4611.58
23,11,8,1000,0.5118,5588.69
23,11,9,1000,0.5383,6916.23
23,11,10,1000,0.567,8351.58
23,11,11,1000,0.5458,7291.14
23,11,12,1000,0.5313,6565.76
23,11,13,1000,0.5572,7860.01
23,11,14,1000,0.6216,11080.97
23,11,15,1000,0.6535,12675.33
23,11,16,1000,0.6243,11216.98
23,11,17,1000,0.5648,8238.41
23,11,18,1000,0.4964,4822.02
23,11,19,1000,0.4496,2478.54
23,11,20,1000,0.3796,-1019.63
23,11,21,1000,0.3156,-4219.39
23,11,22,1000,0.2939,-5305.96
23,11,23,1000,0.28,-6001.25
23,11,24,1000,0.2691,-6546.44
23,12,0,1000,0.2569,-7156.2
23,12,1,1000,0.298,-5099.03
23,12,2,1000,0.334,-3300.23
23,12,3,1000,0.3803,-987.15
23,12,4,1000,0.4318,1589.58
23,12,5,1000,0.4404,2020.24
23,12,6,1000,0.4295,1477.43
23,12,7,1000,0.4496,2478.16
23,12,8,1000,0.5141,5706.84
23,12,9,1000,0.5698,8491.75
23,12,10,1000,0.5723,8615.26
23,12,11,1000,0.5412,7059.66
23,12,12,1000,0.5447,7234.3
23,12,13,1000,0.5747,8737.2
23,12,14,1000,0.6373,11865.18
23,12,15,1000,0.6497,12484.84
23,12,16,1000,0.6029,10143.82
23,12,17,1000,0.5508,7538.67
23,12,18,1000,0.5175,5873.54
23,12,19,1000,0.4829,4144.37
23,12,20,1000,0.4201,1004.24
23,12,21,1000,0.3614,-1930.65
23,12,22,1000,0.3389,-3057.44
23,12,23,1000,0.3184,-4078.8
23,12,24,1000,0.2881,-5596.25
23,13,0,1000,0.2622,-6888.66
23,13,1,1000,0.299,-5047.89
23,13,2,1000,0.3174,-4128.41
23,13,3,1000,0.3525,-2377.12
23,13,4,1000,0.4037,186.18
23,13,5,1000,0.4221,1104.6
23,13,6,1000,0.4161,806.4
23,13,7,1000,0.4354,1770.85
23,13,8,1000,0.5101,5507.13
23,13,9,1000,0.5748,8740.69
23,13,10,1000,0.575,8748.83
23,13,11,1000,0.5249,6242.96
23,13,12,1000,0.5117,5583.99
23,13,13,1000,0.5406,7028.73
23,13,14,1000,0.5984,9917.62
23,13,15,1000,0.6045,10224.74
23,13,16,1000,0.5575,7873.06
23,13,17,1000,0.5076,5381.51
23,13,18,1000,0.4791,3956.7
23,13,19,1000,0.4489,2447.05
23,13,20,1000,0.4094,468.93
23,13,21,1000,0.382,-901.05
23,13,22,1000,0.3633,-1832.9
23,13,23,1000,0.3297,-3514.35
23,13,24,1000,0.2775,-6123.05
23,14,0,1000,0.2557,-7214.7
23,14,1,1000,0.2853,-5735.32
23,14,2,1000,0.288,-5601.91
23,14,3,1000,0.3127,-4366.09
23,14,4,1000,0.3653,-1733.29
23,14,5,1000,0.4111,554.71
23,14,6,1000,0.4261,1304.93
23,14,7,1000,0.4415,2077.37
23,14,8,1000,0.4878,4392.12
23,14,9,1000,0.5459,7294.84
23,14,10,1000,0.5622,8111.14
23,14,11,1000,0.5021,5106.9
23,14,12,1000,0.4658,3288.42
23,14,13,1000,0.4944,4720.71
23,14,14,1000,0.5324,6622.41
23,14,15,1000,0.5134,5668.02
23,14,16,1000,0.4668,3342.29
23,14,17,1000,0.4499,2496.31
23,14,18,1000,0.4655,3274.94
23,14,19,1000,0.446,2299.09
23,14,20,1000,0.4054,271.09
23,14,21,1000,0.3581,-2094.2
23,14,22,1000,0.323,-3850.43
23,14,23,1000,0.2907,-5463.03
23,14,24,1000,0.2564,-7179.36
23,15,0,1000,0.241,-7949.43
23,15,1,1000,0.2708,-6460.85
23,15,2,1000,0.2864,-5678.73
23,15,3,1000,0.3183,-4083.05
23,15,4,1000,0.3719,-1406.3
23,15,5,1000,0.4272,1360.8
23,15,6,1000,0.452,2601.12
23,15,7,1000,0.46,2998.21
23,15,8,1000,0.4502,2511.52
23,15,9,1000,0.48,3998.83
23,15,10,1000,0.5179,5896.14
23,15,11,1000,0.5049,5246.76
23,15,12,1000,0.4974,4872.32
23,15,13,1000,0.5291,6457.14
23,15,14,1000,0.5419,7094.54
23,15,15,1000,0.4911,4553.06
23,15,16,1000,0.4413,2062.55
23,15,17,1000,0.4367,1833.63
23,15,18,1000,0.4713,3565.98
23,15,19,1000,0.4576,2877.74
23,15,20,1000,0.4097,483.62
23,15,21,1000,0.3322,-3391.47
23,15,22,1000,0.2776,-6121.77
23,15,23,1000,0.2542,-7291.67
23,15,24,1000,0.2528,-7362.36
23,16,0,1000,0.2319,-8403.62
23,16,1,1000,0.2647,-6767.35
23,16,2,1000,0.2952,-5241.4
23,16,3,1000,0.3352,-3240.59
23,16,4,1000,0.3861,-694.63
23,16,5,1000,0.4293,1467.2
23,16,6,1000,0.4469,2342.69
23,16,7,1000,0.4509,2543.06
23,16,8,1000,0.4195,976.88
23,16,9,1000,0.4318,1591.15
23,16,10,1000,0.473,3648.09
23,16,11,1000,0.5037,5183.04
23,16,12,1000,0.5355,6776.28
23,16,13,1000,0.5686,8430.62
23,16,14,1000,0.5736,8677.74
23,16,15,1000,0.5158,5792.43
23,16,16,1000,0.4646,3229.12
23,16,17,1000,0.4363,1815.01
23,16,18,1000,0.4406,2029.73
23,16,19,1000,0.4244,1218.82
23,16,20,1000,0.3937,-315.05
23,16,21,1000,0.3399,-3005.29
23,16,22,1000,0.2893,-5537.48
23,16,23,1000,0.2626,-6867.96
23,16,24,1000,0.2569,-7153.68
23,17,0,1000,0.2196,-9018.19
23,17,1,1000,0.2555,-7226.52
23,17,2,1000,0.305,-4748.08
23,17,3,1000,0.35,-2501.17
23,17,4,1000,0.3861,-695.58
23,17,5,1000,0.3945,-275.96
23,17,6,1000,0.3903,-483.42
23,17,7,1000,0.3954,-229.0
23,17,8,1000,0.4011,56.67
23,17,9,1000,0.4323,1615.78
23,17,10,1000,0.459,2948.03
23,17,11,1000,0.4718,3590.29
23,17,12,1000,0.4962,4809.87
23,17,13,1000,0.5272,6360.1
23,17,14,1000,0.5494,7467.87
23,17,15,1000,0.5134,5670.79
23,17,16,1000,0.4646,3228.95
23,17,17,1000,0.4267,1334.86
23,17,18,1000,0.4096,480.39
23,17,19,1000,0.3825,-874.27
23,17,20,1000,0.3433,-2835.63
23,17,21,1000,0.3057,-4716.4
23,17,22,1000,0.2792,-6040.19
23,17,23,1000,0.2624,-6879.62
23,17,24,1000,0.2494,-7531.6
23,18,0,1000,0.2132,-9341.25
23,18,1,1000,0.2443,-7785.82
23,18,2,1000,0.2858,-5711.63
23,18,3,1000,0.3174,-4128.81
23,18,4,1000,0.3382,-3087.84
23,18,5,1000,0.3355,-3227.17
23,18,6,1000,0.3261,-3695.28
23,18,7,1000,0.3351,-3243.06
23,18,8,1000,0.3966,-169.0
23,18,9,1000,0.4593,2963.81
23,18,10,1000,0.4662,3312.41
23,18,11,1000,0.4295,1473.9
23,18,12,1000,0.4189,943.91
23,18,13,1000,0.445,2249.12
23,18,14,1000,0.4806,4032.05
23,18,15,1000,0.4635,3173.29
23,18,16,1000,0.4194,971.77
23,18,17,1000,0.4024,118.49
23,18,18,1000,0.3992,-37.92
23,18,19,1000,0.3629,-1854.17
23,18,20,1000,0.2955,-5225.54
23,18,21,1000,0.2531,-7345.7
23,18,22,1000,0.2523,-7385.2
23,18,23,1000,0.247,-7651.28
23,18,24,1000,0.2217,-8916.4
23,19,0,1000,0.2099,-9503.24
23,19,1,1000,0.2336,-8318.55
23,19,2,1000,0.2531,-7346.81
23,19,3,1000,0.2696,-6520.55
23,19,4,1000,0.2892,-5538.2
23,19,5,1000,0.3063,-4684.52
23,19,6,1000,0.3111,-4444.77
23,19,7,1000,0.3194,-4030.79
23,19,8,1000,0.3765,-1174.33
23,19,9,1000,0.4325,1624.32
23,19,10,1000,0.4368,1841.49
23,19,11,1000,0.4091,453.49
23,19,12,1000,0.407,349.58
23,19,13,1000,0.4305,1525.2
23,19,14,1000,0.4524,2618.37
23,19,15,1000,0.4249,1243.35
23,19,16,1000,0.3835,-825.65
23,19,17,1000,0.3757,-1214.42
23,19,18,1000,0.381,-948.32
23,19,19,1000,0.3466,-2670.37
23,19,20,1000,0.2823,-5886.66
23,19,21,1000,0.2468,-7660.2
23,19,22,1000,0.2504,-7479.7
23,19,23,1000,0.2395,-8026.37
23,19,24,1000,0.1999,-10005.88
23,20,0,1000,0.1939,-10304.95
23,20,1,1000,0.2159,-9203.95
23,20,2,1000,0.231,-8449.56
23,20,3,1000,0.2445,-7774.01
23,20,4,1000,0.2676,-6618.47
23,20,5,1000,0.308,-4598.46
23,20,6,1000,0.3349,-3255.38
23,20,7,1000,0.3448,-2759.18
23,20,8,1000,0.3586,-2070.76
23,20,9,1000,0.3775,-1123.78
23,20,10,1000,0.3879,-603.96
23,20,11,1000,0.4004,17.8
23,20,12,1000,0.4235,1175.04
23,20,13,1000,0.4383,1915.04
23,20,14,1000,0.433,1652.0
23,20,15,1000,0.3917,-412.92
23,20,16,1000,0.3573,-2134.76
23,20,17,1000,0.36,-2001.92
23,20,18,1000,0.3733,-1334.21
23,20,19,1000,0.3434,-2830.05
23,20,20,1000,0.2883,-5584.42
23,20,21,1000,0.2525,-7376.8
23,20,22,1000,0.246,-7701.68
23,20,23,1000,0.2242,-8790.34
23,20,24,1000,0.1814,-10931.29
23,21,0,1000,0.1712,-11439.4
23,21,1,1000,0.1963,-10187.08
23,21,2,1000,0.2219,-8904.31
23,21,3,1000,0.2414,-7927.77
23,21,4,1000,0.265,-6749.03
23,21,5,1000,0.3074,-4629.92
23,21,6,1000,0.3446,-2768.87
23,21,7,1000,0.3582,-2089.55
23,21,8,1000,0.3283,-3585.16
23,21,9,1000,0.3096,-4520.58
23,21,10,1000,0.3268,-3658.65
23,21,11,1000,0.3696,-1520.1
23,21,12,1000,0.4039,195.99
23,21,13,1000,0.4063,314.68
23,21,14,1000,0.3819,-903.65
23,21,15,1000,0.3411,-2945.34
23,21,16,1000,0.3179,-4103.7
23,21,17,1000,0.3313,-3432.6
23,21,18,1000,0.3513,-2435.33
23,21,19,1000,0.327,-3648.99
23,21,20,1000,0.2863,-5682.95
23,21,21,1000,0.2523,-7386.33
23,21,22,1000,0.2322,-8390.2
23,21,23,1000,0.2062,-9690.46
23,21,24,1000,0.1806,-10968.42
23,22,0,1000,0.1624,-11880.3
23,22,1,1000,0.1847,-10765.14
23,22,2,1000,0.2039,-9804.17
23,22,3,1000,0.2193,-9035.88
23,22,4,1000,0.239,-8052.21
23,22,5,1000,0.2717,-6415.93
23,22,6,1000,0.3031,-4845.45
23,22,7,1000,0.3157,-4213.21
23,22,8,1000,0.2844,-5780.26
23,22,9,1000,0.2636,-6818.16
23,22,10,1000,0.28,-6000.52
23,22,11,1000,0.32,-3998.2
23,22,12,1000,0.3489,-2554.27
23,22,13,1000,0.3484,-2582.27
23,22,14,1000,0.3245,-3773.18
23,22,15,1000,0.29,-5499.52
23,22,16,1000,0.2719,-6403.71
23,22,17,1000,0.2851,-5743.46
23,22,18,1000,0.3031,-4844.07
23,22,19,1000,0.2831,-5847.32
23,22,20,1000,0.2583,-7083.4
23,22,21,1000,0.2414,-7928.64
23,22,22,1000,0.2229,-8857.36
23,22,23,1000,0.1996,-10019.7
23,22,24,1000,0.1835,-10823.52
23,23,0,1000,0.1625,-11872.73
23,23,1,1000,0.1798,-11011.09
23,23,2,1000,0.1882,-10588.01
23,23,3,1000,0.1997,-10013.36
23,23,4,1000,0.2176,-9122.35
23,23,5,1000,0.2356,-8219.54
23,23,6,1000,0.2504,-7479.21
23,23,7,1000,0.2584,-7079.07
23,23,8,1000,0.2468,-7661.41
23,23,9,1000,0.2454,-7727.91
23,23,10,1000,0.2595,-7025.81
23,23,11,1000,0.2754,-6231.35
23,23,12,1000,0.2831,-5843.02
23,23,13,1000,0.2841,-5794.8
23,23,14,1000,0.2831,-5845.03
23,23,15,1000,0.271,-6449.33
23,23,16,1000,0.2544,-7278.65
23,23,17,1000,0.2528,-7359.27
23,23,18,1000,0.2583,-7084.34
23,23,19,1000,0.2441,-7794.27
23,23,20,1000,0.2361,-8195.93
23,23,21,1000,0.232,-8401.6
23,23,22,1000,0.2124,-9380.12
23,23,23,1000,0.1886,-10569.95
23,23,24,1000,0.1774,-11128.66
23,24,0,1000,0.1559,-12203.76
23,24,1,1000,0.1679,-11605.89
23,24,2,1000,0.1702,-11490.66
23,24,3,1000,0.1827,-10865.79
23,24,4,1000,0.2034,-9832.28
23,24,5,1000,0.2138,-9307.6
23,24,6,1000,0.2123,-9382.88
23,24,7,1000,0.2125,-9377.19
23,24,8,1000,0.2179,-9105.79
23,24,9,1000,0.2376,-8121.32
23,24,10,1000,0.2514,-7428.84
23,24,11,1000,0.2495,-7526.41
23,24,12,1000,0.242,-7897.97
23,24,13,1000,0.2463,-7686.76
23,24,14,1000,0.2702,-6489.79
23,24,15,1000,0.2797,-6012.92
23,24,16,1000,0.2616,-6921.47
23,24,17,1000,0.2349,-8253.73
23,24,18,1000,0.2206,-8970.15
23,24,19,1000,0.2142,-9288.19
23,24,20,1000,0.2218,-8911.27
23,24,21,1000,0.2201,-8996.72
23,24,22,1000,0.1929,-10353.33
23,24,23,1000,0.1612,-11940.68
23,24,24,1000,0.1477,-12612.91
24,0,0,1000,0.1164,-14180.01
24,0,1,1000,0.1327,-13367.16
24,0,2,1000,0.1327,-13366.83
24,0,3,1000,0.1259,-13704.27
24,0,4,1000,0.1258,-13712.48
24,0,5,1000,0.1402,-12991.19
24,0,6,1000,0.1672,-11639.3
24,0,7,1000,0.1918,-10408.03
24,0,8,1000,0.2218,-8908.61
24,0,9,1000,0.2201,-8994.97
24,0,10,1000,0.2041,-9793.5
24,0,11,1000,0.1925,-10372.58
24,0,12,1000,0.2052,-9740.71
24,0,13,1000,0.2128,-9361.16
24,0,14,1000,0.204,-9802.02
24,0,15,1000,0.2039,-9802.74
24,0,16,1000,0.2178,-9111.63
24,0,17,1000,0.2246,-8767.92
24,0,18,1000,0.2089,-9555.91
24,0,19,1000,0.1939,-10306.1
24,0,20,1000,0.1854,-10728.8
24,0,21,1000,0.1718,-11408.16
24,0,22,1000,0.1511,-12446.29
24,0,23,1000,0.131,-13450.71
24,0,24,1000,0.1182,-14088.57
24,1,0,1000,0.1334,-13330.09
24,1,1,1000,0.1502,-12491.24
24,1,2,1000,0.1521,-12396.05
24,1,3,1000,0.1507,-12464.39
24,1,4,1000,0.1563,-12183.1
24,1,5,1000,0.1749,-11253.72
24,1,6,1000,0.2049,-9753.16
24,1,7,1000,0.2319,-8403.9
24,1,8,1000,0.2563,-7186.69
24,1,9,1000,0.2512,-7439.57
24,1,10,1000,0.2371,-8143.08
24,1,11,1000,0.2178,-9111.96
24,1,12,1000,0.2228,-8858.0
24,1,13,1000,0.2311,-8446.15
24,1,14,1000,0.215,-9248.86
24,1,15,1000,0.2049,-9753.44
24,1,16,1000,0.2176,-9119.2
24,1,17,1000,0.2377,-8115.51
24,1,18,1000,0.2382,-8091.24
24,1,19,1000,0.2232,-8840.14
24,1,20,1000,0.2072,-9639.53
24,1,21,1000,0.1861,-10693.62
24,1,22,1000,0.1645,-11774.92
24,1,23,1000,0.1456,-12719.17
24,1,24,1000,0.1336,-13321.06
24,2,0,1000,0.1424,-12880.92
24,2,1,1000,0.1553,-12233.56
24,2,2,1000,0.1637,-11814.18
24,2,3,1000,0.1807,-10965.16
24,2,4,1000,0.1992,-10040.46
24,2,5,1000,0.2083,-9585.8
24,2,6,1000,0.227,-8651.03
24,2,7,1000,0.2554,-7231.79
24,2,8,1000,0.2747,-6262.61
24,2,9,1000,0.2762,-6192.5
24,2,10,1000,0.2749,-6254.62
24,2,11,1000,0.2514,-7428.62
24,2,12,1000,0.2451,-7746.94
24,2,13,1000,0.2562,-7188.38
24,2,14,1000,0.2393,-8035.24
24,2,15,1000,0.2177,-9113.52
24,2,16,1000,0.2224,-8878.26
24,2,17,1000,0.24,-7997.58
24,2,18,1000,0.2422,-7891.64
24,2,19,1000,0.2248,-8759.48
24,2,20,1000,0.2042,-9788.34
24,2,21,1000,0.1882,-10591.46
24,2,22,1000,0.1755,-11226.94
24,2,23,1000,0.1611,-11943.61
24,2,24,1000,0.1455,-12725.63
24,3,0,1000,0.1468,-12658.84
24,3,1,1000,0.1561,-12197.24
24,3,2,1000,0.1619,-11905.39
24,3,3,1000,0.1855,-10723.48
24,3,4,1000,0.2106,-9468.92
24,3,5,1000,0.2143,-9285.45
24,3,6,1000,0.2269,-8657.24
24,3,7,1000,0.2586,-7071.51
24,3,8,1000,0.2886,-5568.69
24,3,9,1000,0.3035,-4824.4
24,3,10,1000,0.31,-4498.85
24,3,11,1000,0.2842,-5792.47
24,3,12,1000,0.272,-6398.14
24,3,13,1000,0.2864,-5680.16
24,3,14,1000,0.2802,-5991.59
24,3,15,1000,0.264,-6802.06
24,3,16,1000,0.2644,-6782.23
24,3,17,1000,0.2635,-6824.93
24,3,18,1000,0.2439,-7802.91
24,3,19,1000,0.2212,-8937.73
24,3,20,1000,0.2031,-9846.6
24,3,21,1000,0.1977,-10115.27
24,3,22,1000,0.1909,-10454.23
24,3,23,1000,0.1786,-11067.62
24,3,24,1000,0.1613,-11934.63
24,4,0,1000,0.1593,-12034.87
24,4,1,1000,0.1669,-11655.4
24,4,2,1000,0.1672,-11640.85
24,4,3,1000,0.1861,-10692.52
24,4,4,1000,0.2091,-9546.24
24,4,5,1000,0.2156,-9221.83
24,4,6,1000,0.2321,-8395.8
24,4,7,1000,0.2665,-6674.68
24,4,8,1000,0.3072,-4639.08
24,4,9,1000,0.3286,-3572.11
24,4,10,1000,0.3347,-3266.6
24,4,11,1000,0.3114,-4427.87
24,4,12,1000,0.2998,-5009.4
24,4,13,1000,0.311,-4450.58
24,4,14,1000,0.3114,-4430.22
24,4,15,1000,0.3078,-4607.84
24,4,16,1000,0.3098,-4509.1
24,4,17,1000,0.2991,-5043.58
24,4,18,1000,0.2689,-6553.55
24,4,19,1000,0.2464,-7679.4
24,4,20,1000,0.2272,-8637.94
24,4,21,1000,0.2171,-9146.5
24,4,22,1000,0.2083,-9586.74
24,4,23,1000,0.1967,-10163.61
24,4,24,1000,0.1791,-11045.74
24,5,0,1000,0.1799,-11003.44
24,5,1,1000,0.1898,-10508.39
24,5,2,1000,0.2058,-9712.4
24,5,3,1000,0.222,-8899.45
24,5,4,1000,0.2292,-8540.43
24,5,5,1000,0.2315,-8424.39
24,5,6,1000,0.2523,-7383.03
24,5,7,1000,0.2845,-5777.33
24,5,8,1000,0.327,-3649.5
24,5,9,1000,0.3436,-2818.71
24,5,10,1000,0.3447,-2767.06
24,5,11,1000,0.3525,-2375.86
24,5,12,1000,0.3571,-2143.09
24,5,13,1000,0.3458,-2707.6
24,5,14,1000,0.3243,-3786.7
24,5,15,1000,0.3255,-3726.92
24,5,16,1000,0.3332,-3338.96
24,5,17,1000,0.329,-3552.13
24,5,18,1000,0.3202,-3989.61
24,5,19,1000,0.3159,-4203.69
24,5,20,1000,0.2883,-5585.94
24,5,21,1000,0.2438,-7808.99
24,5,22,1000,0.2262,-8689.94
24,5,23,1000,0.2178,-9109.2
24,5,24,1000,0.1951,-10246.73
24,6,0,1000,0.1845,-10776.9
24,6,1,1000,0.2,-10000.53
24,6,2,1000,0.2425,-7875.64
24,6,3,1000,0.2665,-6674.23
24,6,4,1000,0.2631,-6842.73
24,6,5,1000,0.2556,-7221.13
24,6,6,1000,0.2752,-6237.62
24,6,7,1000,0.3091,-4545.07
24,6,8,1000,0.3671,-1647.23
24,6,9,1000,0.3915,-427.5
24,6,10,1000,0.3909,-457.39
24,6,11,1000,0.4228,1142.28
24,6,12,1000,0.441,2048.57
24,6,13,1000,0.4131,653.84
24,6,14,1000,0.3611,-1945.17
24,6,15,1000,0.3494,-2528.39
24,6,16,1000,0.3589,-2052.92
24,6,17,1000,0.3514,-2427.68
24,6,18,1000,0.3476,-2620.01
24,6,19,1000,0.3546,-2269.86
24,6,20,1000,0.3282,-3592.0
24,6,21,1000,0.271,-6449.8
24,6,22,1000,0.2491,-7545.71
24,6,23,1000,0.2434,-7829.36
24,6,24,1000,0.2191,-9043.12
24,7,0,1000,0.1744,-11280.44
24,7,1,1000,0.1941,-10292.96
24,7,2,1000,0.2515,-7427.33
24,7,3,1000,0.2868,-5658.79
24,7,4,1000,0.2865,-5675.3
24,7,5,1000,0.2716,-6418.78
24,7,6,1000,0.2875,-5623.57
24,7,7,1000,0.3291,-3543.68
24,7,8,1000,0.4121,602.56
24,7,9,1000,0.4568,2839.01
24,7,10,1000,0.4623,3113.47
24,7,11,1000,0.4989,4946.93
24,7,12,1000,0.517,5848.66
24,7,13,1000,0.4858,4290.39
24,7,14,1000,0.4148,738.38
24,7,15,1000,0.3862,-688.79
24,7,16,1000,0.3944,-279.72
24,7,17,1000,0.3751,-1247.25
24,7,18,1000,0.3502,-2490.89
24,7,19,1000,0.3496,-2521.73
24,7,20,1000,0.3313,-3435.81
24,7,21,1000,0.2928,-5361.67
24,7,22,1000,0.2741,-6297.21
24,7,23,1000,0.2666,-6670.04
24,7,24,1000,0.2424,-7881.99
24,8,0,1000,0.1638,-11809.59
24,8,1,1000,0.1869,-10654.52
24,8,2,1000,0.2389,-8053.01
24,8,3,1000,0.2894,-5530.3
24,8,4,1000,0.3145,-4277.0
24,8,5,1000,0.305,-4750.72
24,8,6,1000,0.3224,-3877.89
24,8,7,1000,0.3759,-1204.46
24,8,8,1000,0.4432,2162.44
24,8,9,1000,0.4843,4217.42
24,8,10,1000,0.5115,5576.07
24,8,11,1000,0.5511,7552.68
24,8,12,1000,0.5535,7672.53
24,8,13,1000,0.5197,5986.42
24,8,14,1000,0.4277,1383.94
24,8,15,1000,0.3817,-915.17
24,8,16,1000,0.3957,-215.9
24,8,17,1000,0.4015,76.09
24,8,18,1000,0.3675,-1622.85
24,8,19,1000,0.3315,-3425.58
24,8,20,1000,0.3022,-4889.2
24,8,21,1000,0.293,-5348.92
24,8,22,1000,0.2842,-5790.37
24,8,23,1000,0.2637,-6815.32
24,8,24,1000,0.2311,-8445.13
24,9,0,1000,0.1798,-11009.3
24,9,1,1000,0.2007,-9964.28
24,9,2,1000,0.2256,-8720.26
24,9,3,1000,0.2751,-6243.24
24,9,4,1000,0.3237,-3812.55
24,9,5,1000,0.339,-3049.4
24,9,6,1000,0.3719,-1404.85
24,9,7,1000,0.4299,1496.9
24,9,8,1000,0.4447,2234.57
24,9,9,1000,0.4504,2518.63
24,9,10,1000,0.4915,4575.03
24,9,11,1000,0.5299,6495.54
24,9,12,1000,0.517,5847.63
24,9,13,1000,0.4837,4186.22
24,9,14,1000,0.413,652.33
24,9,15,1000,0.3946,-272.29
24,9,16,1000,0.4174,868.84
24,9,17,1000,0.4404,2018.11
24,9,18,1000,0.395,-247.96
24,9,19,1000,0.3289,-3557.34
24,9,20,1000,0.2751,-6245.09
24,9,21,1000,0.2661,-6697.19
24,9,22,1000,0.2622,-6892.12
24,9,23,1000,0.2383,-8086.93
24,9,24,1000,0.2095,-9527.09
24,10,0,1000,0.1976,-10120.54
24,10,1,1000,0.2156,-9219.21
24,10,2,1000,0.2274,-8628.86
24,10,3,1000,0.2708,-6459.0
24,10,4,1000,0.3233,-3836.92
24,10,5,1000,0.3535,-2325.88
24,10,6,1000,0.3976,-119.89
24,10,7,1000,0.4549,2745.23
24,10,8,1000,0.4447,2233.67
24,10,9,1000,0.4273,1365.4
24,10,10,1000,0.4646,3231.29
24,10,11,1000,0.5018,5087.5
24,10,12,1000,0.4915,4576.23
24,10,13,1000,0.4631,3157.08
24,10,14,1000,0.429,1448.73
24,10,15,1000,0.4475,2376.64
24,10,16,1000,0.4718,3590.71
24,10,17,1000,0.4763,3816.25
24,10,18,1000,0.4092,461.57
24,10,19,1000,0.3393,-3035.2
24,10,20,1000,0.2751,-6243.63
24,10,21,1000,0.2508,-7459.76
24,10,22,1000,0.2457,-7716.22
24,10,23,1000,0.2298,-8507.52
24,10,24,1000,0.2125,-9377.44
24,11,0,1000,0.2084,-9579.57
24,11,1,1000,0.2247,-8766.28
24,11,2,1000,0.2494,-7527.64
24,11,3,1000,0.2976,-5121.59
24,11,4,1000,0.3395,-3022.71
24,11,5,1000,0.3483,-2582.71
24,11,6,1000,0.3791,-1044.24
24,11,7,1000,0.4368,1840.53
24,11,8,1000,0.4446,2228.92
24,11,9,1000,0.4171,855.66
24,11,10,1000,0.4213,1064.56
24,11,11,1000,0.4438,2190.34
24,11,12,1000,0.4705,3524.0
24,11,13,1000,0.4726,3627.88
24,11,14,1000,0.481,4052.41
24,11,15,1000,0.5095,5472.92
24,11,16,1000,0.519,5947.82
24,11,17,1000,0.4955,4775.05
24,11,18,1000,0.4342,1708.8
24,11,19,1000,0.3908,-459.77
24,11,20,1000,0.3297,-3515.43
24,11,21,1000,0.2818,-5910.94
24,11,22,1000,0.2733,-6334.06
24,11,23,1000,0.2619,-6903.15
24,11,24,1000,0.2304,-8478.46
24,12,0,1000,0.2243,-8787.09
24,12,1,1000,0.2397,-8016.69
24,12,2,1000,0.2773,-6134.29
24,12,3,1000,0.3305,-3476.7
24,12,4,1000,0.361,-1949.6
24,12,5,1000,0.3403,-2982.51
24,12,6,1000,0.3519,-2407.02
24,12,7,1000,0.4137,686.45
24,12,8,1000,0.4684,3418.58
24,12,9,1000,0.4563,2817.14
24,12,10,1000,0.4297,1482.76
24,12,11,1000,0.4155,775.98
24,12,12,1000,0.4548,2741.97
24,12,13,1000,0.4821,4105.16
24,12,14,1000,0.5078,5391.74
24,12,15,1000,0.5212,6061.48
24,12,16,1000,0.5159,5796.15
24,12,17,1000,0.4756,3782.3
24,12,18,1000,0.4313,1566.56
24,12,19,1000,0.4165,824.94
24,12,20,1000,0.3746,-1270.25
24,12,21,1000,0.3281,-3593.14
24,12,22,1000,0.32,-3999.66
24,12,23,1000,0.3081,-4596.25
24,12,24,1000,0.2569,-7155.33
24,13,0,1000,0.2428,-7860.95
24,13,1,1000,0.2566,-7169.11
24,13,2,1000,0.2836,-5821.64
24,13,3,1000,0.3297,-3513.33
24,13,4,1000,0.3597,-2014.7
24,13,5,1000,0.3433,-2837.18
24,13,6,1000,0.3575,-2126.9
24,13,7,1000,0.4204,1020.17
24,13,8,1000,0.4869,4346.11
24,13,9,1000,0.4848,4238.88
24,13,10,1000,0.4548,2737.79
24,13,11,1000,0.409,448.45
24,13,12,1000,0.4211,1052.7
24,13,13,1000,0.4486,2429.17
24,13,14,1000,0.4843,4213.37
24,13,15,1000,0.5045,5222.67
24,13,16,1000,0.4976,4880.26
24,13,17,1000,0.4518,2588.86
24,13,18,1000,0.4041,206.28
24,13,19,1000,0.3913,-436.61
24,13,20,1000,0.3596,-2019.77
24,13,21,1000,0.3269,-3656.37
24,13,22,1000,0.3217,-3917.27
24,13,23,1000,0.313,-4351.32
24,13,24,1000,0.2673,-6635.48
24,14,0,1000,0.2318,-8409.08
24,14,1,1000,0.2526,-7369.47
24,14,2,1000,0.2845,-5776.62
24,14,3,1000,0.3186,-4067.54
24,14,4,1000,0.3412,-2938.86
24,14,5,1000,0.3488,-2561.22
24,14,6,1000,0.375,-1251.76
24,14,7,1000,0.4215,1076.58
24,14,8,1000,0.4777,3885.37
24,14,9,1000,0.4922,4608.9
24,14,10,1000,0.4746,3729.52
24,14,11,1000,0.4028,141.86
24,14,12,1000,0.3751,-1246.19
24,14,13,1000,0.3984,-80.95
24,14,14,1000,0.4458,2287.96
24,14,15,1000,0.4569,2843.2
24,14,16,1000,0.4279,1392.8
24,14,17,1000,0.4024,118.81
24,14,18,1000,0.3902,-492.13
24,14,19,1000,0.3677,-1615.74
24,14,20,1000,0.3271,-3644.33
24,14,21,1000,0.2997,-5017.29
24,14,22,1000,0.2933,-5333.09
24,14,23,1000,0.2875,-5623.01
24,14,24,1000,0.2568,-7161.3
24,15,0,1000,0.2051,-9743.96
24,15,1,1000,0.2356,-8219.42
24,15,2,1000,0.2842,-5788.44
24,15,3,1000,0.3117,-4415.39
24,15,4,1000,0.3254,-3730.35
24,15,5,1000,0.3532,-2341.55
24,15,6,1000,0.3882,-591.16
24,15,7,1000,0.4116,578.22
24,15,8,1000,0.4273,1363.86
24,15,9,1000,0.4359,1797.21
24,15,10,1000,0.4369,1843.65
24,15,11,1000,0.4077,382.73
24,15,12,1000,0.4025,123.16
24,15,13,1000,0.4241,1206.85
24,15,14,1000,0.4609,3046.42
24,15,15,1000,0.4374,1871.02
24,15,16,1000,0.3809,-954.66
24,15,17,1000,0.374,-1299.05
24,15,18,1000,0.3958,-211.7
24,15,19,1000,0.3611,-1943.54
24,15,20,1000,0.3067,-4664.41
24,15,21,1000,0.279,-6052.37
24,15,22,1000,0.2694,-6529.45
24,15,23,1000,0.2613,-6935.63
24,15,24,1000,0.2373,-8134.65
24,16,0,1000,0.2036,-9818.09
24,16,1,1000,0.2345,-8277.17
24,16,2,1000,0.2827,-5866.1
24,16,3,1000,0.3082,-4591.25
24,16,4,1000,0.3205,-3977.39
24,16,5,1000,0.3489,-2556.8
24,16,6,1000,0.3829,-852.94
24,16,7,1000,0.399,-48.54
24,16,8,1000,0.3885,-573.7
24,16,9,1000,0.3795,-1026.67
24,16,10,1000,0.3853,-733.03
24,16,11,1000,0.404,201.77
24,16,12,1000,0.441,2052.32
24,16,13,1000,0.464,3198.14
24,16,14,1000,0.4849,4245.81
24,16,15,1000,0.4441,2204.52
24,16,16,1000,0.3845,-776.68
24,16,17,1000,0.3695,-1526.7
24,16,18,1000,0.3811,-945.13
24,16,19,1000,0.345,-2747.63
24,16,20,1000,0.2961,-5195.7
24,16,21,1000,0.2763,-6183.72
24,16,22,1000,0.268,-6600.96
24,16,23,1000,0.2579,-7105.87
24,16,24,1000,0.2322,-8391.23
24,17,0,1000,0.2107,-9466.94
24,17,1,1000,0.2384,-8080.38
24,17,2,1000,0.2844,-5781.25
24,17,3,1000,0.309,-4549.4
24,17,4,1000,0.3197,-4014.19
24,17,5,1000,0.3416,-2919.16
24,17,6,1000,0.3638,-1809.29
24,17,7,1000,0.3708,-1458.6
24,17,8,1000,0.3674,-1632.16
24,17,9,1000,0.3732,-1341.81
24,17,10,1000,0.3803,-984.15
24,17,11,1000,0.3853,-734.13
24,17,12,1000,0.4133,664.01
24,17,13,1000,0.4409,2047.34
24,17,14,1000,0.461,3049.7
24,17,15,1000,0.4311,1554.86
24,17,16,1000,0.3902,-491.66
24,17,17,1000,0.363,-1850.7
24,17,18,1000,0.3498,-2510.9
24,17,19,1000,0.3223,-3885.46
24,17,20,1000,0.2844,-5782.3
24,17,21,1000,0.2667,-6663.63
24,17,22,1000,0.2621,-6894.45
24,17,23,1000,0.2497,-7514.42
24,17,24,1000,0.2196,-9021.45
24,18,0,1000,0.2055,-9725.62
24,18,1,1000,0.2258,-8709.64
24,18,2,1000,0.2611,-6947.03
24,18,3,1000,0.279,-6050.42
24,18,4,1000,0.2865,-5675.95
24,18,5,1000,0.3052,-4740.72
24,18,6,1000,0.3153,-4237.18
24,18,7,1000,0.3155,-4224.18
24,18,8,1000,0.3559,-2205.43
24,18,9,1000,0.4084,419.09
24,18,10,1000,0.416,801.04
24,18,11,1000,0.3729,-1356.45
24,18,12,1000,0.3606,-1972.2
24,18,13,1000,0.3923,-385.91
24,18,14,1000,0.4148,738.78
24,18,15,1000,0.4021,107.0
24,18,16,1000,0.3856,-718.45
24,18,17,1000,0.3585,-2075.59
24,18,18,1000,0.3333,-3335.24
24,18,19,1000,0.3179,-4105.36
24,18,20,1000,0.2819,-5906.15
24,18,21,1000,0.25,-7499.94
24,18,22,1000,0.2468,-7657.95
24,18,23,1000,0.2312,-8442.27
24,18,24,1000,0.1939,-10305.12
24,19,0,1000,0.1893,-10532.68
24,19,1,1000,0.2038,-9808.66
24,19,2,1000,0.2253,-8734.03
24,19,3,1000,0.2345,-8277.13
24,19,4,1000,0.2398,-8009.01
24,19,5,1000,0.2614,-6930.68
24,19,6,1000,0.2713,-6434.24
24,19,7,1000,0.271,-6448.45
24,19,8,1000,0.3269,-3655.19
24,19,9,1000,0.3923,-386.48
24,19,10,1000,0.4015,76.22
24,19,11,1000,0.3685,-1573.15
24,19,12,1000,0.3644,-1779.37
24,19,13,1000,0.3949,-254.68
24,19,14,1000,0.4053,266.35
24,19,15,1000,0.3843,-782.74
24,19,16,1000,0.3716,-1421.98
24,19,17,1000,0.3501,-2496.12
24,19,18,1000,0.3293,-3533.33
24,19,19,1000,0.3168,-4158.34
24,19,20,1000,0.2779,-6106.38
24,19,21,1000,0.2377,-8114.78
24,19,22,1000,0.2333,-8336.44
24,19,23,1000,0.2157,-9213.28
24,19,24,1000,0.175,-11250.94
24,20,0,1000,0.1756,-11221.61
24,20,1,1000,0.1936,-10321.83
24,20,2,1000,0.2099,-9507.36
24,20,3,1000,0.216,-9198.03
24,20,4,1000,0.222,-8900.26
24,20,5,1000,0.2391,-8045.94
24,20,6,1000,0.2526,-7369.22
24,20,7,1000,0.2573,-7135.79
24,20,8,1000,0.2895,-5526.58
24,20,9,1000,0.3353,-3235.12
24,20,10,1000,0.3548,-2259.66
24,20,11,1000,0.355,-2250.7
24,20,12,1000,0.3635,-1823.22
24,20,13,1000,0.382,-897.56
24,20,14,1000,0.3659,-1707.07
24,20,15,1000,0.3325,-3374.43
24,20,16,1000,0.3265,-3676.56
24,20,17,1000,0.3291,-3545.27
24,20,18,1000,0.3283,-3582.94
24,20,19,1000,0.315,-4251.05
24,20,20,1000,0.2746,-6268.29
24,20,21,1000,0.2266,-8670.96
24,20,22,1000,0.211,-9450.47
24,20,23,1000,0.1905,-10472.8
24,20,24,1000,0.1588,-12060.15
24,21,0,1000,0.1638,-11812.47
24,21,1,1000,0.1919,-10405.9
24,21,2,1000,0.2133,-9336.87
24,21,3,1000,0.223,-8847.93
24,21,4,1000,0.233,-8347.51
24,21,5,1000,0.2474,-7627.84
24,21,6,1000,0.27,-6500.09
24,21,7,1000,0.2813,-5936.18
24,21,8,1000,0.2612,-6942.31
24,21,9,1000,0.2654,-6728.45
24,21,10,1000,0.2983,-5086.33
24,21,11,1000,0.328,-3601.41
24,21,12,1000,0.3378,-3112.39
24,21,13,1000,0.3395,-3022.74
24,21,14,1000,0.3024,-4880.92
24,21,15,1000,0.2697,-6514.63
24,21,16,1000,0.2746,-6270.07
24,21,17,1000,0.2949,-5252.57
24,21,18,1000,0.3013,-4934.5
24,21,19,1000,0.2845,-5774.72
24,21,20,1000,0.2574,-7132.31
24,21,21,1000,0.2203,-8986.5
24,21,22,1000,0.1922,-10391.09
24,21,23,1000,0.171,-11450.41
24,21,24,1000,0.1613,-11932.94
24,22,0,1000,0.1484,-12577.5
24,22,1,1000,0.1761,-11192.87
24,22,2,1000,0.1955,-10224.89
24,22,3,1000,0.204,-9799.42
24,22,4,1000,0.2156,-9218.83
24,22,5,1000,0.2378,-8111.48
24,22,6,1000,0.2668,-6659.33
24,22,7,1000,0.2779,-6103.67
24,22,8,1000,0.2418,-7911.18
24,22,9,1000,0.232,-8401.3
24,22,10,1000,0.2655,-6726.87
24,22,11,1000,0.3045,-4773.32
24,22,12,1000,0.3188,-4057.51
24,22,13,1000,0.3176,-4119.57
24,22,14,1000,0.2818,-5912.01
24,22,15,1000,0.2547,-7264.04
24,22,16,1000,0.261,-6947.82
24,22,17,1000,0.2696,-6518.54
24,22,18,1000,0.2593,-7032.51
24,22,19,1000,0.2414,-7930.45
24,22,20,1000,0.2295,-8526.82
24,22,21,1000,0.2126,-9367.72
24,22,22,1000,0.1868,-10660.91
24,22,23,1000,0.1683,-11587.14
24,22,24,1000,0.1675,-11625.7
24,23,0,1000,0.1408,-12960.26
24,23,1,1000,0.1591,-12043.85
24,23,2,1000,0.1716,-11421.66
24,23,3,1000,0.181,-10948.37
24,23,4,1000,0.1942,-10287.58
24,23,5,1000,0.2142,-9290.45
24,23,6,1000,0.2351,-8243.16
24,23,7,1000,0.2429,-7856.32
24,23,8,1000,0.2189,-9054.76
24,23,9,1000,0.2149,-9256.78
24,23,10,1000,0.2402,-7990.48
24,23,11,1000,0.2732,-6338.25
24,23,12,1000,0.2873,-5634.49
24,23,13,1000,0.2864,-5681.25
24,23,14,1000,0.2689,-6554.98
24,23,15,1000,0.2573,-7135.25
24,23,16,1000,0.2587,-7065.82
24,23,17,1000,0.2458,-7711.38
24,23,18,1000,0.2163,-9186.05
24,23,19,1000,0.1989,-10056.88
24,23,20,1000,0.1979,-10103.92
24,23,21,1000,0.197,-10150.03
24,23,22,1000,0.177,-11150.09
24,23,23,1000,0.1618,-11907.76
24,23,24,1000,0.1642,-11789.77
24,24,0,1000,0.1375,-13122.8
24,24,1,1000,0.141,-12948.78
24,24,2,1000,0.145,-12750.23
24,24,3,1000,0.1593,-12032.57
24,24,4,1000,0.1756,-11221.16
24,24,5,1000,0.185,-10750.35
24,24,6,1000,0.1877,-10614.03
24,24,7,1000,0.1908,-10460.49
24,24,8,1000,0.1916,-10419.56
24,24,9,1000,0.2014,-9931.86
24,24,10,1000,0.2139,-9306.35
24,24,11,1000,0.2325,-8373.99
24,24,12,1000,0.2413,-7933.05
24,24,13,1000,0.2398,-8008.84
24,24,14,1000,0.2459,-7703.0
24,24,15,1000,0.2528,-7361.79
24,24,16,1000,0.2461,-7694.96
24,24,17,1000,0.22,-8999.06
24,24,18,1000,0.1871,-10644.81
24,24,19,1000,0.1725,-11374.84
24,24,20,1000,0.1749,-11252.96
24,24,21,1000,0.1788,-11059.58
24,24,22,1000,0.1626,-11868.19
24,24,23,1000,0.1448,-12760.9
24,24,24,1000,0.1377,-13117.15
