x,y,z,tonnage,grade,economic_value,reserve
0,0,0,1000,0.1017,-14913.57,-1
0,0,1,1000,0.1263,-13683.1,-1
0,0,2,1000,0.161,-11948.1,-1
0,0,3,1000,0.1744,-11280.27,-1
0,0,4,1000,0.1657,-11716.62,-1
0,0,5,1000,0.1654,-11730.09,-1
0,0,6,1000,0.1827,-10866.32,-1
0,0,7,1000,0.1847,-10765.37,-1
0,0,8,1000,0.1695,-11524.69,-1
0,0,9,1000,0.1304,-13480.78,-1
0,1,0,1000,0.1055,-14726.02,-1
0,1,1,1000,0.1344,-13280.66,-1
0,1,2,1000,0.1748,-11261.9,-1
0,1,3,1000,0.1953,-10232.64,-1
0,1,4,1000,0.1951,-10244.83,-1
0,1,5,1000,0.2001,-9994.23,-1
0,1,6,1000,0.213,-9352.28,-1
0,1,7,1000,0.2062,-9691.8,-1
0,1,8,1000,0.1757,-11216.19,-1
0,1,9,1000,0.1306,-13468.45,-1
0,2,0,1000,0.1247,-13765.29,-1
0,2,1,1000,0.1611,-11944.1,-1
0,2,2,1000,0.1924,-10380.92,-1
0,2,3,1000,0.2213,-8934.02,-1
0,2,4,1000,0.245,-7751.51,-1
0,2,5,1000,0.244,-7801.18,-1
0,2,6,1000,0.2255,-8725.27,-1
0,2,7,1000,0.201,-9949.53,-1
0,2,8,1000,0.1668,-11657.55,-1
0,2,9,1000,0.1341,-13293.56,-1
0,3,0,1000,0.1327,-13364.11,-1
0,3,1,1000,0.1733,-11336.73,-1
0,3,2,1000,0.1994,-10029.48,-1
0,3,3,1000,0.2329,-8354.54,-1
0,3,4,1000,0.2738,-6311.03,-1
0,3,5,1000,0.2846,-5771.55,-1
0,3,6,1000,0.2561,-7193.4,-1
0,3,7,1000,0.221,-8951.35,-1
0,3,8,1000,0.1886,-10571.21,-1
0,3,9,1000,0.1618,-11911.03,-1
0,4,0,1000,0.1277,-13617.04,-1
0,4,1,1000,0.1719,-11403.5,-1
0,4,2,1000,0.2065,-9676.87,-1
0,4,3,1000,0.2414,-7932.14,-1
0,4,4,1000,0.2857,-5717.02,-1
0,4,5,1000,0.3199,-4005.09,-1
0,4,6,1000,0.3018,-4909.47,-1
0,4,7,1000,0.26,-7002.4,-1
0,4,8,1000,0.2236,-8818.49,-1
0,4,9,1000,0.19,-10498.87,-1
0,5,0,1000,0.1349,-13252.66,-1
0,5,1,1000,0.192,-10402.47,-1
0,5,2,1000,0.2452,-7738.43,-1
0,5,3,1000,0.2713,-6433.01,-1
0,5,4,1000,0.2977,-5113.95,-1
0,5,5,1000,0.3365,-3175.98,-1
0,5,6,1000,0.323,-3851.7,-1
0,5,7,1000,0.2726,-6370.5,-1
0,5,8,1000,0.2386,-8069.88,-1
0,5,9,1000,0.1974,-10127.74,-1
0,6,0,1000,0.1575,-12124.91,-1
0,6,1,1000,0.2255,-8725.01,-1
0,6,2,1000,0.2853,-5733.34,-1
0,6,3,1000,0.3023,-4884.16,-1
0,6,4,1000,0.3162,-4187.82,-1
0,6,5,1000,0.3516,-2422.11,-1
0,6,6,1000,0.3365,-3174.14,-1
0,6,7,1000,0.2806,-5970.29,-1
0,6,8,1000,0.2527,-7365.33,-1
0,6,9,1000,0.2082,-9589.19,-1
0,7,0,1000,0.177,-11151.21,-1
0,7,1,1000,0.2485,-7574.77,-1
0,7,2,1000,0.3049,-4754.51,-1
0,7,3,1000,0.3194,-4031.51,-1
0,7,4,1000,0.3327,-3365.36,-1
0,7,5,1000,0.3681,-1593.02,-1
0,7,6,1000,0.3562,-2189.89,-1
0,7,7,1000,0.302,-4898.72,-1
0,7,8,1000,0.2774,-6127.9,-1
0,7,9,1000,0.23,-8499.82,-1
0,8,0,1000,0.1949,-10255.27,-1
0,8,1,1000,0.2646,-6770.81,-1
0,8,2,1000,0.3252,-3741.89,-1
0,8,3,1000,0.3457,-2714.67,-1
0,8,4,1000,0.3445,-2775.93,-1
0,8,5,1000,0.3435,-2824.58,-1
0,8,6,1000,0.344,-2800.06,-1
0,8,7,1000,0.3166,-4169.38,-1
0,8,8,1000,0.287,-5647.64,-1
0,8,9,1000,0.2281,-8592.98,-1
0,9,0,1000,0.1884,-10580.67,-1
0,9,1,1000,0.2549,-7252.6,-1
0,9,2,1000,0.329,-3548.85,-1
0,9,3,1000,0.3605,-1975.22,-1
0,9,4,1000,0.3527,-2363.89,-1
0,9,5,1000,0.3463,-2683.52,-1
0,9,6,1000,0.3693,-1537.28,-1
0,9,7,1000,0.3579,-2105.99,-1
0,9,8,1000,0.3106,-4471.4,-1
0,9,9,1000,0.2341,-8293.44,-1
0,10,0,1000,0.1772,-11138.16,-1
0,10,1,1000,0.2432,-7839.21,-1
0,10,2,1000,0.3256,-3718.02,-1
0,10,3,1000,0.3624,-1881.49,-1
0,10,4,1000,0.3622,-1891.71,-1
0,10,5,1000,0.3895,-524.05,-1
0,10,6,1000,0.4298,1491.71,-1
0,10,7,1000,0.4104,518.79,-1
0,10,8,1000,0.3469,-2654.02,-1
0,10,9,1000,0.2581,-7092.89,-1
0,11,0,1000,0.1806,-10972.3,-1
0,11,1,1000,0.244,-7799.42,-1
0,11,2,1000,0.3328,-3357.78,-1
0,11,3,1000,0.378,-1101.74,-1
0,11,4,1000,0.3882,-588.68,-1
0,11,5,1000,0.4391,1954.31,-1
0,11,6,1000,0.4756,3781.32,-1
0,11,7,1000,0.4359,1797.32,-1
0,11,8,1000,0.3558,-2211.76,-1
0,11,9,1000,0.2618,-6912.43,-1
0,12,0,1000,0.1926,-10370.66,-1
0,12,1,1000,0.2534,-7327.54,-1
0,12,2,1000,0.3398,-3010.37,-1
0,12,3,1000,0.3872,-638.68,-1
0,12,4,1000,0.3973,-135.09,-1
0,12,5,1000,0.4301,1504.57,-1
0,12,6,1000,0.4433,2162.87,-1
0,12,7,1000,0.3973,-137.08,-1
0,12,8,1000,0.3336,-3321.58,-1
0,12,9,1000,0.2537,-7316.35,-1
0,13,0,1000,0.189,-10550.77,-1
0,13,1,1000,0.2477,-7614.45,-1
0,13,2,1000,0.3284,-3579.35,-1
0,13,3,1000,0.3735,-1323.42,-1
0,13,4,1000,0.3822,-891.93,-1
0,13,5,1000,0.4028,142.4,-1
0,13,6,1000,0.408,400.38,-1
0,13,7,1000,0.3688,-1560.19,-1
0,13,8,1000,0.3289,-3553.44,-1
0,13,9,1000,0.261,-6948.53,-1
0,14,0,1000,0.1803,-10987.29,-1
0,14,1,1000,0.2381,-8097.1,-1
0,14,2,1000,0.2997,-5013.37,-1
0,14,3,1000,0.3555,-2227.39,-1
0,14,4,1000,0.4014,71.6,-1
0,14,5,1000,0.4327,1633.37,-1
0,14,6,1000,0.4192,961.35,-1
0,14,7,1000,0.3779,-1103.87,-1
0,14,8,1000,0.3434,-2829.94,-1
0,14,9,1000,0.2731,-6344.38,-1
0,15,0,1000,0.1813,-10935.51,-1
0,15,1,1000,0.2407,-7963.84,-1
0,15,2,1000,0.2837,-5815.9,-1
0,15,3,1000,0.3528,-2361.37,-1
0,15,4,1000,0.4375,1875.55,-1
0,15,5,1000,0.4678,3389.5,-1
0,15,6,1000,0.4274,1369.97,-1
0,15,7,1000,0.3813,-935.49,-1
0,15,8,1000,0.3392,-3038.27,-1
0,15,9,1000,0.2624,-6881.13,-1
0,16,0,1000,0.1849,-10755.3,-1
0,16,1,1000,0.2438,-7808.98,-1
0,16,2,1000,0.2813,-5935.23,-1
0,16,3,1000,0.3485,-2573.59,-1
0,16,4,1000,0.4294,1472.45,-1
0,16,5,1000,0.4353,1765.55,-1
0,16,6,1000,0.3817,-914.49,-1
0,16,7,1000,0.3413,-2936.56,-1
0,16,8,1000,0.308,-4601.55,-1
0,16,9,1000,0.2392,-8041.48,-1
0,17,0,1000,0.1838,-10809.9,-1
0,17,1,1000,0.2408,-7960.91,-1
0,17,2,1000,0.2742,-6289.75,-1
0,17,3,1000,0.3364,-3178.25,-1
0,17,4,1000,0.409,448.57,-1
0,17,5,1000,0.4019,93.98,-1
0,17,6,1000,0.3503,-2483.8,-1
0,17,7,1000,0.3164,-4180.01,-1
0,17,8,1000,0.2779,-6107.0,-1
0,17,9,1000,0.211,-9452.26,-1
0,18,0,1000,0.1714,-11430.18,-1
0,18,1,1000,0.2246,-8769.99,-1
0,18,2,1000,0.2565,-7175.63,-1
0,18,3,1000,0.3145,-4274.32,-1
0,18,4,1000,0.3825,-877.05,-1
0,18,5,1000,0.3851,-746.78,-1
0,18,6,1000,0.3492,-2538.74,-1
0,18,7,1000,0.321,-3952.08,-1
0,18,8,1000,0.2766,-6172.01,-1
0,18,9,1000,0.2083,-9584.4,-1
0,19,0,1000,0.1591,-12043.65,-1
0,19,1,1000,0.2083,-9582.9,-1
0,19,2,1000,0.2388,-8059.89,-1
0,19,3,1000,0.2927,-5362.89,-1
0,19,4,1000,0.3549,-2254.98,-1
0,19,5,1000,0.3578,-2111.94,-1
0,19,6,1000,0.3264,-3677.68,-1
0,19,7,1000,0.3042,-4792.41,-1
0,19,8,1000,0.2742,-6292.09,-1
0,19,9,1000,0.2148,-9258.66,-1
0,20,0,1000,0.1527,-12366.63,-1
0,20,1,1000,0.1992,-10041.54,-1
0,20,2,1000,0.2258,-8707.68,-1
0,20,3,1000,0.2641,-6796.7,-1
0,20,4,1000,0.3082,-4588.17,-1
0,20,5,1000,0.3083,-4582.65,-1
0,20,6,1000,0.2797,-6013.43,-1
0,20,7,1000,0.258,-7098.29,-1
0,20,8,1000,0.2482,-7591.77,-1
0,20,9,1000,0.211,-9449.87,-1
0,21,0,1000,0.1451,-12745.16,-1
0,21,1,1000,0.1911,-10446.1,-1
0,21,2,1000,0.2216,-8922.32,-1
0,21,3,1000,0.2438,-7810.61,-1
0,21,4,1000,0.268,-6602.38,-1
0,21,5,1000,0.2774,-6132.01,-1
0,21,6,1000,0.2573,-7134.76,-1
0,21,7,1000,0.225,-8749.84,-1
0,21,8,1000,0.2084,-9578.15,-1
0,21,9,1000,0.1857,-10714.68,-1
0,22,0,1000,0.1303,-13486.88,-1
0,22,1,1000,0.1743,-11283.63,-1
0,22,2,1000,0.2124,-9378.17,-1
0,22,3,1000,0.2353,-8235.1,-1
0,22,4,1000,0.2562,-7188.46,-1
0,22,5,1000,0.2756,-6221.34,-1
0,22,6,1000,0.2629,-6857.05,-1
0,22,7,1000,0.2255,-8726.14,-1
0,22,8,1000,0.1909,-10452.64,-1
0,22,9,1000,0.1637,-11817.45,-1
0,23,0,1000,0.1113,-14435.68,-1
0,23,1,1000,0.1467,-12667.27,-1
0,23,2,1000,0.1851,-10745.84,-1
0,23,3,1000,0.2118,-9409.95,-1
0,23,4,1000,0.2333,-8332.52,-1
0,23,5,1000,0.2612,-6938.14,-1
0,23,6,1000,0.2638,-6807.84,-1
0,23,7,1000,0.2356,-8218.85,-1
0,23,8,1000,0.1896,-10517.52,-1
0,23,9,1000,0.1491,-12543.52,-1
0,24,0,1000,0.1016,-14920.59,-1
0,24,1,1000,0.1236,-13818.8,-1
0,24,2,1000,0.1521,-12395.29,-1
0,24,3,1000,0.1802,-10988.49,-1
0,24,4,1000,0.1974,-10128.98,-1
0,24,5,1000,0.2123,-9384.97,-1
0,24,6,1000,0.2268,-8657.66,-1
0,24,7,1000,0.2235,-8824.97,-1
0,24,8,1000,0.1888,-10560.94,-1
0,24,9,1000,0.1401,-12995.85,-1
1,0,0,1000,0.1118,-14409.22,-1
1,0,1,1000,0.1395,-13024.18,-1
1,0,2,1000,0.1852,-10738.5,-1
1,0,3,1000,0.209,-9549.15,-1
1,0,4,1000,0.2051,-9743.28,-1
1,0,5,1000,0.2048,-9758.15,-1
1,0,6,1000,0.2169,-9155.64,-1
1,0,7,1000,0.2107,-9466.91,-1
1,0,8,1000,0.1823,-10884.96,-1
1,0,9,1000,0.1392,-13037.53,-1
1,1,0,1000,0.1196,-14018.57,-1
1,1,1,1000,0.1524,-12380.04,-1
1,1,2,1000,0.2017,-9916.18,-1
1,1,3,1000,0.2309,-8454.83,-1
1,1,4,1000,0.2354,-8231.16,-1
1,1,5,1000,0.2414,-7930.89,-1
1,1,6,1000,0.2499,-7503.65,-1
1,1,7,1000,0.2346,-8270.72,-1
1,1,8,1000,0.1896,-10518.52,-1
1,1,9,1000,0.1392,-13042.31,-1
1,2,0,1000,0.1396,-13018.66,-1
1,2,1,1000,0.1818,-10908.91,-1
1,2,2,1000,0.2195,-9026.46,-1
1,2,3,1000,0.2525,-7377.03,-1
1,2,4,1000,0.2809,-5954.52,-1
1,2,5,1000,0.2916,-5419.53,-1
1,2,6,1000,0.2769,-6152.74,-1
1,2,7,1000,0.2428,-7858.37,-1
1,2,8,1000,0.1855,-10723.76,-1
1,2,9,1000,0.139,-13050.36,-1
1,3,0,1000,0.149,-12547.68,-1
1,3,1,1000,0.1965,-10176.36,-1
1,3,2,1000,0.2268,-8660.46,-1
1,3,3,1000,0.2613,-6934.52,-1
1,3,4,1000,0.3082,-4592.15,-1
1,3,5,1000,0.3409,-2957.33,-1
1,3,6,1000,0.3226,-3868.71,-1
1,3,7,1000,0.2756,-6221.27,-1
1,3,8,1000,0.2112,-9441.41,-1
1,3,9,1000,0.1638,-11809.72,-1
1,4,0,1000,0.1495,-12524.58,-1
1,4,1,1000,0.2004,-9981.88,-1
1,4,2,1000,0.2363,-8183.16,-1
1,4,3,1000,0.2717,-6415.79,-1
1,4,4,1000,0.3235,-3826.63,-1
1,4,5,1000,0.3821,-896.71,-1
1,4,6,1000,0.3746,-1270.91,-1
1,4,7,1000,0.3194,-4029.73,-1
1,4,8,1000,0.2495,-7524.52,-1
1,4,9,1000,0.1947,-10264.9,-1
1,5,0,1000,0.1658,-11711.15,-1
1,5,1,1000,0.2273,-8634.89,-1
1,5,2,1000,0.2816,-5919.26,-1
1,5,3,1000,0.3133,-4334.86,-1
1,5,4,1000,0.3484,-2580.85,-1
1,5,5,1000,0.3989,-57.46,-1
1,5,6,1000,0.3866,-670.24,-1
1,5,7,1000,0.3249,-3756.31,-1
1,5,8,1000,0.2693,-6536.23,-1
1,5,9,1000,0.2149,-9254.91,-1
1,6,0,1000,0.1918,-10407.99,-1
1,6,1,1000,0.2636,-6818.69,-1
1,6,2,1000,0.3276,-3619.84,-1
1,6,3,1000,0.3559,-2203.73,-1
1,6,4,1000,0.3791,-1043.0,-1
1,6,5,1000,0.4144,722.36,-1
1,6,6,1000,0.3924,-381.8,-1
1,6,7,1000,0.3261,-3696.62,-1
1,6,8,1000,0.2833,-5837.11,-1
1,6,9,1000,0.2304,-8478.62,-1
1,7,0,1000,0.211,-9447.82,-1
1,7,1,1000,0.2867,-5665.06,-1
1,7,2,1000,0.3478,-2609.42,-1
1,7,3,1000,0.375,-1250.24,-1
1,7,4,1000,0.3989,-52.75,-1
1,7,5,1000,0.4341,1703.12,-1
1,7,6,1000,0.4141,703.72,-1
1,7,7,1000,0.3487,-2564.16,-1
1,7,8,1000,0.3074,-4628.49,-1
1,7,9,1000,0.2503,-7487.29,-1
1,8,0,1000,0.2288,-8560.1,-1
1,8,1,1000,0.3011,-4944.37,-1
1,8,2,1000,0.3565,-2176.7,-1
1,8,3,1000,0.3858,-710.87,-1
1,8,4,1000,0.3991,-44.48,-1
1,8,5,1000,0.4028,138.94,-1
1,8,6,1000,0.3979,-106.43,-1
1,8,7,1000,0.3633,-1833.1,-1
1,8,8,1000,0.3256,-3719.7,-1
1,8,9,1000,0.2568,-7159.86,-1
1,9,0,1000,0.2243,-8782.76,-1
1,9,1,1000,0.2917,-5416.66,-1
1,9,2,1000,0.349,-2552.47,-1
1,9,3,1000,0.3835,-824.46,-1
1,9,4,1000,0.3928,-361.58,-1
1,9,5,1000,0.3949,-256.18,-1
1,9,6,1000,0.4149,745.09,-1
1,9,7,1000,0.4006,28.18,-1
1,9,8,1000,0.3546,-2269.72,-1
1,9,9,1000,0.2696,-6522.19,-1
1,10,0,1000,0.215,-9249.42,-1
1,10,1,1000,0.2812,-5937.8,-1
1,10,2,1000,0.3426,-2869.42,-1
1,10,3,1000,0.3794,-1030.81,-1
1,10,4,1000,0.3963,-185.94,-1
1,10,5,1000,0.4348,1740.68,-1
1,10,6,1000,0.4734,3671.88,-1
1,10,7,1000,0.4502,2510.48,-1
1,10,8,1000,0.3875,-625.54,-1
1,10,9,1000,0.2905,-5472.75,-1
1,11,0,1000,0.2176,-9121.92,-1
1,11,1,1000,0.2825,-5877.17,-1
1,11,2,1000,0.3476,-2619.24,-1
1,11,3,1000,0.3866,-671.25,-1
1,11,4,1000,0.416,801.48,-1
1,11,5,1000,0.5044,5218.78,-1
1,11,6,1000,0.551,7550.33,-1
1,11,7,1000,0.4958,4788.56,-1
1,11,8,1000,0.3959,-204.9,-1
1,11,9,1000,0.2899,-5503.19,-1
1,12,0,1000,0.2247,-8766.41,-1
1,12,1,1000,0.2892,-5538.83,-1
1,12,2,1000,0.3576,-2119.25,-1
1,12,3,1000,0.3989,-57.48,-1
1,12,4,1000,0.4314,1567.89,-1
1,12,5,1000,0.5266,6328.41,-1
1,12,6,1000,0.5605,8024.69,-1
1,12,7,1000,0.4863,4312.66,-1
1,12,8,1000,0.3784,-1077.91,-1
1,12,9,1000,0.2798,-6011.98,-1
1,13,0,1000,0.2181,-9095.46,-1
1,13,1,1000,0.2814,-5931.56,-1
1,13,2,1000,0.35,-2500.2,-1
1,13,3,1000,0.3927,-364.13,-1
1,13,4,1000,0.4241,1202.94,-1
1,13,5,1000,0.5064,5318.21,-1
1,13,6,1000,0.5317,6585.11,-1
1,13,7,1000,0.463,3151.06,-1
1,13,8,1000,0.3747,-1263.39,-1
1,13,9,1000,0.2859,-5706.32,-1
1,14,0,1000,0.2193,-9037.45,-1
1,14,1,1000,0.2835,-5827.14,-1
1,14,2,1000,0.3332,-3342.35,-1
1,14,3,1000,0.3863,-682.75,-1
1,14,4,1000,0.4472,2361.43,-1
1,14,5,1000,0.5079,5392.6,-1
1,14,6,1000,0.5022,5111.11,-1
1,14,7,1000,0.4442,2212.08,-1
1,14,8,1000,0.3862,-691.31,-1
1,14,9,1000,0.3044,-4781.73,-1
1,15,0,1000,0.2309,-8454.15,-1
1,15,1,1000,0.2976,-5118.79,-1
1,15,2,1000,0.3242,-3791.38,-1
1,15,3,1000,0.3871,-643.57,-1
1,15,4,1000,0.4786,3928.88,-1
1,15,5,1000,0.5092,5459.98,-1
1,15,6,1000,0.4669,3342.66,-1
1,15,7,1000,0.4179,896.08,-1
1,15,8,1000,0.3794,-1029.04,-1
1,15,9,1000,0.3016,-4921.03,-1
1,16,0,1000,0.2306,-8472.01,-1
1,16,1,1000,0.2959,-5202.74,-1
1,16,2,1000,0.3181,-4093.78,-1
1,16,3,1000,0.3795,-1022.94,-1
1,16,4,1000,0.4668,3341.24,-1
1,16,5,1000,0.475,3749.91,-1
1,16,6,1000,0.4215,1074.89,-1
1,16,7,1000,0.3789,-1056.0,-1
1,16,8,1000,0.348,-2598.55,-1
1,16,9,1000,0.2775,-6125.57,-1
1,17,0,1000,0.2142,-9291.07,-1
1,17,1,1000,0.2766,-6169.78,-1
1,17,2,1000,0.3082,-4589.32,-1
1,17,3,1000,0.3755,-1224.48,-1
1,17,4,1000,0.4549,2745.52,-1
1,17,5,1000,0.4418,2087.92,-1
1,17,6,1000,0.3849,-754.65,-1
1,17,7,1000,0.3499,-2506.54,-1
1,17,8,1000,0.314,-4300.84,-1
1,17,9,1000,0.2448,-7760.86,-1
1,18,0,1000,0.1906,-10470.88,-1
1,18,1,1000,0.2485,-7573.59,-1
1,18,2,1000,0.2906,-5471.35,-1
1,18,3,1000,0.3641,-1795.7,-1
1,18,4,1000,0.4375,1877.37,-1
1,18,5,1000,0.4155,776.97,-1
1,18,6,1000,0.3634,-1830.3,-1
1,18,7,1000,0.3377,-3115.61,-1
1,18,8,1000,0.3036,-4818.72,-1
1,18,9,1000,0.2362,-8190.95,-1
1,19,0,1000,0.1797,-11017.42,-1
1,19,1,1000,0.233,-8352.16,-1
1,19,2,1000,0.2709,-6454.19,-1
1,19,3,1000,0.3382,-3092.19,-1
1,19,4,1000,0.4041,206.79,-1
1,19,5,1000,0.3794,-1030.62,-1
1,19,6,1000,0.3306,-3468.4,-1
1,19,7,1000,0.3123,-4382.77,-1
1,19,8,1000,0.2956,-5220.58,-1
1,19,9,1000,0.2389,-8054.79,-1
1,20,0,1000,0.179,-11049.97,-1
1,20,1,1000,0.2301,-8494.79,-1
1,20,2,1000,0.2578,-7108.59,-1
1,20,3,1000,0.3013,-4933.16,-1
1,20,4,1000,0.3476,-2621.51,-1
1,20,5,1000,0.331,-3447.81,-1
1,20,6,1000,0.2909,-5456.28,-1
1,20,7,1000,0.2692,-6538.09,-1
1,20,8,1000,0.2659,-6705.26,-1
1,20,9,1000,0.2297,-8515.12,-1
1,21,0,1000,0.1736,-11317.52,-1
1,21,1,1000,0.225,-8750.05,-1
1,21,2,1000,0.2522,-7389.26,-1
1,21,3,1000,0.2718,-6407.97,-1
1,21,4,1000,0.2966,-5171.94,-1
1,21,5,1000,0.306,-4701.69,-1
1,21,6,1000,0.2828,-5859.88,-1
1,21,7,1000,0.2445,-7774.41,-1
1,21,8,1000,0.2255,-8726.29,-1
1,21,9,1000,0.2013,-9936.53,-1
1,22,0,1000,0.155,-12249.36,-1
1,22,1,1000,0.2035,-9823.01,-1
1,22,2,1000,0.2377,-8114.11,-1
1,22,3,1000,0.2564,-7178.37,-1
1,22,4,1000,0.2772,-6141.83,-1
1,22,5,1000,0.2997,-5016.5,-1
1,22,6,1000,0.2859,-5703.34,-1
1,22,7,1000,0.2427,-7863.28,-1
1,22,8,1000,0.2073,-9636.37,-1
1,22,9,1000,0.1798,-11008.97,-1
1,23,0,1000,0.1309,-13452.78,-1
1,23,1,1000,0.1704,-11480.3,-1
1,23,2,1000,0.2082,-9591.48,-1
1,23,3,1000,0.2331,-8344.02,-1
1,23,4,1000,0.2537,-7316.53,-1
1,23,5,1000,0.281,-5951.68,-1
1,23,6,1000,0.2821,-5894.98,-1
1,23,7,1000,0.2499,-7505.69,-1
1,23,8,1000,0.2028,-9858.73,-1
1,23,9,1000,0.1627,-11866.75,-1
1,24,0,1000,0.1155,-14223.13,-1
1,24,1,1000,0.1425,-12876.87,-1
1,24,2,1000,0.1774,-11130.29,-1
1,24,3,1000,0.2087,-9565.11,-1
1,24,4,1000,0.2246,-8768.42,-1
1,24,5,1000,0.2351,-8244.94,-1
1,24,6,1000,0.2483,-7584.28,-1
1,24,7,1000,0.2415,-7923.37,-1
1,24,8,1000,0.1976,-10119.99,-1
1,24,9,1000,0.146,-12700.29,-1
2,0,0,1000,0.1174,-14131.24,-1
2,0,1,1000,0.1408,-12962.0,-1
2,0,2,1000,0.1891,-10544.96,-1
2,0,3,1000,0.2261,-8694.78,-1
2,0,4,1000,0.2385,-8075.19,-1
2,0,5,1000,0.2517,-7414.51,-1
2,0,6,1000,0.2518,-7408.87,-1
2,0,7,1000,0.2246,-8768.54,-1
2,0,8,1000,0.1768,-11159.49,-1
2,0,9,1000,0.1424,-12878.57,-1
2,1,0,1000,0.1361,-13195.67,-1
2,1,1,1000,0.1665,-11673.18,-1
2,1,2,1000,0.213,-9352.35,-1
2,1,3,1000,0.2491,-7543.5,-1
2,1,4,1000,0.2647,-6763.33,-1
2,1,5,1000,0.2761,-6196.87,-1
2,1,6,1000,0.2716,-6420.01,-1
2,1,7,1000,0.2404,-7981.64,-1
2,1,8,1000,0.1884,-10580.58,-1
2,1,9,1000,0.1495,-12522.66,-1
2,2,0,1000,0.1516,-12419.5,-1
2,2,1,1000,0.1996,-10020.79,-1
2,2,2,1000,0.2454,-7729.61,-1
2,2,3,1000,0.2791,-6045.29,-1
2,2,4,1000,0.3051,-4746.36,-1
2,2,5,1000,0.321,-3948.46,-1
2,2,6,1000,0.3091,-4547.2,-1
2,2,7,1000,0.2704,-6482.16,-1
2,2,8,1000,0.2143,-9284.77,-1
2,2,9,1000,0.1657,-11715.27,-1
2,3,0,1000,0.1616,-11921.09,-1
2,3,1,1000,0.219,-9047.63,-1
2,3,2,1000,0.2605,-6973.86,-1
2,3,3,1000,0.2901,-5493.45,-1
2,3,4,1000,0.3285,-3573.97,-1
2,3,5,1000,0.3747,-1265.38,-1
2,3,6,1000,0.3721,-1395.03,-1
2,3,7,1000,0.3232,-3839.74,-1
2,3,8,1000,0.2536,-7320.11,-1
2,3,9,1000,0.1913,-10435.26,-1
2,4,0,1000,0.1742,-11291.12,-1
2,4,1,1000,0.2322,-8388.76,-1
2,4,2,1000,0.2703,-6485.39,-1
2,4,3,1000,0.2992,-5038.6,-1
2,4,4,1000,0.3465,-2672.58,-1
2,4,5,1000,0.424,1197.77,-1
2,4,6,1000,0.4336,1681.15,-1
2,4,7,1000,0.3742,-1289.95,-1
2,4,8,1000,0.2923,-5385.87,-1
2,4,9,1000,0.2208,-8960.43,-1
2,5,0,1000,0.1919,-10403.8,-1
2,5,1,1000,0.2468,-7659.21,-1
2,5,2,1000,0.3057,-4715.63,-1
2,5,3,1000,0.3558,-2208.19,-1
2,5,4,1000,0.4043,215.51,-1
2,5,5,1000,0.4693,3464.91,-1
2,5,6,1000,0.4627,3136.28,-1
2,5,7,1000,0.3936,-322.17,-1
2,5,8,1000,0.3199,-4004.01,-1
2,5,9,1000,0.2553,-7237.06,-1
2,6,0,1000,0.2056,-9722.0,-1
2,6,1,1000,0.2616,-6918.55,-1
2,6,2,1000,0.3442,-2789.55,-1
2,6,3,1000,0.4166,831.33,-1
2,6,4,1000,0.4646,3227.84,-1
2,6,5,1000,0.5023,5114.39,-1
2,6,6,1000,0.4727,3634.64,-1
2,6,7,1000,0.396,-200.24,-1
2,6,8,1000,0.3263,-3686.95,-1
2,6,9,1000,0.2665,-6674.18,-1
2,7,0,1000,0.2161,-9194.88,-1
2,7,1,1000,0.2756,-6220.96,-1
2,7,2,1000,0.3628,-1860.64,-1
2,7,3,1000,0.4433,2162.53,-1
2,7,4,1000,0.4966,4829.66,-1
2,7,5,1000,0.5302,6511.26,-1
2,7,6,1000,0.4968,4841.1,-1
2,7,7,1000,0.4176,877.56,-1
2,7,8,1000,0.339,-3050.72,-1
2,7,9,1000,0.2704,-6480.6,-1
2,8,0,1000,0.2337,-8315.85,-1
2,8,1,1000,0.2921,-5397.41,-1
2,8,2,1000,0.3647,-1766.37,-1
2,8,3,1000,0.4519,2593.13,-1
2,8,4,1000,0.5151,5753.56,-1
2,8,5,1000,0.5272,6360.28,-1
2,8,6,1000,0.4985,4926.26,-1
2,8,7,1000,0.4469,2345.47,-1
2,8,8,1000,0.3782,-1087.89,-1
2,8,9,1000,0.2897,-5516.46,-1
2,9,0,1000,0.2415,-7922.57,-1
2,9,1,1000,0.2956,-5218.43,-1
2,9,2,1000,0.3481,-2597.04,-1
2,9,3,1000,0.4337,1683.63,-1
2,9,4,1000,0.5055,5274.3,-1
2,9,5,1000,0.5146,5730.75,-1
2,9,6,1000,0.4988,4938.43,-1
2,9,7,1000,0.4707,3533.71,-1
2,9,8,1000,0.414,701.13,-1
2,9,9,1000,0.3107,-4465.63,-1
2,10,0,1000,0.2405,-7976.87,-1
2,10,1,1000,0.2926,-5367.65,-1
2,10,2,1000,0.3355,-3224.87,-1
2,10,3,1000,0.4137,683.96,-1
2,10,4,1000,0.4887,4436.04,-1
2,10,5,1000,0.5193,5964.89,-1
2,10,6,1000,0.5139,5692.55,-1
2,10,7,1000,0.481,4050.19,-1
2,10,8,1000,0.4188,939.91,-1
2,10,9,1000,0.3137,-4314.31,-1
2,11,0,1000,0.2457,-7716.04,-1
2,11,1,1000,0.3041,-4795.72,-1
2,11,2,1000,0.3462,-2690.67,-1
2,11,3,1000,0.4072,357.54,-1
2,11,4,1000,0.4819,4093.59,-1
2,11,5,1000,0.5696,8480.47,-1
2,11,6,1000,0.5766,8829.29,-1
2,11,7,1000,0.5012,5058.9,-1
2,11,8,1000,0.3998,-12.06,-1
2,11,9,1000,0.3067,-4665.41,-1
2,12,0,1000,0.2391,-8044.31,-1
2,12,1,1000,0.3078,-4612.16,-1
2,12,2,1000,0.379,-1047.85,-1
2,12,3,1000,0.4463,2316.18,-1
2,12,4,1000,0.5215,6073.43,-1
2,12,5,1000,0.6427,12133.38,-1
2,12,6,1000,0.6481,12403.79,-1
2,12,7,1000,0.5303,6513.27,-1
2,12,8,1000,0.3857,-714.67,-1
2,12,9,1000,0.3005,-4974.56,-1
2,13,0,1000,0.2225,-8876.37,-1
2,13,1,1000,0.2931,-5344.17,-1
2,13,2,1000,0.387,-652.24,-1
2,13,3,1000,0.4705,3525.12,-1
2,13,4,1000,0.5471,7354.13,-1
2,13,5,1000,0.66,12997.9,-1
2,13,6,1000,0.6587,12934.11,-1
2,13,7,1000,0.5377,6885.91,-1
2,13,8,1000,0.3868,-660.17,-1
2,13,9,1000,0.2995,-5024.78,-1
2,14,0,1000,0.2398,-8010.63,-1
2,14,1,1000,0.3121,-4394.18,-1
2,14,2,1000,0.3864,-679.29,-1
2,14,3,1000,0.4692,3462.0,-1
2,14,4,1000,0.5508,7539.68,-1
2,14,5,1000,0.6192,10958.79,-1
2,14,6,1000,0.6021,10103.57,-1
2,14,7,1000,0.5125,5626.36,-1
2,14,8,1000,0.403,148.68,-1
2,14,9,1000,0.3194,-4031.19,-1
2,15,0,1000,0.2665,-6676.0,-1
2,15,1,1000,0.3373,-3137.0,-1
2,15,2,1000,0.3701,-1496.29,-1
2,15,3,1000,0.4364,1819.76,-1
2,15,4,1000,0.5232,6157.56,-1
2,15,5,1000,0.5627,8134.01,-1
2,15,6,1000,0.5407,7034.3,-1
2,15,7,1000,0.4836,4181.83,-1
2,15,8,1000,0.4111,552.72,-1
2,15,9,1000,0.3292,-3540.14,-1
2,16,0,1000,0.2533,-7336.3,-1
2,16,1,1000,0.3195,-4022.69,-1
2,16,2,1000,0.3492,-2541.03,-1
2,16,3,1000,0.4126,631.09,-1
2,16,4,1000,0.4982,4911.91,-1
2,16,5,1000,0.5446,7227.97,-1
2,16,6,1000,0.5296,6480.35,-1
2,16,7,1000,0.4748,3739.21,-1
2,16,8,1000,0.394,-299.38,-1
2,16,9,1000,0.3089,-4555.94,-1
2,17,0,1000,0.2222,-8888.61,-1
2,17,1,1000,0.2831,-5843.25,-1
2,17,2,1000,0.3379,-3107.28,-1
2,17,3,1000,0.4259,1294.29,-1
2,17,4,1000,0.5134,5672.43,-1
2,17,5,1000,0.5364,6821.77,-1
2,17,6,1000,0.5095,5473.1,-1
2,17,7,1000,0.4602,3011.06,-1
2,17,8,1000,0.3716,-1417.91,-1
2,17,9,1000,0.2801,-5994.17,-1
2,18,0,1000,0.2105,-9476.87,-1
2,18,1,1000,0.2665,-6676.34,-1
2,18,2,1000,0.3335,-3327.33,-1
2,18,3,1000,0.4394,1972.04,-1
2,18,4,1000,0.524,6200.81,-1
2,18,5,1000,0.4969,4845.01,-1
2,18,6,1000,0.4446,2229.03,-1
2,18,7,1000,0.4129,646.17,-1
2,18,8,1000,0.3496,-2521.29,-1
2,18,9,1000,0.2656,-6719.35,-1
2,19,0,1000,0.215,-9249.37,-1
2,19,1,1000,0.2662,-6689.15,-1
2,19,2,1000,0.3149,-4255.61,-1
2,19,3,1000,0.4052,258.53,-1
2,19,4,1000,0.4791,3956.53,-1
2,19,5,1000,0.4379,1896.71,-1
2,19,6,1000,0.3826,-869.43,-1
2,19,7,1000,0.3624,-1878.8,-1
2,19,8,1000,0.3256,-3721.07,-1
2,19,9,1000,0.2573,-7136.09,-1
2,20,0,1000,0.2213,-8937.42,-1
2,20,1,1000,0.2739,-6305.32,-1
2,20,2,1000,0.306,-4698.95,-1
2,20,3,1000,0.3601,-1994.19,-1
2,20,4,1000,0.409,450.15,-1
2,20,5,1000,0.3843,-787.24,-1
2,20,6,1000,0.3401,-2995.02,-1
2,20,7,1000,0.3109,-4453.59,-1
2,20,8,1000,0.2849,-5757.47,-1
2,20,9,1000,0.2382,-8087.91,-1
2,21,0,1000,0.203,-9849.56,-1
2,21,1,1000,0.26,-6998.16,-1
2,21,2,1000,0.2976,-5119.23,-1
2,21,3,1000,0.32,-4000.59,-1
2,21,4,1000,0.3403,-2986.53,-1
2,21,5,1000,0.3524,-2380.44,-1
2,21,6,1000,0.3282,-3592.01,-1
2,21,7,1000,0.2767,-6163.52,-1
2,21,8,1000,0.2442,-7788.15,-1
2,21,9,1000,0.2164,-9181.41,-1
2,22,0,1000,0.1727,-11363.53,-1
2,22,1,1000,0.2253,-8733.89,-1
2,22,2,1000,0.2687,-6566.55,-1
2,22,3,1000,0.2866,-5669.77,-1
2,22,4,1000,0.2995,-5022.65,-1
2,22,5,1000,0.3231,-3845.0,-1
2,22,6,1000,0.308,-4602.0,-1
2,22,7,1000,0.2564,-7180.77,-1
2,22,8,1000,0.2265,-8673.33,-1
2,22,9,1000,0.2051,-9744.68,-1
2,23,0,1000,0.144,-12799.6,-1
2,23,1,1000,0.1874,-10630.25,-1
2,23,2,1000,0.2333,-8336.85,-1
2,23,3,1000,0.2564,-7177.84,-1
2,23,4,1000,0.2662,-6687.82,-1
2,23,5,1000,0.2826,-5869.09,-1
2,23,6,1000,0.2785,-6075.41,-1
2,23,7,1000,0.2436,-7819.41,-1
2,23,8,1000,0.2127,-9364.04,-1
2,23,9,1000,0.1875,-10626.43,-1
2,24,0,1000,0.124,-13797.85,-1
2,24,1,1000,0.1577,-12114.77,-1
2,24,2,1000,0.2057,-9713.84,-1
2,24,3,1000,0.2378,-8110.2,-1
2,24,4,1000,0.243,-7850.14,-1
2,24,5,1000,0.2394,-8031.17,-1
2,24,6,1000,0.2486,-7572.39,-1
2,24,7,1000,0.238,-8102.2,-1
2,24,8,1000,0.1947,-10264.4,-1
2,24,9,1000,0.1567,-12166.01,-1
3,0,0,1000,0.1301,-13494.72,-1
3,0,1,1000,0.151,-12447.87,-1
3,0,2,1000,0.1939,-10303.33,-1
3,0,3,1000,0.2342,-8292.46,-1
3,0,4,1000,0.254,-7300.54,-1
3,0,5,1000,0.2694,-6528.11,-1
3,0,6,1000,0.2603,-6983.78,-1
3,0,7,1000,0.225,-8751.78,-1
3,0,8,1000,0.1813,-10936.89,-1
3,0,9,1000,0.1586,-12071.54,-1
3,1,0,1000,0.1545,-12275.62,-1
3,1,1,1000,0.1845,-10777.46,-1
3,1,2,1000,0.2246,-8767.65,-1
3,1,3,1000,0.2621,-6894.41,-1
3,1,4,1000,0.2817,-5913.42,-1
3,1,5,1000,0.286,-5702.0,-1
3,1,6,1000,0.2688,-6560.8,-1
3,1,7,1000,0.233,-8351.37,-1
3,1,8,1000,0.1951,-10246.27,-1
3,1,9,1000,0.171,-11450.99,-1
3,2,0,1000,0.1639,-11804.69,-1
3,2,1,1000,0.2182,-9090.56,-1
3,2,2,1000,0.2733,-6334.16,-1
3,2,3,1000,0.3113,-4434.0,-1
3,2,4,1000,0.3322,-3389.77,-1
3,2,5,1000,0.3268,-3662.22,-1
3,2,6,1000,0.3022,-4890.11,-1
3,2,7,1000,0.2669,-6655.29,-1
3,2,8,1000,0.2361,-8195.62,-1
3,2,9,1000,0.1977,-10112.84,-1
3,3,0,1000,0.1723,-11382.9,-1
3,3,1,1000,0.2399,-8005.97,-1
3,3,2,1000,0.2976,-5120.98,-1
3,3,3,1000,0.3321,-3396.09,-1
3,3,4,1000,0.3613,-1933.98,-1
3,3,5,1000,0.3829,-856.72,-1
3,3,6,1000,0.3701,-1493.79,-1
3,3,7,1000,0.3271,-3643.08,-1
3,3,8,1000,0.2836,-5820.52,-1
3,3,9,1000,0.2262,-8688.59,-1
3,4,0,1000,0.1917,-10416.8,-1
3,4,1,1000,0.258,-7101.66,-1
3,4,2,1000,0.3055,-4722.86,-1
3,4,3,1000,0.3374,-3131.18,-1
3,4,4,1000,0.3785,-1077.02,-1
3,4,5,1000,0.4377,1884.3,-1
3,4,6,1000,0.4397,1985.83,-1
3,4,7,1000,0.3841,-794.18,-1
3,4,8,1000,0.3232,-3839.03,-1
3,4,9,1000,0.2548,-7259.99,-1
3,5,0,1000,0.2096,-9521.16,-1
3,5,1,1000,0.2621,-6893.54,-1
3,5,2,1000,0.3225,-3877.45,-1
3,5,3,1000,0.3831,-845.63,-1
3,5,4,1000,0.4383,1915.05,-1
3,5,5,1000,0.5018,5089.63,-1
3,5,6,1000,0.4912,4560.29,-1
3,5,7,1000,0.4197,984.67,-1
3,5,8,1000,0.351,-2452.25,-1
3,5,9,1000,0.2872,-5638.48,-1
3,6,0,1000,0.2161,-9192.8,-1
3,6,1,1000,0.2628,-6859.27,-1
3,6,2,1000,0.3487,-2564.38,-1
3,6,3,1000,0.4424,2119.11,-1
3,6,4,1000,0.5055,5274.98,-1
3,6,5,1000,0.5464,7319.63,-1
3,6,6,1000,0.5111,5555.1,-1
3,6,7,1000,0.4274,1369.74,-1
3,6,8,1000,0.3493,-2534.93,-1
3,6,9,1000,0.2891,-5545.78,-1
3,7,0,1000,0.2219,-8904.83,-1
3,7,1,1000,0.2725,-6376.43,-1
3,7,2,1000,0.3706,-1468.69,-1
3,7,3,1000,0.4808,4042.06,-1
3,7,4,1000,0.5535,7674.7,-1
3,7,5,1000,0.5873,9367.17,-1
3,7,6,1000,0.5436,7178.35,-1
3,7,7,1000,0.4538,2691.64,-1
3,7,8,1000,0.3581,-2095.37,-1
3,7,9,1000,0.2849,-5757.38,-1
3,8,0,1000,0.2377,-8114.91,-1
3,8,1,1000,0.2934,-5329.36,-1
3,8,2,1000,0.3941,-295.24,-1
3,8,3,1000,0.5323,6612.89,-1
3,8,4,1000,0.6327,11636.0,-1
3,8,5,1000,0.6455,12274.66,-1
3,8,6,1000,0.5947,9735.8,-1
3,8,7,1000,0.525,6250.51,-1
3,8,8,1000,0.4265,1323.98,-1
3,8,9,1000,0.3177,-4116.86,-1
3,9,0,1000,0.2507,-7465.12,-1
3,9,1,1000,0.3064,-4677.64,-1
3,9,2,1000,0.3917,-414.78,-1
3,9,3,1000,0.5391,6954.75,-1
3,9,4,1000,0.6608,13039.5,-1
3,9,5,1000,0.6662,13309.47,-1
3,9,6,1000,0.617,10848.44,-1
3,9,7,1000,0.5682,8408.52,-1
3,9,8,1000,0.4804,4019.12,-1
3,9,9,1000,0.3488,-2559.8,-1
3,10,0,1000,0.2553,-7232.62,-1
3,10,1,1000,0.3092,-4539.31,-1
3,10,2,1000,0.3774,-1129.69,-1
3,10,3,1000,0.5123,5616.5,-1
3,10,4,1000,0.6348,11739.31,-1
3,10,5,1000,0.65,12499.09,-1
3,10,6,1000,0.6044,10219.34,-1
3,10,7,1000,0.5539,7693.87,-1
3,10,8,1000,0.4696,3477.94,-1
3,10,9,1000,0.3432,-2837.59,-1
3,11,0,1000,0.2752,-6240.0,-1
3,11,1,1000,0.3412,-2940.85,-1
3,11,2,1000,0.3978,-111.35,-1
3,11,3,1000,0.4975,4876.07,-1
3,11,4,1000,0.6045,10224.46,-1
3,11,5,1000,0.6538,12691.76,-1
3,11,6,1000,0.6087,10432.98,-1
3,11,7,1000,0.5187,5932.93,-1
3,11,8,1000,0.4255,1273.06,-1
3,11,9,1000,0.3403,-2983.82,-1
3,12,0,1000,0.2727,-6366.24,-1
3,12,1,1000,0.3563,-2184.89,-1
3,12,2,1000,0.4509,2546.45,-1
3,12,3,1000,0.5551,7756.03,-1
3,12,4,1000,0.6547,12734.45,-1
3,12,5,1000,0.7273,16364.01,-1
3,12,6,1000,0.6725,13626.98,-1
3,12,7,1000,0.5338,6688.4,-1
3,12,8,1000,0.4049,245.63,-1
3,12,9,1000,0.3434,-2828.52,-1
3,13,0,1000,0.2489,-7555.03,-1
3,13,1,1000,0.3362,-3189.33,-1
3,13,2,1000,0.4683,3416.34,-1
3,13,3,1000,0.5997,9983.31,-1
3,13,4,1000,0.7028,15138.6,-1
3,13,5,1000,0.7684,18419.15,-1
3,13,6,1000,0.7068,15340.1,-1
3,13,7,1000,0.559,7950.84,-1
3,13,8,1000,0.4081,403.58,-1
3,13,9,1000,0.3378,-3110.32,-1
3,14,0,1000,0.2538,-7311.57,-1
3,14,1,1000,0.3423,-2884.87,-1
3,14,2,1000,0.4716,3579.67,-1
3,14,3,1000,0.6082,10411.51,-1
3,14,4,1000,0.7063,15312.69,-1
3,14,5,1000,0.7252,16261.39,-1
3,14,6,1000,0.6631,13156.32,-1
3,14,7,1000,0.5527,7633.23,-1
3,14,8,1000,0.425,1251.5,-1
3,14,9,1000,0.3447,-2762.66,-1
3,15,0,1000,0.2661,-6695.61,-1
3,15,1,1000,0.3497,-2517.18,-1
3,15,2,1000,0.4434,2170.38,-1
3,15,3,1000,0.5593,7966.13,-1
3,15,4,1000,0.6515,12577.06,-1
3,15,5,1000,0.6571,12852.86,-1
3,15,6,1000,0.6174,10871.49,-1
3,15,7,1000,0.5464,7321.84,-1
3,15,8,1000,0.439,1948.42,-1
3,15,9,1000,0.3462,-2690.44,-1
3,16,0,1000,0.2433,-7833.32,-1
3,16,1,1000,0.3196,-4018.15,-1
3,16,2,1000,0.4097,487.46,-1
3,16,3,1000,0.5203,6013.69,-1
3,16,4,1000,0.6129,10644.53,-1
3,16,5,1000,0.6483,12412.51,-1
3,16,6,1000,0.63,11501.47,-1
3,16,7,1000,0.5579,7893.38,-1
3,16,8,1000,0.4293,1464.18,-1
3,16,9,1000,0.3256,-3719.54,-1
3,17,0,1000,0.2081,-9595.93,-1
3,17,1,1000,0.2727,-6366.52,-1
3,17,2,1000,0.3741,-1293.39,-1
3,17,3,1000,0.5028,5140.27,-1
3,17,4,1000,0.6061,10304.84,-1
3,17,5,1000,0.6508,12539.89,-1
3,17,6,1000,0.6353,11762.76,-1
3,17,7,1000,0.5661,8303.02,-1
3,17,8,1000,0.4242,1207.99,-1
3,17,9,1000,0.3063,-4685.32,-1
3,18,0,1000,0.2089,-9555.94,-1
3,18,1,1000,0.2627,-6866.47,-1
3,18,2,1000,0.3488,-2557.94,-1
3,18,3,1000,0.4807,4036.06,-1
3,18,4,1000,0.5863,9315.71,-1
3,18,5,1000,0.5961,9803.43,-1
3,18,6,1000,0.5611,8054.11,-1
3,18,7,1000,0.5141,5704.54,-1
3,18,8,1000,0.4089,446.61,-1
3,18,9,1000,0.2988,-5060.25,-1
3,19,0,1000,0.224,-8802.02,-1
3,19,1,1000,0.2722,-6389.75,-1
3,19,2,1000,0.3265,-3673.81,-1
3,19,3,1000,0.4325,1624.41,-1
3,19,4,1000,0.5245,6224.69,-1
3,19,5,1000,0.5162,5808.93,-1
3,19,6,1000,0.477,3851.64,-1
3,19,7,1000,0.4457,2286.36,-1
3,19,8,1000,0.3754,-1230.32,-1
3,19,9,1000,0.2851,-5745.14,-1
3,20,0,1000,0.2348,-8261.66,-1
3,20,1,1000,0.2888,-5559.85,-1
3,20,2,1000,0.3301,-3496.0,-1
3,20,3,1000,0.3963,-185.1,-1
3,20,4,1000,0.457,2851.92,-1
3,20,5,1000,0.4585,2926.34,-1
3,20,6,1000,0.4258,1288.29,-1
3,20,7,1000,0.3823,-885.34,-1
3,20,8,1000,0.3216,-3919.21,-1
3,20,9,1000,0.2553,-7234.55,-1
3,21,0,1000,0.2091,-9542.7,-1
3,21,1,1000,0.273,-6351.83,-1
3,21,2,1000,0.3348,-3260.28,-1
3,21,3,1000,0.3715,-1427.34,-1
3,21,4,1000,0.3961,-196.04,-1
3,21,5,1000,0.4264,1318.85,-1
3,21,6,1000,0.4069,342.78,-1
3,21,7,1000,0.3368,-3160.5,-1
3,21,8,1000,0.2728,-6358.93,-1
3,21,9,1000,0.2297,-8516.15,-1
3,22,0,1000,0.1723,-11384.11,-1
3,22,1,1000,0.231,-8449.28,-1
3,22,2,1000,0.2992,-5038.98,-1
3,22,3,1000,0.3298,-3510.92,-1
3,22,4,1000,0.3437,-2815.4,-1
3,22,5,1000,0.3803,-986.93,-1
3,22,6,1000,0.3678,-1608.9,-1
3,22,7,1000,0.3014,-4928.39,-1
3,22,8,1000,0.2524,-7377.89,-1
3,22,9,1000,0.2221,-8892.7,-1
3,23,0,1000,0.1484,-12578.98,-1
3,23,1,1000,0.1968,-10161.15,-1
3,23,2,1000,0.2578,-7109.43,-1
3,23,3,1000,0.2871,-5645.3,-1
3,23,4,1000,0.2948,-5258.25,-1
3,23,5,1000,0.3157,-4215.22,-1
3,23,6,1000,0.3127,-4364.78,-1
3,23,7,1000,0.2701,-6497.38,-1
3,23,8,1000,0.2343,-8283.52,-1
3,23,9,1000,0.2089,-9557.28,-1
3,24,0,1000,0.1407,-12965.55,-1
3,24,1,1000,0.1793,-11037.12,-1
3,24,2,1000,0.2294,-8529.23,-1
3,24,3,1000,0.2592,-7041.62,-1
3,24,4,1000,0.2607,-6966.05,-1
3,24,5,1000,0.2576,-7122.38,-1
3,24,6,1000,0.2694,-6530.21,-1
3,24,7,1000,0.2557,-7214.76,-1
3,24,8,1000,0.2123,-9384.8,-1
3,24,9,1000,0.1794,-11030.54,-1
4,0,0,1000,0.1462,-12691.36,-1
4,0,1,1000,0.1686,-11570.79,-1
4,0,2,1000,0.2023,-9883.43,-1
4,0,3,1000,0.2412,-7939.85,-1
4,0,4,1000,0.2656,-6722.48,-1
4,0,5,1000,0.2786,-6069.47,-1
4,0,6,1000,0.268,-6599.87,-1
4,0,7,1000,0.2365,-8176.23,-1
4,0,8,1000,0.2022,-9890.81,-1
4,0,9,1000,0.1805,-10974.56,-1
4,1,0,1000,0.1719,-11404.0,-1
4,1,1,1000,0.2052,-9741.99,-1
4,1,2,1000,0.2394,-8031.21,-1
4,1,3,1000,0.2768,-6159.21,-1
4,1,4,1000,0.2994,-5029.47,-1
4,1,5,1000,0.2952,-5241.95,-1
4,1,6,1000,0.2735,-6326.35,-1
4,1,7,1000,0.2417,-7913.28,-1
4,1,8,1000,0.2143,-9285.76,-1
4,1,9,1000,0.1921,-10396.64,-1
4,2,0,1000,0.1826,-10871.97,-1
4,2,1,1000,0.2444,-7778.41,-1
4,2,2,1000,0.3033,-4834.18,-1
4,2,3,1000,0.3439,-2806.93,-1
4,2,4,1000,0.362,-1898.58,-1
4,2,5,1000,0.3351,-3243.29,-1
4,2,6,1000,0.3004,-4980.59,-1
4,2,7,1000,0.2687,-6566.71,-1
4,2,8,1000,0.2492,-7537.92,-1
4,2,9,1000,0.2151,-9243.81,-1
4,3,0,1000,0.1922,-10392.22,-1
4,3,1,1000,0.2704,-6479.63,-1
4,3,2,1000,0.3387,-3064.88,-1
4,3,3,1000,0.3783,-1087.15,-1
4,3,4,1000,0.4015,76.6,-1
4,3,5,1000,0.3921,-397.33,-1
4,3,6,1000,0.3646,-1771.94,-1
4,3,7,1000,0.3249,-3756.87,-1
4,3,8,1000,0.2938,-5307.57,-1
4,3,9,1000,0.2422,-7890.86,-1
4,4,0,1000,0.2129,-9355.99,-1
4,4,1,1000,0.2904,-5478.51,-1
4,4,2,1000,0.3476,-2621.36,-1
4,4,3,1000,0.3841,-792.82,-1
4,4,4,1000,0.4198,991.23,-1
4,4,5,1000,0.4476,2381.16,-1
4,4,6,1000,0.4343,1715.72,-1
4,4,7,1000,0.3815,-926.27,-1
4,4,8,1000,0.3324,-3380.3,-1
4,4,9,1000,0.269,-6550.81,-1
4,5,0,1000,0.2346,-8272.05,-1
4,5,1,1000,0.2951,-5246.97,-1
4,5,2,1000,0.3498,-2510.28,-1
4,5,3,1000,0.4071,354.32,-1
4,5,4,1000,0.4626,3131.88,-1
4,5,5,1000,0.516,5800.55,-1
4,5,6,1000,0.5,4999.07,-1
4,5,7,1000,0.4278,1387.7,-1
4,5,8,1000,0.362,-1898.11,-1
4,5,9,1000,0.2973,-5133.6,-1
4,6,0,1000,0.2465,-7676.55,-1
4,6,1,1000,0.3,-4998.37,-1
4,6,2,1000,0.3719,-1406.66,-1
4,6,3,1000,0.4586,2930.29,-1
4,6,4,1000,0.5277,6385.52,-1
4,6,5,1000,0.5747,8735.43,-1
4,6,6,1000,0.5406,7030.87,-1
4,6,7,1000,0.4521,2607.26,-1
4,6,8,1000,0.3692,-1541.36,-1
4,6,9,1000,0.3023,-4882.74,-1
4,7,0,1000,0.2546,-7271.88,-1
4,7,1,1000,0.315,-4249.25,-1
4,7,2,1000,0.4067,335.29,-1
4,7,3,1000,0.5163,5816.68,-1
4,7,4,1000,0.598,9899.82,-1
4,7,5,1000,0.6378,11887.53,-1
4,7,6,1000,0.5928,9640.76,-1
4,7,7,1000,0.4944,4717.75,-1
4,7,8,1000,0.3885,-575.23,-1
4,7,9,1000,0.305,-4751.93,-1
4,8,0,1000,0.261,-6947.97,-1
4,8,1,1000,0.333,-3348.15,-1
4,8,2,1000,0.4575,2873.0,-1
4,8,3,1000,0.6163,10814.86,-1
4,8,4,1000,0.7297,16484.24,-1
4,8,5,1000,0.7422,17108.51,-1
4,8,6,1000,0.6829,14143.17,-1
4,8,7,1000,0.5955,9773.31,-1
4,8,8,1000,0.4718,3590.01,-1
4,8,9,1000,0.3435,-2826.25,-1
4,9,0,1000,0.2632,-6840.63,-1
4,9,1,1000,0.3385,-3072.75,-1
4,9,2,1000,0.4682,3409.5,-1
4,9,3,1000,0.6504,12519.6,-1
4,9,4,1000,0.7875,19377.24,-1
4,9,5,1000,0.7904,19521.42,-1
4,9,6,1000,0.729,16448.59,-1
4,9,7,1000,0.6562,12811.08,-1
4,9,8,1000,0.5324,6619.06,-1
4,9,9,1000,0.3749,-1255.99,-1
4,10,0,1000,0.2673,-6634.04,-1
4,10,1,1000,0.3409,-2955.95,-1
4,10,2,1000,0.0423,-17883.89,0
4,10,3,1000,0.6245,11222.68,-1
4,10,4,1000,0.7632,18158.59,-1
4,10,5,1000,0.7771,18854.06,-1
4,10,6,1000,0.7192,15959.97,-1
4,10,7,1000,0.6437,12185.46,-1
4,10,8,1000,0.5236,6181.12,-1
4,10,9,1000,0.3715,-1424.76,-1
4,11,0,1000,0.3055,-4723.38,-1
4,11,1,1000,0.1438,-12808.65,0
4,11,2,1000,0.0217,-18913.4,0
4,11,3,1000,0.1139,-14307.0,0
4,11,4,1000,0.7427,17137.05,-1
4,11,5,1000,0.7726,18632.28,-1
4,11,6,1000,0.7045,15227.0,-1
4,11,7,1000,0.5938,9688.78,-1
4,11,8,1000,0.4854,4269.48,-1
4,11,9,1000,0.3861,-697.27,-1
4,12,0,1000,0.3276,-3621.94,-1
4,12,1,1000,0.4355,1775.97,-1
4,12,2,1000,0.5617,8086.55,-1
4,12,3,1000,0.6959,14792.52,-1
4,12,4,1000,0.8047,20236.12,-1
4,12,5,1000,0.834,21700.92,-1
4,12,6,1000,0.7424,17118.31,-1
4,12,7,1000,0.5877,9382.8,-1
4,12,8,1000,0.4652,3258.31,-1
4,12,9,1000,0.4023,112.72,-1
4,13,0,1000,0.3095,-4524.57,-1
4,13,1,1000,0.4209,1044.38,-1
4,13,2,1000,0.5798,8990.83,-1
4,13,3,1000,0.7392,16958.05,-1
4,13,4,1000,0.8512,22559.06,-1
4,13,5,1000,0.8671,23356.94,-1
4,13,6,1000,0.7648,18241.75,-1
4,13,7,1000,0.6026,10131.12,-1
4,13,8,1000,0.4618,3088.83,-1
4,13,9,1000,0.3928,-361.31,-1
4,14,0,1000,0.2908,-5459.19,-1
4,14,1,1000,0.399,-52.15,-1
4,14,2,1000,0.5666,8328.53,-1
4,14,3,1000,0.7463,17314.42,-1
4,14,4,1000,0.8625,23127.12,-1
4,14,5,1000,0.8307,21535.01,-1
4,14,6,1000,0.721,16048.8,-1
4,14,7,1000,0.5949,9745.37,-1
4,14,8,1000,0.4698,3491.29,-1
4,14,9,1000,0.3844,-779.54,-1
4,15,0,1000,0.2743,-6284.1,-1
4,15,1,1000,0.3725,-1374.53,-1
4,15,2,1000,0.5187,5934.5,-1
4,15,3,1000,0.6936,14679.87,-1
4,15,4,1000,0.8137,20682.87,-1
4,15,5,1000,0.7733,18664.8,-1
4,15,6,1000,0.6824,14118.62,-1
4,15,7,1000,0.5928,9641.59,-1
4,15,8,1000,0.4753,3764.22,-1
4,15,9,1000,0.3685,-1575.46,-1
4,16,0,1000,0.2508,-7462.37,-1
4,16,1,1000,0.3402,-2991.93,-1
4,16,2,1000,0.4782,3908.03,-1
4,16,3,1000,0.6429,12146.59,-1
4,16,4,1000,0.7614,18068.11,-1
4,16,5,1000,0.7554,17769.37,-1
4,16,6,1000,0.69,14498.33,-1
4,16,7,1000,0.5999,9997.03,-1
4,16,8,1000,0.459,2951.04,-1
4,16,9,1000,0.3412,-2940.96,-1
4,17,0,1000,0.2192,-9039.31,-1
4,17,1,1000,0.2939,-5303.85,-1
4,17,2,1000,0.4184,921.3,-1
4,17,3,1000,0.5753,8762.97,-1
4,17,4,1000,0.6996,14980.3,-1
4,17,5,1000,0.7417,17086.25,-1
4,17,6,1000,0.7093,15466.04,-1
4,17,7,1000,0.6248,11241.5,-1
4,17,8,1000,0.4694,3471.16,-1
4,17,9,1000,0.3344,-3279.77,-1
4,18,0,1000,0.2167,-9164.8,-1
4,18,1,1000,0.2764,-6177.55,-1
4,18,2,1000,0.3589,-2053.13,-1
4,18,3,1000,0.4898,4489.45,-1
4,18,4,1000,0.6116,10580.88,-1
4,18,5,1000,0.6669,13343.12,-1
4,18,6,1000,0.6525,12622.72,-1
4,18,7,1000,0.5946,9730.92,-1
4,18,8,1000,0.4775,3877.13,-1
4,18,9,1000,0.347,-2652.31,-1
4,19,0,1000,0.2261,-8696.74,-1
4,19,1,1000,0.2783,-6087.29,-1
4,19,2,1000,0.3246,-3770.95,-1
4,19,3,1000,0.4237,1185.46,-1
4,19,4,1000,0.5288,6438.84,-1
4,19,5,1000,0.5714,8571.38,-1
4,19,6,1000,0.5591,7953.54,-1
4,19,7,1000,0.5201,6006.26,-1
4,19,8,1000,0.4409,2045.85,-1
4,19,9,1000,0.3322,-3390.08,-1
4,20,0,1000,0.2358,-8207.58,-1
4,20,1,1000,0.2931,-5344.75,-1
4,20,2,1000,0.3302,-3491.73,-1
4,20,3,1000,0.3934,-329.4,-1
4,20,4,1000,0.4663,3316.58,-1
4,20,5,1000,0.5118,5587.51,-1
4,20,6,1000,0.5014,5070.51,-1
4,20,7,1000,0.4487,2436.41,-1
4,20,8,1000,0.3714,-1430.69,-1
4,20,9,1000,0.2878,-5609.41,-1
4,21,0,1000,0.2136,-9318.37,-1
4,21,1,1000,0.2814,-5928.38,-1
4,21,2,1000,0.3489,-2556.46,-1
4,21,3,1000,0.3927,-367.15,-1
4,21,4,1000,0.4304,1519.65,-1
4,21,5,1000,0.4927,4634.57,-1
4,21,6,1000,0.4869,4344.61,-1
4,21,7,1000,0.4029,147.09,-1
4,21,8,1000,0.3064,-4678.29,-1
4,21,9,1000,0.2442,-7788.91,-1
4,22,0,1000,0.176,-11198.11,-1
4,22,1,1000,0.239,-8050.29,-1
4,22,2,1000,0.318,-4098.11,-1
4,22,3,1000,0.3598,-2011.89,-1
4,22,4,1000,0.3858,-708.6,-1
4,22,5,1000,0.4474,2369.28,-1
4,22,6,1000,0.4448,2241.59,-1
4,22,7,1000,0.3648,-1758.94,-1
4,22,8,1000,0.2811,-5945.01,-1
4,22,9,1000,0.2317,-8413.35,-1
4,23,0,1000,0.1573,-12132.92,-1
4,23,1,1000,0.2109,-9456.58,-1
4,23,2,1000,0.2793,-6036.28,-1
4,23,3,1000,0.3159,-4206.23,-1
4,23,4,1000,0.3329,-3356.56,-1
4,23,5,1000,0.3721,-1397.2,-1
4,23,6,1000,0.3757,-1215.63,-1
4,23,7,1000,0.3228,-3859.85,-1
4,23,8,1000,0.264,-6800.89,-1
4,23,9,1000,0.2247,-8764.91,-1
4,24,0,1000,0.1645,-11776.74,-1
4,24,1,1000,0.2099,-9507.2,-1
4,24,2,1000,0.2558,-7211.15,-1
4,24,3,1000,0.2829,-5855.77,-1
4,24,4,1000,0.2893,-5533.39,-1
4,24,5,1000,0.2951,-5242.94,-1
4,24,6,1000,0.3083,-4582.83,-1
4,24,7,1000,0.2891,-5543.25,-1
4,24,8,1000,0.2432,-7839.18,-1
4,24,9,1000,0.2066,-9671.34,-1
5,0,0,1000,0.1533,-12334.52,-1
5,0,1,1000,0.1788,-11059.09,-1
5,0,2,1000,0.1983,-10083.43,-1
5,0,3,1000,0.2423,-7882.99,-1
5,0,4,1000,0.2867,-5666.76,-1
5,0,5,1000,0.3058,-4712.08,-1
5,0,6,1000,0.302,-4897.88,-1
5,0,7,1000,0.2813,-5935.63,-1
5,0,8,1000,0.2353,-8233.96,-1
5,0,9,1000,0.193,-10349.62,-1
5,1,0,1000,0.1791,-11044.07,-1
5,1,1,1000,0.2179,-9105.9,-1
5,1,2,1000,0.244,-7799.35,-1
5,1,3,1000,0.2873,-5632.86,-1
5,1,4,1000,0.3262,-3688.5,-1
5,1,5,1000,0.325,-3751.75,-1
5,1,6,1000,0.311,-4452.08,-1
5,1,7,1000,0.2884,-5580.27,-1
5,1,8,1000,0.2433,-7833.48,-1
5,1,9,1000,0.2002,-9989.71,-1
5,2,0,1000,0.2036,-9819.83,-1
5,2,1,1000,0.2752,-6237.68,-1
5,2,2,1000,0.3277,-3613.35,-1
5,2,3,1000,0.3593,-2036.82,-1
5,2,4,1000,0.3763,-1183.06,-1
5,2,5,1000,0.361,-1949.45,-1
5,2,6,1000,0.3471,-2643.45,-1
5,2,7,1000,0.3171,-4142.51,-1
5,2,8,1000,0.2708,-6458.46,-1
5,2,9,1000,0.2228,-8858.29,-1
5,3,0,1000,0.2205,-8973.35,-1
5,3,1,1000,0.3133,-4335.42,-1
5,3,2,1000,0.3833,-836.23,-1
5,3,3,1000,0.4103,515.22,-1
5,3,4,1000,0.4199,993.49,-1
5,3,5,1000,0.4107,537.02,-1
5,3,6,1000,0.4036,179.35,-1
5,3,7,1000,0.3635,-1824.24,-1
5,3,8,1000,0.3049,-4754.79,-1
5,3,9,1000,0.2463,-7685.4,-1
5,4,0,1000,0.237,-8151.23,-1
5,4,1,1000,0.3325,-3376.89,-1
5,4,2,1000,0.4013,66.19,-1
5,4,3,1000,0.4324,1622.0,-1
5,4,4,1000,0.4512,2559.66,-1
5,4,5,1000,0.4558,2789.55,-1
5,4,6,1000,0.4513,2563.32,-1
5,4,7,1000,0.4018,88.86,-1
5,4,8,1000,0.3299,-3507.13,-1
5,4,9,1000,0.2617,-6914.18,-1
5,5,0,1000,0.256,-7199.81,-1
5,5,1,1000,0.3361,-3195.93,-1
5,5,2,1000,0.3947,-267.25,-1
5,5,3,1000,0.4456,2279.31,-1
5,5,4,1000,0.494,4700.82,-1
5,5,5,1000,0.5317,6583.19,-1
5,5,6,1000,0.5254,6270.66,-1
5,5,7,1000,0.4594,2972.2,-1
5,5,8,1000,0.3726,-1369.65,-1
5,5,9,1000,0.2922,-5388.26,-1
5,6,0,1000,0.2791,-6045.27,-1
5,6,1,1000,0.3575,-2126.21,-1
5,6,2,1000,0.4305,1526.63,-1
5,6,3,1000,0.5139,5692.76,-1
5,6,4,1000,0.5909,9545.6,-1
5,6,5,1000,0.6467,12336.03,-1
5,6,6,1000,0.6305,11525.88,-1
5,6,7,1000,0.543,7149.34,-1
5,6,8,1000,0.4308,1542.23,-1
5,6,9,1000,0.3315,-3424.21,-1
5,7,0,1000,0.2989,-5053.96,-1
5,7,1,1000,0.3931,-347.4,-1
5,7,2,1000,0.5019,5092.95,-1
5,7,3,1000,0.6185,10924.35,-1
5,7,4,1000,0.7128,15642.27,-1
5,7,5,1000,0.765,18250.29,-1
5,7,6,1000,0.7357,16784.96,-1
5,7,7,1000,0.6287,11434.11,-1
5,7,8,1000,0.4868,4342.29,-1
5,7,9,1000,0.3638,-1808.08,-1
5,8,0,1000,0.2968,-5158.32,-1
5,8,1,1000,0.4103,514.95,-1
5,8,2,1000,0.573,8648.33,-1
5,8,3,1000,0.7317,16585.26,-1
5,8,4,1000,0.836,21801.31,-1
5,8,5,1000,0.8598,22992.22,-1
5,8,6,1000,0.8133,20662.88,-1
5,8,7,1000,0.7013,15066.62,-1
5,8,8,1000,0.5453,7263.93,-1
5,8,9,1000,0.3902,-488.06,-1
5,9,0,1000,0.2765,-6176.97,-1
5,9,1,1000,0.393,-352.09,-1
5,9,2,1000,0.1281,-13593.33,0
5,9,3,1000,0.7338,16688.68,-1
5,9,4,1000,0.8385,21924.94,-1
5,9,5,1000,0.8601,23005.2,-1
5,9,6,1000,0.8175,20876.9,-1
5,9,7,1000,0.7112,15560.0,-1
5,9,8,1000,0.5601,8006.5,-1
5,9,9,1000,0.3905,-476.33,-1
5,10,0,1000,0.2682,-6588.38,-1
5,10,1,1000,0.3809,-955.4,-1
5,10,2,1000,0.0367,-18164.27,0
5,10,3,1000,0.0389,-18054.07,0
5,10,4,1000,0.8119,20594.62,-1
5,10,5,1000,0.8604,23019.33,-1
5,10,6,1000,0.8304,21519.89,-1
5,10,7,1000,0.716,15802.34,-1
5,10,8,1000,0.5598,7991.39,-1
5,10,9,1000,0.3909,-455.13,-1
5,11,0,1000,0.2966,-5168.78,-1
5,11,1,1000,0.0675,-16625.5,0
5,11,2,1000,0.0131,-19345.76,0
5,11,3,1000,0.1338,-13311.49,0
5,11,4,1000,0.8629,23145.91,-1
5,11,5,1000,0.9399,26995.44,-1
5,11,6,1000,0.9073,25365.33,-1
5,11,7,1000,0.7489,17443.57,-1
5,11,8,1000,0.5689,8445.13,-1
5,11,9,1000,0.4302,1509.63,-1
5,12,0,1000,0.3505,-2476.42,-1
5,12,1,1000,0.4857,4285.1,-1
5,12,2,1000,0.125,-13751.02,0
5,12,3,1000,0.1496,-12518.4,0
5,12,4,1000,0.9631,28154.5,-1
5,12,5,1000,1.0202,31010.43,-1
5,12,6,1000,0.9582,27911.38,-1
5,12,7,1000,0.7617,18086.01,-1
5,12,8,1000,0.5613,8064.8,-1
5,12,9,1000,0.4538,2690.53,-1
5,13,0,1000,0.3676,-1620.92,-1
5,13,1,1000,0.5052,5259.74,-1
5,13,2,1000,1.3652,48259.06,1
5,13,3,1000,0.8698,23487.79,-1
5,13,4,1000,0.97,28500.45,-1
5,13,5,1000,0.9939,29695.72,-1
5,13,6,1000,0.9127,25634.73,-1
5,13,7,1000,0.7223,16114.25,-1
5,13,8,1000,0.5305,6526.35,-1
5,13,9,1000,0.4314,1570.68,-1
5,14,0,1000,0.3473,-2633.27,-1
5,14,1,1000,0.4683,3413.02,-1
5,14,2,1000,0.6343,11716.9,-1
5,14,3,1000,0.8268,21338.82,-1
5,14,4,1000,0.9711,28556.38,-1
5,14,5,1000,0.9644,28218.99,-1
5,14,6,1000,0.8419,22093.8,-1
5,14,7,1000,0.6842,14207.59,-1
5,14,8,1000,0.5422,7112.27,-1
5,14,9,1000,0.4294,1471.97,-1
5,15,0,1000,0.3125,-4377.36,-1
5,15,1,1000,0.4101,505.27,-1
5,15,2,1000,0.5401,7007.26,-1
5,15,3,1000,0.7469,17342.55,-1
5,15,4,1000,0.9409,27043.4,-1
5,15,5,1000,0.9477,27384.55,-1
5,15,6,1000,0.8083,20415.29,-1
5,15,7,1000,0.6753,13766.66,-1
5,15,8,1000,0.5587,7937.4,-1
5,15,9,1000,0.4192,959.27,-1
5,16,0,1000,0.3042,-4789.83,-1
5,16,1,1000,0.3934,-330.71,-1
5,16,2,1000,0.4999,4994.67,-1
5,16,3,1000,0.6849,14246.1,-1
5,16,4,1000,0.8713,23563.5,-1
5,16,5,1000,0.8965,24823.62,-1
5,16,6,1000,0.7767,18835.65,-1
5,16,7,1000,0.6502,12511.79,-1
5,16,8,1000,0.5196,5979.02,-1
5,16,9,1000,0.3761,-1196.21,-1
5,17,0,1000,0.3001,-4996.78,-1
5,17,1,1000,0.3931,-346.53,-1
5,17,2,1000,0.4818,4087.65,-1
5,17,3,1000,0.6268,11337.59,-1
5,17,4,1000,0.7815,19077.3,-1
5,17,5,1000,0.8324,21617.82,-1
5,17,6,1000,0.7693,18465.43,-1
5,17,7,1000,0.6672,13359.35,-1
5,17,8,1000,0.5317,6585.07,-1
5,17,9,1000,0.3757,-1216.23,-1
5,18,0,1000,0.2826,-5872.03,-1
5,18,1,1000,0.3773,-1136.85,-1
5,18,2,1000,0.444,2199.19,-1
5,18,3,1000,0.5406,7028.31,-1
5,18,4,1000,0.6546,12732.26,-1
5,18,5,1000,0.7239,16195.48,-1
5,18,6,1000,0.7225,16123.58,-1
5,18,7,1000,0.6627,13135.82,-1
5,18,8,1000,0.5643,8215.52,-1
5,18,9,1000,0.4093,463.4,-1
5,19,0,1000,0.2586,-7070.18,-1
5,19,1,1000,0.341,-2952.49,-1
5,19,2,1000,0.3823,-887.22,-1
5,19,3,1000,0.4484,2420.44,-1
5,19,4,1000,0.5398,6991.73,-1
5,19,5,1000,0.6098,10492.48,-1
5,19,6,1000,0.6253,11262.98,-1
5,19,7,1000,0.5872,9360.93,-1
5,19,8,1000,0.5217,6083.38,-1
5,19,9,1000,0.3887,-564.17,-1
5,20,0,1000,0.2499,-7503.12,-1
5,20,1,1000,0.32,-3998.21,-1
5,20,2,1000,0.3371,-3146.27,-1
5,20,3,1000,0.373,-1352.22,-1
5,20,4,1000,0.4436,2179.98,-1
5,20,5,1000,0.5226,6131.37,-1
5,20,6,1000,0.5426,7132.34,-1
5,20,7,1000,0.4964,4820.79,-1
5,20,8,1000,0.4281,1405.98,-1
5,20,9,1000,0.3289,-3555.15,-1
5,21,0,1000,0.2357,-8216.86,-1
5,21,1,1000,0.3013,-4934.98,-1
5,21,2,1000,0.3345,-3272.66,-1
5,21,3,1000,0.3686,-1572.17,-1
5,21,4,1000,0.4235,1173.95,-1
5,21,5,1000,0.5061,5303.74,-1
5,21,6,1000,0.5187,5932.88,-1
5,21,7,1000,0.4445,2224.99,-1
5,21,8,1000,0.3421,-2895.08,-1
5,21,9,1000,0.2702,-6490.06,-1
5,22,0,1000,0.1993,-10036.27,-1
5,22,1,1000,0.2607,-6963.17,-1
5,22,2,1000,0.3207,-3965.84,-1
5,22,3,1000,0.369,-1551.32,-1
5,22,4,1000,0.4163,816.77,-1
5,22,5,1000,0.4855,4274.66,-1
5,22,6,1000,0.4912,4561.85,-1
5,22,7,1000,0.4171,852.77,-1
5,22,8,1000,0.3128,-4360.89,-1
5,22,9,1000,0.2495,-7526.77,-1
5,23,0,1000,0.1714,-11429.18,-1
5,23,1,1000,0.2305,-8474.62,-1
5,23,2,1000,0.2979,-5102.58,-1
5,23,3,1000,0.3456,-2721.51,-1
5,23,4,1000,0.3813,-937.19,-1
5,23,5,1000,0.4291,1453.73,-1
5,23,6,1000,0.4329,1646.62,-1
5,23,7,1000,0.3761,-1195.95,-1
5,23,8,1000,0.2984,-5082.38,-1
5,23,9,1000,0.2461,-7695.67,-1
5,24,0,1000,0.1738,-11308.8,-1
5,24,1,1000,0.2342,-8287.71,-1
5,24,2,1000,0.285,-5751.96,-1
5,24,3,1000,0.3132,-4342.11,-1
5,24,4,1000,0.3315,-3425.59,-1
5,24,5,1000,0.3472,-2639.43,-1
5,24,6,1000,0.3479,-2606.31,-1
5,24,7,1000,0.314,-4297.64,-1
5,24,8,1000,0.2713,-6433.8,-1
5,24,9,1000,0.2345,-8277.31,-1
6,0,0,1000,0.159,-12048.21,-1
6,0,1,1000,0.192,-10400.54,-1
6,0,2,1000,0.2219,-8903.58,-1
6,0,3,1000,0.2842,-5787.62,-1
6,0,4,1000,0.3412,-2937.54,-1
6,0,5,1000,0.3416,-2922.17,-1
6,0,6,1000,0.3282,-3588.95,-1
6,0,7,1000,0.3139,-4304.11,-1
6,0,8,1000,0.2588,-7059.35,-1
6,0,9,1000,0.202,-9900.57,-1
6,1,0,1000,0.1822,-10892.03,-1
6,1,1,1000,0.2297,-8514.79,-1
6,1,2,1000,0.2711,-6444.62,-1
6,1,3,1000,0.3339,-3303.52,-1
6,1,4,1000,0.3845,-777.16,-1
6,1,5,1000,0.3675,-1624.98,-1
6,1,6,1000,0.3471,-2645.24,-1
6,1,7,1000,0.329,-3549.03,-1
6,1,8,1000,0.2691,-6544.01,-1
6,1,9,1000,0.2099,-9504.29,-1
6,2,0,1000,0.2056,-9718.79,-1
6,2,1,1000,0.2862,-5687.6,-1
6,2,2,1000,0.3516,-2417.56,-1
6,2,3,1000,0.3889,-556.2,-1
6,2,4,1000,0.4098,490.23,-1
6,2,5,1000,0.4122,612.18,-1
6,2,6,1000,0.4164,819.34,-1
6,2,7,1000,0.3825,-877.23,-1
6,2,8,1000,0.3091,-4546.63,-1
6,2,9,1000,0.2449,-7757.46,-1
6,3,0,1000,0.2214,-8931.11,-1
6,3,1,1000,0.3249,-3756.84,-1
6,3,2,1000,0.4121,607.45,-1
6,3,3,1000,0.441,2051.19,-1
6,3,4,1000,0.4485,2422.63,-1
6,3,5,1000,0.4666,3331.2,-1
6,3,6,1000,0.4866,4329.81,-1
6,3,7,1000,0.4383,1916.48,-1
6,3,8,1000,0.3475,-2623.14,-1
6,3,9,1000,0.2739,-6306.67,-1
6,4,0,1000,0.2333,-8336.3,-1
6,4,1,1000,0.342,-2900.6,-1
6,4,2,1000,0.4382,1908.15,-1
6,4,3,1000,0.4787,3936.9,-1
6,4,4,1000,0.4932,4661.57,-1
6,4,5,1000,0.5058,5291.38,-1
6,4,6,1000,0.5185,5926.37,-1
6,4,7,1000,0.4632,3161.34,-1
6,4,8,1000,0.3631,-1847.07,-1
6,4,9,1000,0.2818,-5911.72,-1
6,5,0,1000,0.248,-7598.18,-1
6,5,1,1000,0.3434,-2831.37,-1
6,5,2,1000,0.4326,1627.66,-1
6,5,3,1000,0.5001,5002.68,-1
6,5,4,1000,0.5476,7377.95,-1
6,5,5,1000,0.5716,8579.98,-1
6,5,6,1000,0.5683,8412.62,-1
6,5,7,1000,0.5029,5146.44,-1
6,5,8,1000,0.4001,6.2,-1
6,5,9,1000,0.3059,-4703.36,-1
6,6,0,1000,0.2766,-6170.62,-1
6,6,1,1000,0.3748,-1261.43,-1
6,6,2,1000,0.4843,4217.11,-1
6,6,3,1000,0.5938,9690.93,-1
6,6,4,1000,0.6796,13979.62,-1
6,6,5,1000,0.7202,16009.88,-1
6,6,6,1000,0.7011,15053.6,-1
6,6,7,1000,0.6124,10618.59,-1
6,6,8,1000,0.4851,4256.89,-1
6,6,9,1000,0.3641,-1796.18,-1
6,7,0,1000,0.3086,-4571.8,-1
6,7,1,1000,0.4295,1474.26,-1
6,7,2,1000,0.5853,9265.24,-1
6,7,3,1000,0.737,16849.88,-1
6,7,4,1000,0.8467,22333.74,-1
6,7,5,1000,0.8881,24402.89,-1
6,7,6,1000,0.8533,22664.33,-1
6,7,7,1000,0.7358,16789.77,-1
6,7,8,1000,0.5726,8629.99,-1
6,7,9,1000,0.4212,1060.15,-1
6,8,0,1000,0.3321,-3393.43,-1
6,8,1,1000,0.4802,4010.33,-1
6,8,2,1000,0.6791,13955.24,-1
6,8,3,1000,0.8503,22515.16,-1
6,8,4,1000,0.9587,27935.82,-1
6,8,5,1000,0.9919,29592.95,-1
6,8,6,1000,0.9477,27387.47,-1
6,8,7,1000,0.8107,20535.79,-1
6,8,8,1000,0.6367,11833.25,-1
6,8,9,1000,0.4587,2934.85,-1
6,9,0,1000,0.3211,-3943.29,-1
6,9,1,1000,0.4738,3687.73,-1
6,9,2,1000,0.668,13397.81,-1
6,9,3,1000,0.8177,20887.06,-1
6,9,4,1000,0.9114,25568.02,-1
6,9,5,1000,0.9664,28318.53,-1
6,9,6,1000,0.9407,27035.9,-1
6,9,7,1000,0.8007,20037.45,-1
6,9,8,1000,0.6372,11858.13,-1
6,9,9,1000,0.4526,2631.18,-1
6,10,0,1000,0.3019,-4906.92,-1
6,10,1,1000,0.4482,2411.9,-1
6,10,2,1000,0.0295,-18524.12,0
6,10,3,1000,0.78,18999.26,-1
6,10,4,1000,0.8774,23869.05,-1
6,10,5,1000,0.9771,28855.89,-1
6,10,6,1000,0.9732,28658.46,-1
6,10,7,1000,0.8189,20945.76,-1
6,10,8,1000,0.642,12099.3,-1
6,10,9,1000,0.4543,2714.43,-1
6,11,0,1000,0.2863,-5682.99,-1
6,11,1,1000,0.4243,1216.88,-1
6,11,2,1000,0.0865,-15676.53,0
6,11,3,1000,0.8271,21354.43,-1
6,11,4,1000,0.9336,26679.1,-1
6,11,5,1000,1.0898,34491.05,-1
6,11,6,1000,1.1001,35005.66,-1
6,11,7,1000,0.8906,24531.77,-1
6,11,8,1000,0.6529,12644.69,-1
6,11,9,1000,0.4809,4043.88,-1
6,12,0,1000,0.3279,-3606.64,-1
6,12,1,1000,0.4701,3504.2,-1
6,12,2,1000,1.4026,50130.15,1
6,12,3,1000,0.9132,25659.85,-1
6,12,4,1000,1.0188,30938.74,-1
6,12,5,1000,1.1537,37685.79,-1
6,12,6,1000,1.1397,36985.87,-1
6,12,7,1000,0.895,24747.82,-1
6,12,8,1000,0.6233,11166.22,-1
6,12,9,1000,0.4812,4059.81,-1
6,13,0,1000,0.3678,-1612.04,-1
6,13,1,1000,0.5123,5613.85,-1
6,13,2,1000,1.3443,47215.65,1
6,13,3,1000,1.669,63450.45,1
6,13,4,1000,0.9959,29796.93,-1
6,13,5,1000,1.0801,34005.71,-1
6,13,6,1000,1.0402,32012.09,-1
6,13,7,1000,0.814,20698.22,-1
6,13,8,1000,0.5718,8588.5,-1
6,13,9,1000,0.4488,2440.67,-1
6,14,0,1000,0.3617,-1914.36,-1
6,14,1,1000,0.4871,4357.06,-1
6,14,2,1000,1.1405,37022.63,1
6,14,3,1000,0.8664,23318.37,-1
6,14,4,1000,1.0471,32356.29,-1
6,14,5,1000,1.1053,35263.37,-1
6,14,6,1000,0.9864,29321.48,-1
6,14,7,1000,0.7869,19346.47,-1
6,14,8,1000,0.6176,10881.57,-1
6,14,9,1000,0.4759,3796.01,-1
6,15,0,1000,0.3308,-3461.25,-1
6,15,1,1000,0.4306,1532.33,-1
6,15,2,1000,0.566,8297.54,-1
6,15,3,1000,0.8158,20790.58,-1
6,15,4,1000,1.09,34497.62,-1
6,15,5,1000,1.171,38548.99,-1
6,15,6,1000,0.9972,29859.87,-1
6,15,7,1000,0.8094,20472.24,-1
6,15,8,1000,0.6753,13764.4,-1
6,15,9,1000,0.4956,4778.54,-1
6,16,0,1000,0.3349,-3255.96,-1
6,16,1,1000,0.4276,1378.58,-1
6,16,2,1000,0.5296,6481.54,-1
6,16,3,1000,0.7492,17462.37,-1
6,16,4,1000,1.0085,30423.17,-1
6,16,5,1000,1.0904,34521.75,-1
6,16,6,1000,0.9321,26603.72,-1
6,16,7,1000,0.7591,17952.73,-1
6,16,8,1000,0.6186,10927.76,-1
6,16,9,1000,0.4407,2037.25,-1
6,17,0,1000,0.3484,-2581.22,-1
6,17,1,1000,0.4625,3123.09,-1
6,17,2,1000,0.5631,8152.54,-1
6,17,3,1000,0.7343,16713.9,-1
6,17,4,1000,0.9275,26373.55,-1
6,17,5,1000,0.9765,28825.7,-1
6,17,6,1000,0.8742,23708.23,-1
6,17,7,1000,0.7436,17180.11,-1
6,17,8,1000,0.5987,9935.8,-1
6,17,9,1000,0.4133,665.83,-1
6,18,0,1000,0.3195,-4026.37,-1
6,18,1,1000,0.4517,2585.12,-1
6,18,2,1000,0.5669,8346.79,-1
6,18,3,1000,0.6907,14536.84,-1
6,18,4,1000,0.8073,20366.05,-1
6,18,5,1000,0.8303,21513.74,-1
6,18,6,1000,0.7986,19931.19,-1
6,18,7,1000,0.7255,16273.85,-1
6,18,8,1000,0.6089,10444.1,-1
6,18,9,1000,0.4234,1169.22,-1
6,19,0,1000,0.2731,-6347.26,-1
6,19,1,1000,0.3889,-556.06,-1
6,19,2,1000,0.4842,4209.94,-1
6,19,3,1000,0.5752,8758.15,-1
6,19,4,1000,0.6609,13047.09,-1
6,19,5,1000,0.6914,14567.96,-1
6,19,6,1000,0.6877,14386.73,-1
6,19,7,1000,0.6409,12043.26,-1
6,19,8,1000,0.5559,7793.07,-1
6,19,9,1000,0.3943,-284.82,-1
6,20,0,1000,0.255,-7250.83,-1
6,20,1,1000,0.3445,-2776.93,-1
6,20,2,1000,0.3928,-358.45,-1
6,20,3,1000,0.4459,2294.46,-1
6,20,4,1000,0.5148,5742.46,-1
6,20,5,1000,0.5635,8174.58,-1
6,20,6,1000,0.571,8550.67,-1
6,20,7,1000,0.5261,6302.84,-1
6,20,8,1000,0.4544,2720.09,-1
6,20,9,1000,0.3407,-2966.46,-1
6,21,0,1000,0.25,-7498.34,-1
6,21,1,1000,0.3227,-3866.66,-1
6,21,2,1000,0.3641,-1796.12,-1
6,21,3,1000,0.4159,795.93,-1
6,21,4,1000,0.4795,3974.2,-1
6,21,5,1000,0.5263,6315.06,-1
6,21,6,1000,0.5216,6080.56,-1
6,21,7,1000,0.458,2901.73,-1
6,21,8,1000,0.3676,-1619.12,-1
6,21,9,1000,0.2965,-5176.39,-1
6,22,0,1000,0.2148,-9261.73,-1
6,22,1,1000,0.2825,-5874.35,-1
6,22,2,1000,0.3563,-2185.66,-1
6,22,3,1000,0.4297,1482.78,-1
6,22,4,1000,0.488,4399.3,-1
6,22,5,1000,0.5177,5883.46,-1
6,22,6,1000,0.5024,5118.86,-1
6,22,7,1000,0.4368,1842.2,-1
6,22,8,1000,0.3383,-3084.02,-1
6,22,9,1000,0.2748,-6261.02,-1
6,23,0,1000,0.1752,-11240.73,-1
6,23,1,1000,0.2422,-7888.17,-1
6,23,2,1000,0.3289,-3553.2,-1
6,23,3,1000,0.3986,-68.49,-1
6,23,4,1000,0.4455,2276.65,-1
6,23,5,1000,0.4759,3794.64,-1
6,23,6,1000,0.4655,3275.61,-1
6,23,7,1000,0.407,351.81,-1
6,23,8,1000,0.3239,-3802.93,-1
6,23,9,1000,0.2665,-6675.54,-1
6,24,0,1000,0.1645,-11773.26,-1
6,24,1,1000,0.2345,-8274.77,-1
6,24,2,1000,0.2978,-5110.62,-1
6,24,3,1000,0.3324,-3380.61,-1
6,24,4,1000,0.3613,-1935.07,-1
6,24,5,1000,0.3943,-282.8,-1
6,24,6,1000,0.3918,-411.81,-1
6,24,7,1000,0.3435,-2824.89,-1
6,24,8,1000,0.2896,-5521.81,-1
6,24,9,1000,0.2461,-7696.51,-1
7,0,0,1000,0.1678,-11608.01,-1
7,0,1,1000,0.2096,-9520.66,-1
7,0,2,1000,0.2637,-6813.97,-1
7,0,3,1000,0.3427,-2863.7,-1
7,0,4,1000,0.3978,-107.57,-1
7,0,5,1000,0.3703,-1487.37,-1
7,0,6,1000,0.3383,-3087.25,-1
7,0,7,1000,0.3227,-3865.33,-1
7,0,8,1000,0.2752,-6240.58,-1
7,0,9,1000,0.2192,-9040.13,-1
7,1,0,1000,0.187,-10651.82,-1
7,1,1,1000,0.2429,-7855.71,-1
7,1,2,1000,0.3108,-4458.22,-1
7,1,3,1000,0.3931,-343.33,-1
7,1,4,1000,0.4444,2218.5,-1
7,1,5,1000,0.4049,245.52,-1
7,1,6,1000,0.3686,-1569.8,-1
7,1,7,1000,0.3484,-2577.8,-1
7,1,8,1000,0.2943,-5284.76,-1
7,1,9,1000,0.2341,-8294.81,-1
7,2,0,1000,0.1961,-10193.05,-1
7,2,1,1000,0.2819,-5906.67,-1
7,2,2,1000,0.3771,-1145.27,-1
7,2,3,1000,0.4385,1923.55,-1
7,2,4,1000,0.4664,3321.63,-1
7,2,5,1000,0.4668,3340.11,-1
7,2,6,1000,0.4671,3355.1,-1
7,2,7,1000,0.4284,1418.55,-1
7,2,8,1000,0.35,-2497.58,-1
7,2,9,1000,0.2787,-6063.01,-1
7,3,0,1000,0.2061,-9694.95,-1
7,3,1,1000,0.3135,-4324.94,-1
7,3,2,1000,0.4336,1681.44,-1
7,3,3,1000,0.4908,4537.94,-1
7,3,4,1000,0.5095,5473.14,-1
7,3,5,1000,0.5362,6809.71,-1
7,3,6,1000,0.5581,7907.19,-1
7,3,7,1000,0.5023,5117.37,-1
7,3,8,1000,0.3993,-35.78,-1
7,3,9,1000,0.3143,-4287.42,-1
7,4,0,1000,0.2191,-9047.32,-1
7,4,1,1000,0.3327,-3366.0,-1
7,4,2,1000,0.4649,3245.44,-1
7,4,3,1000,0.5374,6869.18,-1
7,4,4,1000,0.564,8200.87,-1
7,4,5,1000,0.5793,8965.05,-1
7,4,6,1000,0.5892,9458.27,-1
7,4,7,1000,0.5254,6269.28,-1
7,4,8,1000,0.415,751.42,-1
7,4,9,1000,0.3231,-3843.64,-1
7,5,0,1000,0.2335,-8326.01,-1
7,5,1,1000,0.335,-3251.23,-1
7,5,2,1000,0.464,3200.69,-1
7,5,3,1000,0.567,8347.91,-1
7,5,4,1000,0.6227,11133.72,-1
7,5,5,1000,0.621,11051.99,-1
7,5,6,1000,0.5952,9762.4,-1
7,5,7,1000,0.5249,6246.67,-1
7,5,8,1000,0.4307,1536.98,-1
7,5,9,1000,0.3362,-3188.66,-1
7,6,0,1000,0.2627,-6862.79,-1
7,6,1,1000,0.3679,-1607.48,-1
7,6,2,1000,0.5186,5930.81,-1
7,6,3,1000,0.6665,13326.24,-1
7,6,4,1000,0.7603,18014.84,-1
7,6,5,1000,0.7578,17890.44,-1
7,6,6,1000,0.7022,15111.81,-1
7,6,7,1000,0.6099,10496.14,-1
7,6,8,1000,0.5052,5260.24,-1
7,6,9,1000,0.3905,-476.63,-1
7,7,0,1000,0.3023,-4884.99,-1
7,7,1,1000,0.4317,1584.62,-1
7,7,2,1000,0.6271,11352.98,-1
7,7,3,1000,0.8196,20981.84,-1
7,7,4,1000,0.9439,27194.94,-1
7,7,5,1000,0.9473,27364.2,-1
7,7,6,1000,0.8747,23735.04,-1
7,7,7,1000,0.7484,17420.39,-1
7,7,8,1000,0.6047,10233.9,-1
7,7,9,1000,0.4562,2808.0,-1
7,8,0,1000,0.3574,-2129.7,-1
7,8,1,1000,0.5198,5988.09,-1
7,8,2,1000,0.7477,17383.6,-1
7,8,3,1000,0.9561,27804.39,-1
7,8,4,1000,1.0922,34612.33,-1
7,8,5,1000,1.12,36000.8,-1
7,8,6,1000,1.0518,32591.85,-1
7,8,7,1000,0.8904,24520.69,-1
7,8,8,1000,0.7098,15488.69,-1
7,8,9,1000,0.517,5851.81,-1
7,9,0,1000,0.3703,-1484.04,-1
7,9,1,1000,0.5418,7090.2,-1
7,9,2,1000,0.7565,17827.1,-1
7,9,3,1000,0.9392,26958.75,-1
7,9,4,1000,1.0707,33536.66,-1
7,9,5,1000,1.1523,37615.98,-1
7,9,6,1000,1.1163,35816.95,-1
7,9,7,1000,0.9377,26884.34,-1
7,9,8,1000,0.746,17299.46,-1
7,9,9,1000,0.532,6598.34,-1
7,10,0,1000,0.3507,-2467.17,-1
7,10,1,1000,0.5151,5754.57,-1
7,10,2,1000,0.7215,16074.46,-1
7,10,3,1000,0.8963,24816.25,-1
7,10,4,1000,1.0354,31772.08,-1
7,10,5,1000,1.1727,38635.29,-1
7,10,6,1000,1.1606,38031.12,-1
7,10,7,1000,0.963,28147.94,-1
7,10,8,1000,0.7583,17914.05,-1
7,10,9,1000,0.5398,6990.31,-1
7,11,0,1000,0.3023,-4887.14,-1
7,11,1,1000,0.4456,2281.96,-1
7,11,2,1000,0.6841,14205.85,-1
7,11,3,1000,0.8869,24346.58,-1
7,11,4,1000,1.0289,31444.08,-1
7,11,5,1000,1.2175,40877.36,-1
7,11,6,1000,1.2209,41044.06,-1
7,11,7,1000,0.9804,29022.43,-1
7,11,8,1000,0.7376,16881.29,-1
7,11,9,1000,0.5468,7340.78,-1
7,12,0,1000,0.3114,-4427.77,-1
7,12,1,1000,0.4472,2361.28,-1
7,12,2,1000,1.1407,37034.75,1
7,12,3,1000,0.9177,25885.07,-1
7,12,4,1000,1.052,32598.04,-1
7,12,5,1000,1.2127,40635.66,-1
7,12,6,1000,1.1943,39714.76,-1
7,12,7,1000,0.932,26601.09,-1
7,12,8,1000,0.6714,13572.02,-1
7,12,9,1000,0.5209,6043.62,-1
7,13,0,1000,0.3487,-2564.66,-1
7,13,1,1000,0.9147,25734.38,1
7,13,2,1000,1.0982,34911.53,1
7,13,3,1000,1.3965,49826.11,1
7,13,4,1000,1.0228,31138.08,-1
7,13,5,1000,1.1365,36824.19,-1
7,13,6,1000,1.0956,34779.16,-1
7,13,7,1000,0.8524,22622.5,-1
7,13,8,1000,0.6167,10835.99,-1
7,13,9,1000,0.4838,4188.6,-1
7,14,0,1000,0.3509,-2453.75,-1
7,14,1,1000,0.4825,4124.41,-1
7,14,2,1000,1.3542,47708.54,1
7,14,3,1000,0.9474,27370.36,-1
7,14,4,1000,1.176,38799.07,-1
7,14,5,1000,1.2462,42309.54,-1
7,14,6,1000,1.1013,35062.69,-1
7,14,7,1000,0.8719,23596.64,-1
7,14,8,1000,0.6857,14285.79,-1
7,14,9,1000,0.5205,6024.92,-1
7,15,0,1000,0.3278,-3610.52,-1
7,15,1,1000,0.447,2349.12,-1
7,15,2,1000,0.6505,12523.63,-1
7,15,3,1000,0.9821,29106.69,-1
7,15,4,1000,1.3184,45922.4,-1
7,15,5,1000,1.3875,49373.78,-1
7,15,6,1000,1.1619,38097.31,-1
7,15,7,1000,0.9341,26706.49,-1
7,15,8,1000,0.7646,18227.74,-1
7,15,9,1000,0.5507,7532.92,-1
7,16,0,1000,0.3304,-3479.03,-1
7,16,1,1000,0.4422,2107.75,-1
7,16,2,1000,0.6106,10530.9,-1
7,16,3,1000,0.9054,25272.46,-1
7,16,4,1000,1.217,40848.94,-1
7,16,5,1000,1.2835,44173.55,-1
7,16,6,1000,1.08,33998.86,-1
7,16,7,1000,0.8735,23677.42,-1
7,16,8,1000,0.7004,15020.84,-1
7,16,9,1000,0.4914,4567.98,-1
7,17,0,1000,0.3389,-3056.34,-1
7,17,1,1000,0.4706,3529.68,-1
7,17,2,1000,0.639,11947.84,-1
7,17,3,1000,0.8774,23868.21,-1
7,17,4,1000,1.1052,35261.51,-1
7,17,5,1000,1.1307,36537.46,-1
7,17,6,1000,0.9915,29577.16,-1
7,17,7,1000,0.8331,21655.71,-1
7,17,8,1000,0.6536,12677.57,-1
7,17,9,1000,0.4407,2033.26,-1
7,18,0,1000,0.3052,-4742.4,-1
7,18,1,1000,0.4544,2721.64,-1
7,18,2,1000,0.6445,12225.67,-1
7,18,3,1000,0.8321,21603.9,-1
7,18,4,1000,0.9661,28304.85,-1
7,18,5,1000,0.9511,27556.66,-1
7,18,6,1000,0.8849,24242.7,-1
7,18,7,1000,0.7878,19391.27,-1
7,18,8,1000,0.6332,11658.33,-1
7,18,9,1000,0.4233,1162.56,-1
7,19,0,1000,0.2576,-7121.57,-1
7,19,1,1000,0.3892,-539.96,-1
7,19,2,1000,0.557,7851.43,-1
7,19,3,1000,0.7058,15289.34,-1
7,19,4,1000,0.801,20050.59,-1
7,19,5,1000,0.7893,19464.3,-1
7,19,6,1000,0.7533,17667.36,-1
7,19,7,1000,0.6881,14405.64,-1
7,19,8,1000,0.57,8498.67,-1
7,19,9,1000,0.3876,-617.68,-1
7,20,0,1000,0.2441,-7793.96,-1
7,20,1,1000,0.348,-2599.88,-1
7,20,2,1000,0.4619,3096.58,-1
7,20,3,1000,0.5684,8422.34,-1
7,20,4,1000,0.645,12252.28,-1
7,20,5,1000,0.6466,12328.19,-1
7,20,6,1000,0.6206,11029.65,-1
7,20,7,1000,0.5647,8233.74,-1
7,20,8,1000,0.4738,3688.69,-1
7,20,9,1000,0.3452,-2738.39,-1
7,21,0,1000,0.248,-7599.9,-1
7,21,1,1000,0.3328,-3360.64,-1
7,21,2,1000,0.4276,1381.74,-1
7,21,3,1000,0.5278,6389.68,-1
7,21,4,1000,0.6001,10006.15,-1
7,21,5,1000,0.5959,9796.53,-1
7,21,6,1000,0.5559,7796.39,-1
7,21,7,1000,0.4892,4459.15,-1
7,21,8,1000,0.3977,-114.72,-1
7,21,9,1000,0.3193,-4034.06,-1
7,22,0,1000,0.2152,-9239.71,-1
7,22,1,1000,0.2928,-5359.52,-1
7,22,2,1000,0.4101,505.85,-1
7,22,3,1000,0.5239,6194.48,-1
7,22,4,1000,0.5889,9442.9,-1
7,22,5,1000,0.571,8552.03,-1
7,22,6,1000,0.5239,6196.9,-1
7,22,7,1000,0.4584,2921.06,-1
7,22,8,1000,0.3649,-1752.67,-1
7,22,9,1000,0.2979,-5104.6,-1
7,23,0,1000,0.1755,-11225.75,-1
7,23,1,1000,0.2476,-7620.78,-1
7,23,2,1000,0.3599,-2007.3,-1
7,23,3,1000,0.4546,2729.05,-1
7,23,4,1000,0.5069,5346.52,-1
7,23,5,1000,0.5123,5616.14,-1
7,23,6,1000,0.485,4252.07,-1
7,23,7,1000,0.4266,1332.43,-1
7,23,8,1000,0.345,-2750.95,-1
7,23,9,1000,0.2827,-5865.08,-1
7,24,0,1000,0.1628,-11862.16,-1
7,24,1,1000,0.2312,-8442.3,-1
7,24,2,1000,0.2972,-5139.58,-1
7,24,3,1000,0.3384,-3077.54,-1
7,24,4,1000,0.3748,-1261.03,-1
7,24,5,1000,0.4209,1045.88,-1
7,24,6,1000,0.4249,1245.3,-1
7,24,7,1000,0.3742,-1290.31,-1
7,24,8,1000,0.3097,-4516.07,-1
7,24,9,1000,0.2548,-7260.92,-1
8,0,0,1000,0.1687,-11563.12,-1
8,0,1,1000,0.2202,-8988.3,-1
8,0,2,1000,0.3007,-4967.16,-1
8,0,3,1000,0.3771,-1145.16,-1
8,0,4,1000,0.4185,925.69,-1
8,0,5,1000,0.41,502.27,-1
8,0,6,1000,0.3813,-934.04,-1
8,0,7,1000,0.3471,-2643.55,-1
8,0,8,1000,0.3021,-4893.39,-1
8,0,9,1000,0.2404,-7978.45,-1
8,1,0,1000,0.182,-10902.15,-1
8,1,1,1000,0.2419,-7905.43,-1
8,1,2,1000,0.3317,-3416.28,-1
8,1,3,1000,0.4153,765.22,-1
8,1,4,1000,0.4622,3111.25,-1
8,1,5,1000,0.4615,3076.57,-1
8,1,6,1000,0.4387,1936.95,-1
8,1,7,1000,0.3997,-17.1,-1
8,1,8,1000,0.3436,-2818.63,-1
8,1,9,1000,0.2736,-6322.44,-1
8,2,0,1000,0.1851,-10745.91,-1
8,2,1,1000,0.2618,-6907.86,-1
8,2,2,1000,0.3803,-982.77,-1
8,2,3,1000,0.4762,3810.74,-1
8,2,4,1000,0.5244,6219.76,-1
8,2,5,1000,0.5416,7078.06,-1
8,2,6,1000,0.5442,7208.38,-1
8,2,7,1000,0.496,4801.03,-1
8,2,8,1000,0.3937,-314.38,-1
8,2,9,1000,0.3059,-4704.25,-1
8,3,0,1000,0.2062,-9689.58,-1
8,3,1,1000,0.2992,-5038.25,-1
8,3,2,1000,0.4394,1967.85,-1
8,3,3,1000,0.5497,7485.18,-1
8,3,4,1000,0.6038,10192.03,-1
8,3,5,1000,0.6254,11268.26,-1
8,3,6,1000,0.6371,11854.21,-1
8,3,7,1000,0.5769,8846.36,-1
8,3,8,1000,0.4361,1805.47,-1
8,3,9,1000,0.3311,-3447.13,-1
8,4,0,1000,0.2324,-8380.41,-1
8,4,1,1000,0.3358,-3210.79,-1
8,4,2,1000,0.4902,4507.62,-1
8,4,3,1000,0.6199,10992.76,-1
8,4,4,1000,0.686,14298.44,-1
8,4,5,1000,0.69,14502.26,-1
8,4,6,1000,0.6798,13990.75,-1
8,4,7,1000,0.6065,10324.29,-1
8,4,8,1000,0.4608,3041.36,-1
8,4,9,1000,0.3493,-2534.46,-1
8,5,0,1000,0.2441,-7794.21,-1
8,5,1,1000,0.3495,-2526.83,-1
8,5,2,1000,0.5294,6468.08,-1
8,5,3,1000,0.6985,14923.71,-1
8,5,4,1000,0.7866,19330.64,-1
8,5,5,1000,0.7457,17286.25,-1
8,5,6,1000,0.6626,13129.91,-1
8,5,7,1000,0.569,8451.73,-1
8,5,8,1000,0.4723,3615.0,-1
8,5,9,1000,0.3731,-1346.78,-1
8,6,0,1000,0.2736,-6321.22,-1
8,6,1,1000,0.3865,-676.85,-1
8,6,2,1000,0.5829,9143.82,-1
8,6,3,1000,0.7844,19221.42,-1
8,6,4,1000,0.9049,25246.81,-1
8,6,5,1000,0.8594,22969.59,-1
8,6,6,1000,0.7289,16446.53,-1
8,6,7,1000,0.6081,10406.72,-1
8,6,8,1000,0.5389,6943.29,-1
8,6,9,1000,0.4362,1809.82,-1
8,7,0,1000,0.3239,-3807.16,-1
8,7,1,1000,0.4551,2753.06,-1
8,7,2,1000,0.6636,13179.82,-1
8,7,3,1000,0.8876,24378.26,-1
8,7,4,1000,1.0403,32015.07,-1
8,7,5,1000,1.0206,31029.61,-1
8,7,6,1000,0.8836,24177.56,-1
8,7,7,1000,0.7313,16564.7,-1
8,7,8,1000,0.634,11702.43,-1
8,7,9,1000,0.5024,5118.58,-1
8,8,0,1000,0.3739,-1303.33,-1
8,8,1,1000,0.5285,6423.15,-1
8,8,2,1000,0.7687,18436.21,-1
8,8,3,1000,1.0187,30933.39,-1
8,8,4,1000,1.1894,39470.4,-1
8,8,5,1000,1.2107,40534.41,-1
8,8,6,1000,1.1062,35311.73,-1
8,8,7,1000,0.9178,25888.68,-1
8,8,8,1000,0.7318,16589.49,-1
8,8,9,1000,0.5367,6833.95,-1
8,9,0,1000,0.3862,-691.05,-1
8,9,1,1000,0.5473,7364.4,-1
8,9,2,1000,0.7936,19681.69,-1
8,9,3,1000,1.045,32248.3,-1
8,9,4,1000,1.2257,41285.28,-1
8,9,5,1000,1.3171,45855.68,-1
8,9,6,1000,1.2628,43140.33,-1
8,9,7,1000,1.0454,32270.13,-1
8,9,8,1000,0.7969,19846.83,-1
8,9,9,1000,0.557,7851.8,-1
8,10,0,1000,0.3822,-889.05,-1
8,10,1,1000,0.5377,6886.6,-1
8,10,2,1000,0.7658,18287.63,-1
8,10,3,1000,1.0088,30438.91,-1
8,10,4,1000,1.2098,40492.04,-1
8,10,5,1000,1.3696,48482.07,-1
8,10,6,1000,1.3382,46910.56,-1
8,10,7,1000,1.0995,34976.87,-1
8,10,8,1000,0.8508,22540.96,-1
8,10,9,1000,0.6017,10086.11,-1
8,11,0,1000,0.34,-2999.67,-1
8,11,1,1000,0.4709,3542.63,-1
8,11,2,1000,0.7086,15432.15,-1
8,11,3,1000,0.9918,29589.63,-1
8,11,4,1000,1.2198,40991.79,-1
8,11,5,1000,1.3618,48091.95,-1
8,11,6,1000,1.3103,45513.82,-1
8,11,7,1000,1.0838,34188.33,-1
8,11,8,1000,0.8697,23485.73,-1
8,11,9,1000,0.6378,11887.9,-1
8,12,0,1000,0.322,-3902.25,-1
8,12,1,1000,0.4337,1686.21,-1
8,12,2,1000,0.67,13498.27,-1
8,12,3,1000,0.981,29048.3,-1
8,12,4,1000,1.2296,41478.77,-1
8,12,5,1000,1.3414,47072.14,-1
8,12,6,1000,1.2686,43428.47,-1
8,12,7,1000,1.0491,32456.75,-1
8,12,8,1000,0.8262,21308.41,-1
8,12,9,1000,0.6049,10244.57,-1
8,13,0,1000,0.3388,-3060.98,-1
8,13,1,1000,0.4478,2389.65,-1
8,13,2,1000,1.2174,40867.95,1
8,13,3,1000,0.9236,26179.32,-1
8,13,4,1000,1.1725,38623.09,-1
8,13,5,1000,1.3216,46077.73,-1
8,13,6,1000,1.2696,43478.09,-1
8,13,7,1000,1.042,32101.25,-1
8,13,8,1000,0.7873,19365.28,-1
8,13,9,1000,0.5596,7980.81,-1
8,14,0,1000,0.3675,-1626.83,-1
8,14,1,1000,0.5061,5305.95,-1
8,14,2,1000,0.7163,15815.8,-1
8,14,3,1000,1.0393,31963.37,-1
8,14,4,1000,1.3621,48106.33,-1
8,14,5,1000,1.4512,52560.18,-1
8,14,6,1000,1.3057,45282.88,-1
8,14,7,1000,1.0719,33596.6,-1
8,14,8,1000,0.8156,20778.91,-1
8,14,9,1000,0.5631,8152.5,-1
8,15,0,1000,0.3743,-1283.66,-1
8,15,1,1000,0.5391,6955.22,-1
8,15,2,1000,0.7731,18653.74,-1
8,15,3,1000,1.1447,37235.31,-1
8,15,4,1000,1.5231,56153.57,-1
8,15,5,1000,1.5168,55841.59,-1
8,15,6,1000,1.2729,43645.96,-1
8,15,7,1000,1.0558,32791.14,-1
8,15,8,1000,0.829,21451.33,-1
8,15,9,1000,0.5649,8247.5,-1
8,16,0,1000,0.3592,-2039.75,-1
8,16,1,1000,0.5119,5595.76,-1
8,16,2,1000,0.7081,15404.14,-1
8,16,3,1000,1.0277,31386.15,-1
8,16,4,1000,1.3581,47906.67,-1
8,16,5,1000,1.3514,47570.71,-1
8,16,6,1000,1.1444,37220.78,-1
8,16,7,1000,0.9613,28063.64,-1
8,16,8,1000,0.7522,17607.98,-1
8,16,9,1000,0.5066,5329.91,-1
8,17,0,1000,0.3447,-2765.43,-1
8,17,1,1000,0.4959,4793.98,-1
8,17,2,1000,0.6784,13921.62,-1
8,17,3,1000,0.9161,25805.64,-1
8,17,4,1000,1.1397,36983.02,-1
8,17,5,1000,1.1581,37906.13,-1
8,17,6,1000,1.0408,32038.59,-1
8,17,7,1000,0.8909,24543.79,-1
8,17,8,1000,0.7082,15408.25,-1
8,17,9,1000,0.4779,3897.13,-1
8,18,0,1000,0.3102,-4489.63,-1
8,18,1,1000,0.4663,3314.4,-1
8,18,2,1000,0.6805,14024.22,-1
8,18,3,1000,0.8666,23330.89,-1
8,18,4,1000,0.981,29048.68,-1
8,18,5,1000,0.9842,29207.59,-1
8,18,6,1000,0.9304,26521.0,-1
8,18,7,1000,0.8175,20874.23,-1
8,18,8,1000,0.6845,14227.01,-1
8,18,9,1000,0.4759,3795.0,-1
8,19,0,1000,0.2668,-6658.59,-1
8,19,1,1000,0.4088,441.9,-1
8,19,2,1000,0.6224,11119.72,-1
8,19,3,1000,0.7881,19404.18,-1
8,19,4,1000,0.8614,23072.02,-1
8,19,5,1000,0.8329,21643.77,-1
8,19,6,1000,0.7859,19296.06,-1
8,19,7,1000,0.7047,15232.86,-1
8,19,8,1000,0.609,10451.13,-1
8,19,9,1000,0.4317,1583.72,-1
8,20,0,1000,0.2501,-7492.85,-1
8,20,1,1000,0.3656,-1719.8,-1
8,20,2,1000,0.5473,7362.97,-1
8,20,3,1000,0.7079,15397.21,-1
8,20,4,1000,0.7856,19280.05,-1
8,20,5,1000,0.7418,17092.28,-1
8,20,6,1000,0.6844,14218.76,-1
8,20,7,1000,0.6185,10925.76,-1
8,20,8,1000,0.5311,6553.67,-1
8,20,9,1000,0.3891,-547.08,-1
8,21,0,1000,0.2554,-7229.51,-1
8,21,1,1000,0.3416,-2918.17,-1
8,21,2,1000,0.4803,4012.83,-1
8,21,3,1000,0.6427,12135.22,-1
8,21,4,1000,0.7427,17134.3,-1
8,21,5,1000,0.6972,14858.58,-1
8,21,6,1000,0.6272,11358.75,-1
8,21,7,1000,0.5664,8322.37,-1
8,21,8,1000,0.4721,3604.08,-1
8,21,9,1000,0.3631,-1846.31,-1
8,22,0,1000,0.2319,-8404.58,-1
8,22,1,1000,0.3032,-4839.02,-1
8,22,2,1000,0.4251,1254.4,-1
8,22,3,1000,0.5732,8659.91,-1
8,22,4,1000,0.6614,13071.54,-1
8,22,5,1000,0.6101,10503.0,-1
8,22,6,1000,0.5424,7118.6,-1
8,22,7,1000,0.4943,4716.2,-1
8,22,8,1000,0.4149,747.5,-1
8,22,9,1000,0.3273,-3635.62,-1
8,23,0,1000,0.2022,-9891.83,-1
8,23,1,1000,0.2605,-6973.17,-1
8,23,2,1000,0.3504,-2477.55,-1
8,23,3,1000,0.4589,2945.56,-1
8,23,4,1000,0.5246,6228.15,-1
8,23,5,1000,0.4916,4580.2,-1
8,23,6,1000,0.4476,2382.12,-1
8,23,7,1000,0.4173,862.73,-1
8,23,8,1000,0.3688,-1557.73,-1
8,23,9,1000,0.2973,-5136.55,-1
8,24,0,1000,0.1832,-10839.6,-1
8,24,1,1000,0.2308,-8458.12,-1
8,24,2,1000,0.2781,-6095.72,-1
8,24,3,1000,0.3383,-3086.98,-1
8,24,4,1000,0.3866,-670.41,-1
8,24,5,1000,0.3981,-93.01,-1
8,24,6,1000,0.392,-400.06,-1
8,24,7,1000,0.3728,-1360.15,-1
8,24,8,1000,0.3398,-3009.75,-1
8,24,9,1000,0.2705,-6473.85,-1
9,0,0,1000,0.1779,-11105.17,-1
9,0,1,1000,0.232,-8399.42,-1
9,0,2,1000,0.3063,-4683.08,-1
9,0,3,1000,0.3617,-1915.51,-1
9,0,4,1000,0.3924,-378.66,-1
9,0,5,1000,0.419,949.11,-1
9,0,6,1000,0.4054,270.19,-1
9,0,7,1000,0.3567,-2163.88,-1
9,0,8,1000,0.3121,-4394.5,-1
9,0,9,1000,0.2462,-7688.77,-1
9,1,0,1000,0.1907,-10465.87,-1
9,1,1,1000,0.2487,-7564.76,-1
9,1,2,1000,0.3244,-3781.17,-1
9,1,3,1000,0.3864,-679.85,-1
9,1,4,1000,0.4286,1427.67,-1
9,1,5,1000,0.4757,3786.16,-1
9,1,6,1000,0.4752,3757.73,-1
9,1,7,1000,0.4227,1135.91,-1
9,1,8,1000,0.3672,-1642.36,-1
9,1,9,1000,0.2918,-5411.37,-1
9,2,0,1000,0.2009,-9956.76,-1
9,2,1,1000,0.2669,-6657.11,-1
9,2,2,1000,0.3659,-1705.23,-1
9,2,3,1000,0.4622,3110.86,-1
9,2,4,1000,0.521,6048.62,-1
9,2,5,1000,0.5493,7464.48,-1
9,2,6,1000,0.5557,7786.83,-1
9,2,7,1000,0.5074,5370.9,-1
9,2,8,1000,0.4013,64.91,-1
9,2,9,1000,0.3107,-4464.33,-1
9,3,0,1000,0.2385,-8075.96,-1
9,3,1,1000,0.3175,-4127.37,-1
9,3,2,1000,0.4299,1495.02,-1
9,3,3,1000,0.5516,7579.19,-1
9,3,4,1000,0.6257,11285.15,-1
9,3,5,1000,0.6285,11425.45,-1
9,3,6,1000,0.6284,11421.31,-1
9,3,7,1000,0.5766,8828.27,-1
9,3,8,1000,0.43,1500.31,-1
9,3,9,1000,0.3246,-3769.24,-1
9,4,0,1000,0.2764,-6179.4,-1
9,4,1,1000,0.3692,-1540.18,-1
9,4,2,1000,0.4944,4720.83,-1
9,4,3,1000,0.6357,11787.14,-1
9,4,4,1000,0.7277,16384.3,-1
9,4,5,1000,0.7212,16060.67,-1
9,4,6,1000,0.6979,14893.71,-1
9,4,7,1000,0.625,11251.91,-1
9,4,8,1000,0.4654,3271.09,-1
9,4,9,1000,0.3488,-2558.28,-1
9,5,0,1000,0.281,-5949.82,-1
9,5,1,1000,0.3866,-672.47,-1
9,5,2,1000,0.5624,8122.34,-1
9,5,3,1000,0.7514,17572.36,-1
9,5,4,1000,0.8764,23819.58,-1
9,5,5,1000,0.8731,23656.2,-1
9,5,6,1000,0.7789,18944.22,-1
9,5,7,1000,0.6481,12406.13,-1
9,5,8,1000,0.5039,5194.86,-1
9,5,9,1000,0.3816,-920.82,-1
9,6,0,1000,0.308,-4598.98,-1
9,6,1,1000,0.424,1197.87,-1
9,6,2,1000,0.6119,10596.07,-1
9,6,3,1000,0.8218,21090.34,-1
9,6,4,1000,0.987,29348.06,-1
9,6,5,1000,1.0341,31703.06,-1
9,6,6,1000,0.9031,25154.2,-1
9,6,7,1000,0.7177,15886.68,-1
9,6,8,1000,0.5859,9292.73,-1
9,6,9,1000,0.4518,2590.76,-1
9,7,0,1000,0.3645,-1774.04,-1
9,7,1,1000,0.4941,4702.78,-1
9,7,2,1000,0.6682,13409.75,-1
9,7,3,1000,0.8809,24043.78,-1
9,7,4,1000,1.0793,33966.84,-1
9,7,5,1000,1.1738,38691.35,-1
9,7,6,1000,1.0452,32257.69,-1
9,7,7,1000,0.8268,21340.34,-1
9,7,8,1000,0.6744,13718.05,-1
9,7,9,1000,0.5159,5796.97,-1
9,8,0,1000,0.3874,-632.4,-1
9,8,1,1000,0.5311,6555.68,-1
9,8,2,1000,0.7604,18018.65,-1
9,8,3,1000,1.0271,31352.76,-1
9,8,4,1000,1.2354,41768.38,-1
9,8,5,1000,1.3086,45431.02,-1
9,8,6,1000,1.1987,39936.06,-1
9,8,7,1000,0.9665,28325.61,-1
9,8,8,1000,0.7322,16607.55,-1
9,8,9,1000,0.5208,6038.35,-1
9,9,0,1000,0.3803,-982.74,-1
9,9,1,1000,0.5271,6357.16,-1
9,9,2,1000,0.7983,19914.52,-1
9,9,3,1000,1.1076,35377.75,-1
9,9,4,1000,1.3297,46487.46,-1
9,9,5,1000,1.42,51001.88,-1
9,9,6,1000,1.3415,47072.53,-1
9,9,7,1000,1.0907,34535.62,-1
9,9,8,1000,0.7931,19652.52,-1
9,9,9,1000,0.5389,6947.04,-1
9,10,0,1000,0.3923,-384.4,-1
9,10,1,1000,0.5364,6821.78,-1
9,10,2,1000,0.7839,19195.53,-1
9,10,3,1000,1.0887,34435.41,-1
9,10,4,1000,1.3481,47403.85,-1
9,10,5,1000,1.5187,55934.74,-1
9,10,6,1000,1.4545,52725.78,-1
9,10,7,1000,1.1745,38727.46,-1
9,10,8,1000,0.8825,24127.06,-1
9,10,9,1000,0.6132,10660.44,-1
9,11,0,1000,0.3949,-253.87,-1
9,11,1,1000,0.5282,6410.5,-1
9,11,2,1000,0.7855,19273.56,-1
9,11,3,1000,1.1681,38407.44,-1
9,11,4,1000,1.51,55498.95,-1
9,11,5,1000,1.6019,60097.05,-1
9,11,6,1000,1.4591,52957.03,-1
9,11,7,1000,1.2085,40422.96,-1
9,11,8,1000,0.9651,28257.41,-1
9,11,9,1000,0.6811,14056.13,-1
9,12,0,1000,0.3919,-404.64,-1
9,12,1,1000,0.512,5598.64,-1
9,12,2,1000,0.7724,18619.49,-1
9,12,3,1000,1.218,40899.25,-1
9,12,4,1000,1.6383,61914.33,-1
9,12,5,1000,1.7038,65188.79,-1
9,12,6,1000,1.5137,55684.91,-1
9,12,7,1000,1.2614,43070.33,-1
9,12,8,1000,0.9694,28468.14,-1
9,12,9,1000,0.6502,12508.83,-1
9,13,0,1000,0.3929,-352.9,-1
9,13,1,1000,0.5058,5289.57,-1
9,13,2,1000,0.7226,16127.7,-1
9,13,3,1000,1.1247,36233.59,-1
9,13,4,1000,1.551,57551.03,-1
9,13,5,1000,1.7417,67083.26,-1
9,13,6,1000,1.6145,60723.08,-1
9,13,7,1000,1.3226,46128.23,-1
9,13,8,1000,0.9465,27323.71,-1
9,13,9,1000,0.5999,9996.14,-1
9,14,0,1000,0.414,698.83,-1
9,14,1,1000,0.5687,8436.38,-1
9,14,2,1000,0.7804,19019.43,-1
9,14,3,1000,1.165,38250.13,-1
9,14,4,1000,1.6143,60715.73,-1
9,14,5,1000,1.7857,69286.81,-1
9,14,6,1000,1.6296,61480.51,-1
9,14,7,1000,1.334,46697.76,-1
9,14,8,1000,0.9476,27378.92,-1
9,14,9,1000,0.5942,9712.39,-1
9,15,0,1000,0.4134,671.59,-1
9,15,1,1000,0.6075,10374.19,-1
9,15,2,1000,0.825,21252.3,-1
9,15,3,1000,1.1934,39671.09,-1
9,15,4,1000,1.6256,61280.43,-1
9,15,5,1000,1.6662,63311.63,-1
9,15,6,1000,1.4535,52674.64,-1
9,15,7,1000,1.2171,40856.86,-1
9,15,8,1000,0.913,25647.6,-1
9,15,9,1000,0.5925,9622.82,-1
9,16,0,1000,0.381,-952.18,-1
9,16,1,1000,0.5571,7853.89,-1
9,16,2,1000,0.7311,16553.55,-1
9,16,3,1000,1.0301,31506.36,-1
9,16,4,1000,1.3861,49307.31,-1
9,16,5,1000,1.4224,51121.78,-1
9,16,6,1000,1.2668,43341.58,-1
9,16,7,1000,1.0848,34238.06,-1
9,16,8,1000,0.8241,21203.92,-1
9,16,9,1000,0.536,6800.69,-1
9,17,0,1000,0.3633,-1834.0,-1
9,17,1,1000,0.5241,6207.09,-1
9,17,2,1000,0.671,13548.5,-1
9,17,3,1000,0.8657,23284.65,-1
9,17,4,1000,1.093,34650.84,-1
9,17,5,1000,1.2038,40190.96,-1
9,17,6,1000,1.157,37848.04,-1
9,17,7,1000,0.9946,29729.5,-1
9,17,8,1000,0.7796,18981.22,-1
9,17,9,1000,0.5192,5961.59,-1
9,18,0,1000,0.3473,-2634.63,-1
9,18,1,1000,0.5075,5373.69,-1
9,18,2,1000,0.6919,14593.67,-1
9,18,3,1000,0.8357,21785.79,-1
9,18,4,1000,0.9431,27157.29,-1
9,18,5,1000,1.0512,32557.81,-1
9,18,6,1000,1.0539,32693.1,-1
9,18,7,1000,0.9054,25269.86,-1
9,18,8,1000,0.7503,17513.42,-1
9,18,9,1000,0.5223,6117.12,-1
9,19,0,1000,0.3082,-4587.66,-1
9,19,1,1000,0.4576,2881.6,-1
9,19,2,1000,0.6621,13106.56,-1
9,19,3,1000,0.8053,20266.48,-1
9,19,4,1000,0.8705,23524.69,-1
9,19,5,1000,0.9054,25268.06,-1
9,19,6,1000,0.8894,24469.06,-1
9,19,7,1000,0.7762,18811.24,-1
9,19,8,1000,0.6618,13088.78,-1
9,19,9,1000,0.4694,3470.75,-1
9,20,0,1000,0.2782,-6088.25,-1
9,20,1,1000,0.3989,-54.77,-1
9,20,2,1000,0.5913,9562.66,-1
9,20,3,1000,0.7623,18114.95,-1
9,20,4,1000,0.85,22501.6,-1
9,20,5,1000,0.8412,22057.57,-1
9,20,6,1000,0.7964,19821.77,-1
9,20,7,1000,0.7078,15390.02,-1
9,20,8,1000,0.5902,9508.54,-1
9,20,9,1000,0.421,1050.5,-1
9,21,0,1000,0.2696,-6521.03,-1
9,21,1,1000,0.3488,-2558.92,-1
9,21,2,1000,0.4797,3985.42,-1
9,21,3,1000,0.6593,12963.07,-1
9,21,4,1000,0.7891,19457.06,-1
9,21,5,1000,0.7807,19034.87,-1
9,21,6,1000,0.7261,16303.63,-1
9,21,7,1000,0.6595,12975.11,-1
9,21,8,1000,0.5338,6689.54,-1
9,21,9,1000,0.3869,-656.67,-1
9,22,0,1000,0.2496,-7519.64,-1
9,22,1,1000,0.3076,-4618.43,-1
9,22,2,1000,0.3941,-293.82,-1
9,22,3,1000,0.5397,6984.94,-1
9,22,4,1000,0.6529,12644.4,-1
9,22,5,1000,0.6372,11862.25,-1
9,22,6,1000,0.5891,9453.83,-1
9,22,7,1000,0.547,7352.19,-1
9,22,8,1000,0.4542,2710.14,-1
9,22,9,1000,0.3387,-3067.35,-1
9,23,0,1000,0.2294,-8529.83,-1
9,23,1,1000,0.273,-6349.25,-1
9,23,2,1000,0.3227,-3867.26,-1
9,23,3,1000,0.4254,1269.74,-1
9,23,4,1000,0.506,5301.1,-1
9,23,5,1000,0.4773,3865.55,-1
9,23,6,1000,0.44,2000.03,-1
9,23,7,1000,0.4269,1345.62,-1
9,23,8,1000,0.3879,-605.31,-1
9,23,9,1000,0.3006,-4967.6,-1
9,24,0,1000,0.2093,-9534.82,-1
9,24,1,1000,0.2439,-7802.57,-1
9,24,2,1000,0.2802,-5992.29,-1
9,24,3,1000,0.3592,-2037.72,-1
9,24,4,1000,0.4184,919.41,-1
9,24,5,1000,0.396,-201.23,-1
9,24,6,1000,0.3772,-1137.9,-1
9,24,7,1000,0.3809,-954.53,-1
9,24,8,1000,0.3656,-1719.43,-1
9,24,9,1000,0.2809,-5954.13,-1
10,0,0,1000,0.1942,-10291.14,-1
10,0,1,1000,0.2501,-7492.59,-1
10,0,2,1000,0.3122,-4387.54,-1
10,0,3,1000,0.3583,-2085.3,-1
10,0,4,1000,0.386,-699.92,-1
10,0,5,1000,0.4066,330.66,-1
10,0,6,1000,0.3918,-409.6,-1
10,0,7,1000,0.3453,-2733.23,-1
10,0,8,1000,0.3053,-4735.09,-1
10,0,9,1000,0.2429,-7856.49,-1
10,1,0,1000,0.2091,-9543.87,-1
10,1,1,1000,0.2691,-6545.42,-1
10,1,2,1000,0.3303,-3482.54,-1
10,1,3,1000,0.3818,-909.6,-1
10,1,4,1000,0.4211,1055.8,-1
10,1,5,1000,0.4618,3089.72,-1
10,1,6,1000,0.4592,2960.56,-1
10,1,7,1000,0.4095,473.15,-1
10,1,8,1000,0.3616,-1917.56,-1
10,1,9,1000,0.2908,-5461.12,-1
10,2,0,1000,0.2193,-9035.58,-1
10,2,1,1000,0.2859,-5704.87,-1
10,2,2,1000,0.3672,-1638.25,-1
10,2,3,1000,0.4523,2613.92,-1
10,2,4,1000,0.5091,5454.42,-1
10,2,5,1000,0.528,6399.04,-1
10,2,6,1000,0.5288,6440.49,-1
10,2,7,1000,0.4851,4254.62,-1
10,2,8,1000,0.397,-150.6,-1
10,2,9,1000,0.3147,-4267.38,-1
10,3,0,1000,0.2563,-7184.4,-1
10,3,1,1000,0.335,-3247.91,-1
10,3,2,1000,0.4268,1341.86,-1
10,3,3,1000,0.536,6801.19,-1
10,3,4,1000,0.6088,10440.82,-1
10,3,5,1000,0.6005,10027.3,-1
10,3,6,1000,0.5929,9643.18,-1
10,3,7,1000,0.5472,7360.13,-1
10,3,8,1000,0.4257,1284.48,-1
10,3,9,1000,0.3311,-3444.87,-1
10,4,0,1000,0.2939,-5304.77,-1
10,4,1,1000,0.3864,-679.7,-1
10,4,2,1000,0.4887,4435.63,-1
10,4,3,1000,0.6155,10772.66,-1
10,4,4,1000,0.7089,15443.9,-1
10,4,5,1000,0.705,15248.65,-1
10,4,6,1000,0.6813,14064.4,-1
10,4,7,1000,0.6104,10521.08,-1
10,4,8,1000,0.4647,3236.59,-1
10,4,9,1000,0.3534,-2329.91,-1
10,5,0,1000,0.2967,-5163.94,-1
10,5,1,1000,0.4018,92.04,-1
10,5,2,1000,0.5528,7642.02,-1
10,5,3,1000,0.7237,16183.08,-1
10,5,4,1000,0.8622,23110.61,-1
10,5,5,1000,0.9269,26344.54,-1
10,5,6,1000,0.8664,23318.85,-1
10,5,7,1000,0.7125,15627.37,-1
10,5,8,1000,0.5185,5923.53,-1
10,5,9,1000,0.3728,-1361.84,-1
10,6,0,1000,0.3239,-3805.56,-1
10,6,1,1000,0.4395,1972.86,-1
10,6,2,1000,0.599,9949.8,-1
10,6,3,1000,0.7863,19312.79,-1
10,6,4,1000,0.976,28800.23,-1
10,6,5,1000,1.1493,37463.15,-1
10,6,6,1000,1.079,33950.53,-1
10,6,7,1000,0.8455,22274.32,-1
10,6,8,1000,0.6113,10564.75,-1
10,6,9,1000,0.4318,1588.31,-1
10,7,0,1000,0.3801,-995.33,-1
10,7,1,1000,0.5098,5487.51,-1
10,7,2,1000,0.6553,12764.37,-1
10,7,3,1000,0.8453,22265.26,-1
10,7,4,1000,1.0735,33672.69,-1
10,7,5,1000,1.3102,45510.73,-1
10,7,6,1000,1.2434,42172.44,-1
10,7,7,1000,0.965,28251.8,-1
10,7,8,1000,0.7015,15075.04,-1
10,7,9,1000,0.4956,4779.82,-1
10,8,0,1000,0.3961,-194.12,-1
10,8,1,1000,0.5421,7104.56,-1
10,8,2,1000,0.7648,18241.1,-1
10,8,3,1000,1.0322,31609.31,-1
10,8,4,1000,1.2716,43581.8,-1
10,8,5,1000,1.4335,51677.08,-1
10,8,6,1000,1.3443,47213.04,-1
10,8,7,1000,1.0579,32893.88,-1
10,8,8,1000,0.757,17850.68,-1
10,8,9,1000,0.5198,5992.36,-1
10,9,0,1000,0.3866,-669.12,-1
10,9,1,1000,0.538,6898.25,-1
10,9,2,1000,0.821,21049.49,-1
10,9,3,1000,1.153,37651.49,-1
10,9,4,1000,1.4116,50577.8,-1
10,9,5,1000,1.5386,56932.25,-1
10,9,6,1000,1.4372,51857.5,-1
10,9,7,1000,1.1386,36930.68,-1
10,9,8,1000,0.8192,20960.86,-1
10,9,9,1000,0.5588,7942.24,-1
10,10,0,1000,0.4044,220.04,-1
10,10,1,1000,0.5553,7762.99,-1
10,10,2,1000,0.8155,20776.51,-1
10,10,3,1000,1.148,37401.67,-1
10,10,4,1000,1.4581,52903.05,-1
10,10,5,1000,1.6777,63886.68,-1
10,10,6,1000,1.5721,58605.53,-1
10,10,7,1000,1.2294,41469.84,-1
10,10,8,1000,0.914,25697.92,-1
10,10,9,1000,0.637,11851.99,-1
10,11,0,1000,0.4294,1470.54,-1
10,11,1,1000,0.5796,8981.2,-1
10,11,2,1000,0.8637,23182.94,-1
10,11,3,1000,1.3033,45166.53,-1
10,11,4,1000,1.7425,67125.8,-1
10,11,5,1000,1.8907,74535.68,-1
10,11,6,1000,1.6585,62927.29,-1
10,11,7,1000,1.3123,45613.44,-1
10,11,8,1000,1.0023,30113.42,-1
10,11,9,1000,0.6923,14616.32,-1
10,12,0,1000,0.4461,2306.05,-1
10,12,1,1000,0.593,9651.77,-1
10,12,2,1000,0.8969,24846.16,-1
10,12,3,1000,1.4306,51531.93,-1
10,12,4,1000,1.9958,79790.89,-1
10,12,5,1000,2.1296,86481.37,-1
10,12,6,1000,1.7992,69958.34,-1
10,12,7,1000,1.4157,50783.88,-1
10,12,8,1000,1.0102,30509.87,-1
10,12,9,1000,0.6476,12380.64,-1
10,13,0,1000,0.4484,2418.87,-1
10,13,1,1000,0.589,9450.36,-1
10,13,2,1000,0.8501,22505.91,-1
10,13,3,1000,1.3396,46980.75,-1
10,13,4,1000,1.9094,75472.08,-1
10,13,5,1000,2.1796,88981.63,-1
10,13,6,1000,1.9141,75703.92,-1
10,13,7,1000,1.4841,54206.47,-1
10,13,8,1000,0.9909,29546.6,-1
10,13,9,1000,0.6001,10005.48,-1
10,14,0,1000,0.4401,2004.55,-1
10,14,1,1000,0.612,10601.31,-1
10,14,2,1000,0.8508,22541.68,-1
10,14,3,1000,1.2917,44586.08,-1
10,14,4,1000,1.8562,72808.61,-1
10,14,5,1000,2.1465,87324.58,-1
10,14,6,1000,1.919,75950.19,-1
10,14,7,1000,1.5043,55215.08,-1
10,14,8,1000,1.0219,31095.09,-1
10,14,9,1000,0.6261,11306.63,-1
10,15,0,1000,0.4054,272.35,-1
10,15,1,1000,0.6041,10203.3,-1
10,15,2,1000,0.8292,21461.82,-1
10,15,3,1000,1.2191,40956.1,-1
10,15,4,1000,1.7295,66474.74,-1
10,15,5,1000,1.9121,75602.65,-1
10,15,6,1000,1.7005,65026.13,-1
10,15,7,1000,1.3813,49063.15,-1
10,15,8,1000,1.0124,30618.32,-1
10,15,9,1000,0.6547,12734.47,-1
10,16,0,1000,0.3696,-1521.23,-1
10,16,1,1000,0.5484,7418.78,-1
10,16,2,1000,0.7265,16325.68,-1
10,16,3,1000,1.0375,31876.32,-1
10,16,4,1000,1.4467,52332.7,-1
10,16,5,1000,1.5975,59875.9,-1
10,16,6,1000,1.4641,53206.14,-1
10,16,7,1000,1.2256,41278.05,-1
10,16,8,1000,0.9154,25771.76,-1
10,16,9,1000,0.5963,9812.66,-1
10,17,0,1000,0.3684,-1578.89,-1
10,17,1,1000,0.5339,6693.04,-1
10,17,2,1000,0.6831,14153.09,-1
10,17,3,1000,0.8891,24455.18,-1
10,17,4,1000,1.1569,37845.64,-1
10,17,5,1000,1.3547,47736.13,-1
10,17,6,1000,1.3287,46434.25,-1
10,17,7,1000,1.1166,35829.94,-1
10,17,8,1000,0.8389,21942.92,-1
10,17,9,1000,0.5473,7362.54,-1
10,18,0,1000,0.3733,-1336.08,-1
10,18,1,1000,0.54,7000.58,-1
10,18,2,1000,0.7241,16205.76,-1
10,18,3,1000,0.8812,24060.47,-1
10,18,4,1000,1.0244,31218.38,-1
10,18,5,1000,1.1965,39824.03,-1
10,18,6,1000,1.2116,40577.86,-1
10,18,7,1000,1.0141,30706.35,-1
10,18,8,1000,0.777,18852.22,-1
10,18,9,1000,0.515,5750.92,-1
10,19,0,1000,0.3359,-3205.92,-1
10,19,1,1000,0.4909,4542.94,-1
10,19,2,1000,0.6932,14658.17,-1
10,19,3,1000,0.8469,22343.05,-1
10,19,4,1000,0.9405,27022.78,-1
10,19,5,1000,1.0248,31238.49,-1
10,19,6,1000,1.0198,30990.92,-1
10,19,7,1000,0.8685,23426.18,-1
10,19,8,1000,0.6817,14086.08,-1
10,19,9,1000,0.4591,2953.66,-1
10,20,0,1000,0.2949,-5254.06,-1
10,20,1,1000,0.4194,969.33,-1
10,20,2,1000,0.6089,10442.71,-1
10,20,3,1000,0.7839,19196.75,-1
10,20,4,1000,0.8907,24533.62,-1
10,20,5,1000,0.9262,26309.68,-1
10,20,6,1000,0.8976,24877.55,-1
10,20,7,1000,0.7827,19133.35,-1
10,20,8,1000,0.6104,10520.32,-1
10,20,9,1000,0.4162,810.71,-1
10,21,0,1000,0.2714,-6429.03,-1
10,21,1,1000,0.353,-2350.35,-1
10,21,2,1000,0.4803,4015.99,-1
10,21,3,1000,0.6557,12782.85,-1
10,21,4,1000,0.7948,19741.88,-1
10,21,5,1000,0.8302,21511.43,-1
10,21,6,1000,0.7989,19943.73,-1
10,21,7,1000,0.7164,15819.34,-1
10,21,8,1000,0.5532,7661.75,-1
10,21,9,1000,0.3863,-686.92,-1
10,22,0,1000,0.2489,-7557.29,-1
10,22,1,1000,0.3086,-4570.02,-1
10,22,2,1000,0.3903,-484.23,-1
10,22,3,1000,0.5289,6445.31,-1
10,22,4,1000,0.6474,12369.61,-1
10,22,5,1000,0.6697,13486.4,-1
10,22,6,1000,0.644,12201.67,-1
10,22,7,1000,0.5913,9563.59,-1
10,22,8,1000,0.4697,3482.8,-1
10,22,9,1000,0.3377,-3112.83,-1
10,23,0,1000,0.2323,-8385.64,-1
10,23,1,1000,0.278,-6101.03,-1
10,23,2,1000,0.326,-3701.6,-1
10,23,3,1000,0.426,1297.95,-1
10,23,4,1000,0.5117,5586.79,-1
10,23,5,1000,0.5091,5452.81,-1
10,23,6,1000,0.4856,4277.69,-1
10,23,7,1000,0.4627,3135.3,-1
10,23,8,1000,0.3986,-71.21,-1
10,23,9,1000,0.298,-5099.78,-1
10,24,0,1000,0.2181,-9094.24,-1
10,24,1,1000,0.2557,-7213.1,-1
10,24,2,1000,0.2971,-5146.73,-1
10,24,3,1000,0.3819,-904.9,-1
10,24,4,1000,0.4479,2393.61,-1
10,24,5,1000,0.4369,1843.82,-1
10,24,6,1000,0.4193,963.68,-1
10,24,7,1000,0.4115,573.58,-1
10,24,8,1000,0.3722,-1388.75,-1
10,24,9,1000,0.2769,-6153.64,-1
11,0,0,1000,0.2031,-9842.96,-1
11,0,1,1000,0.2718,-6411.59,-1
11,0,2,1000,0.3396,-3021.68,-1
11,0,3,1000,0.3838,-810.43,-1
11,0,4,1000,0.4038,191.63,-1
11,0,5,1000,0.4023,115.43,-1
11,0,6,1000,0.3933,-336.46,-1
11,0,7,1000,0.3558,-2208.19,-1
11,0,8,1000,0.3003,-4985.28,-1
11,0,9,1000,0.2406,-7969.26,-1
11,1,0,1000,0.2261,-8694.12,-1
11,1,1,1000,0.3022,-4890.28,-1
11,1,2,1000,0.3758,-1210.5,-1
11,1,3,1000,0.4313,1562.67,-1
11,1,4,1000,0.4658,3290.18,-1
11,1,5,1000,0.4791,3956.31,-1
11,1,6,1000,0.472,3600.41,-1
11,1,7,1000,0.4253,1262.53,-1
11,1,8,1000,0.3613,-1935.04,-1
11,1,9,1000,0.29,-5498.34,-1
11,2,0,1000,0.2328,-8361.96,-1
11,2,1,1000,0.3141,-4296.43,-1
11,2,2,1000,0.4183,913.48,-1
11,2,3,1000,0.5182,5911.27,-1
11,2,4,1000,0.5819,9092.83,-1
11,2,5,1000,0.5856,9278.67,-1
11,2,6,1000,0.5575,7873.52,-1
11,2,7,1000,0.4975,4872.77,-1
11,2,8,1000,0.4115,577.27,-1
11,2,9,1000,0.3243,-3785.99,-1
11,3,0,1000,0.2459,-7706.11,-1
11,3,1,1000,0.3338,-3311.61,-1
11,3,2,1000,0.4564,2819.69,-1
11,3,3,1000,0.5869,9346.43,-1
11,3,4,1000,0.6749,13743.0,-1
11,3,5,1000,0.6748,13737.53,-1
11,3,6,1000,0.6312,11560.79,-1
11,3,7,1000,0.5566,7828.1,-1
11,3,8,1000,0.4484,2419.77,-1
11,3,9,1000,0.3461,-2694.6,-1
11,4,0,1000,0.268,-6599.63,-1
11,4,1,1000,0.3661,-1696.91,-1
11,4,2,1000,0.498,4901.03,-1
11,4,3,1000,0.6413,12064.42,-1
11,4,4,1000,0.7462,17309.51,-1
11,4,5,1000,0.7677,18384.14,-1
11,4,6,1000,0.7273,16366.84,-1
11,4,7,1000,0.6308,11542.24,-1
11,4,8,1000,0.4921,4602.69,-1
11,4,9,1000,0.3699,-1505.94,-1
11,5,0,1000,0.2968,-5159.06,-1
11,5,1,1000,0.4111,556.33,-1
11,5,2,1000,0.5669,8346.96,-1
11,5,3,1000,0.7218,16090.81,-1
11,5,4,1000,0.841,22051.29,-1
11,5,5,1000,0.9322,26611.79,-1
11,5,6,1000,0.924,26197.96,-1
11,5,7,1000,0.7761,18803.18,-1
11,5,8,1000,0.547,7351.34,-1
11,5,9,1000,0.3794,-1031.46,-1
11,6,0,1000,0.3442,-2791.39,-1
11,6,1,1000,0.4739,3695.1,-1
11,6,2,1000,0.625,11248.46,-1
11,6,3,1000,0.7754,18769.5,-1
11,6,4,1000,0.9231,26153.45,-1
11,6,5,1000,1.1249,36243.09,-1
11,6,6,1000,1.1607,38035.3,-1
11,6,7,1000,0.9473,27364.85,-1
11,6,8,1000,0.6208,11040.35,-1
11,6,9,1000,0.4041,203.31,-1
11,7,0,1000,0.3814,-927.57,-1
11,7,1,1000,0.5217,6083.88,-1
11,7,2,1000,0.6658,13292.03,-1
11,7,3,1000,0.8211,21055.92,-1
11,7,4,1000,1.0103,30516.03,-1
11,7,5,1000,1.3129,45644.04,-1
11,7,6,1000,1.3676,48378.12,-1
11,7,7,1000,1.0845,34226.25,-1
11,7,8,1000,0.6889,14442.53,-1
11,7,9,1000,0.4395,1976.21,-1
11,8,0,1000,0.3625,-1874.62,-1
11,8,1,1000,0.5075,5375.3,-1
11,8,2,1000,0.7455,17276.43,-1
11,8,3,1000,0.9965,29825.25,-1
11,8,4,1000,1.2314,41570.99,-1
11,8,5,1000,1.5424,57118.16,-1
11,8,6,1000,1.5237,56185.59,-1
11,8,7,1000,1.1544,37719.28,-1
11,8,8,1000,0.7434,17168.87,-1
11,8,9,1000,0.4986,4930.31,-1
11,9,0,1000,0.3558,-2212.3,-1
11,9,1,1000,0.5049,5242.8,-1
11,9,2,1000,0.8116,20581.87,-1
11,9,3,1000,1.1433,37164.87,-1
11,9,4,1000,1.4246,51228.58,-1
11,9,5,1000,1.7111,65553.94,-1
11,9,6,1000,1.5894,59468.13,-1
11,9,7,1000,1.1626,38129.65,-1
11,9,8,1000,0.8136,20677.63,-1
11,9,9,1000,0.5956,9781.88,-1
11,10,0,1000,0.3946,-272.38,-1
11,10,1,1000,0.5494,7471.25,-1
11,10,2,1000,0.8296,21478.09,-1
11,10,3,1000,1.1627,38135.79,-1
11,10,4,1000,1.5033,55164.46,-1
11,10,5,1000,1.8609,73047.15,-1
11,10,6,1000,1.6831,64155.42,-1
11,10,7,1000,1.209,40449.1,-1
11,10,8,1000,0.8965,24825.52,-1
11,10,9,1000,0.6785,13923.9,-1
11,11,0,1000,0.4305,1524.09,-1
11,11,1,1000,0.5887,9434.86,-1
11,11,2,1000,0.8787,23933.91,-1
11,11,3,1000,1.3186,45927.56,-1
11,11,4,1000,1.8348,71737.65,-1
11,11,5,1000,2.2116,90580.58,-1
11,11,6,1000,1.8721,73603.67,-1
11,11,7,1000,1.3514,47567.62,-1
11,11,8,1000,0.9841,29206.34,-1
11,11,9,1000,0.712,15597.82,-1
11,12,0,1000,0.4607,3034.58,-1
11,12,1,1000,0.6273,11363.23,-1
11,12,2,1000,0.9568,27840.65,-1
11,12,3,1000,1.529,56452.2,-1
11,12,4,1000,2.2394,91971.82,-1
11,12,5,1000,2.6655,113276.87,-1
11,12,6,1000,2.1252,86258.6,-1
11,12,7,1000,1.5247,56233.66,-1
11,12,8,1000,1.0169,30846.04,-1
11,12,9,1000,0.6726,13631.52,-1
11,13,0,1000,0.4861,4303.17,-1
11,13,1,1000,0.6614,13068.35,-1
11,13,2,1000,0.9799,28995.52,-1
11,13,3,1000,1.5477,57384.29,-1
11,13,4,1000,2.2755,93774.78,-1
11,13,5,1000,2.7218,116091.94,-1
11,13,6,1000,2.1782,88912.04,-1
11,13,7,1000,1.5597,57985.62,-1
11,13,8,1000,1.0147,30732.53,-1
11,13,9,1000,0.6563,12813.88,-1
11,14,0,1000,0.4741,3704.9,-1
11,14,1,1000,0.6814,14067.87,-1
11,14,2,1000,0.9681,28406.38,-1
11,14,3,1000,1.4569,52844.3,-1
11,14,4,1000,2.1119,85595.82,-1
11,14,5,1000,2.4782,103908.2,-1
11,14,6,1000,2.0985,84925.74,-1
11,14,7,1000,1.5629,58145.14,-1
11,14,8,1000,1.0513,32567.17,-1
11,14,9,1000,0.689,14451.03,-1
11,15,0,1000,0.4204,1017.67,-1
11,15,1,1000,0.6461,12306.62,-1
11,15,2,1000,0.8928,24639.02,-1
11,15,3,1000,1.2776,43880.9,-1
11,15,4,1000,1.7997,69983.21,-1
11,15,5,1000,2.0242,81209.9,-1
11,15,6,1000,1.8033,70164.46,-1
11,15,7,1000,1.4279,51394.67,-1
11,15,8,1000,1.0245,31223.48,-1
11,15,9,1000,0.6938,14690.56,-1
11,16,0,1000,0.3906,-467.74,-1
11,16,1,1000,0.5995,9976.06,-1
11,16,2,1000,0.8087,20436.23,-1
11,16,3,1000,1.124,36201.65,-1
11,16,4,1000,1.5248,56238.12,-1
11,16,5,1000,1.6368,61838.34,-1
11,16,6,1000,1.4918,54590.63,-1
11,16,7,1000,1.2337,41685.87,-1
11,16,8,1000,0.9135,25674.03,-1
11,16,9,1000,0.6293,11463.77,-1
11,17,0,1000,0.3982,-90.1,-1
11,17,1,1000,0.5765,8825.21,-1
11,17,2,1000,0.7533,17664.04,-1
11,17,3,1000,1.0111,30552.59,-1
11,17,4,1000,1.3121,45605.77,-1
11,17,5,1000,1.4167,50835.46,-1
11,17,6,1000,1.3247,46235.23,-1
11,17,7,1000,1.1001,35004.46,-1
11,17,8,1000,0.8026,20130.31,-1
11,17,9,1000,0.5492,7459.18,-1
11,18,0,1000,0.4074,367.68,-1
11,18,1,1000,0.5555,7774.23,-1
11,18,2,1000,0.7264,16317.8,-1
11,18,3,1000,0.9555,27775.01,-1
11,18,4,1000,1.1824,39120.76,-1
11,18,5,1000,1.2915,44575.25,-1
11,18,6,1000,1.2252,41261.77,-1
11,18,7,1000,1.0103,30516.68,-1
11,18,8,1000,0.7358,16792.3,-1
11,18,9,1000,0.5076,5379.7,-1
11,19,0,1000,0.3731,-1344.48,-1
11,19,1,1000,0.5024,5121.59,-1
11,19,2,1000,0.6667,13335.16,-1
11,19,3,1000,0.8701,23506.52,-1
11,19,4,1000,1.0404,32018.6,-1
11,19,5,1000,1.0938,34687.74,-1
11,19,6,1000,1.0317,31585.83,-1
11,19,7,1000,0.8715,23577.27,-1
11,19,8,1000,0.6682,13409.04,-1
11,19,9,1000,0.4801,4004.14,-1
11,20,0,1000,0.3166,-4170.26,-1
11,20,1,1000,0.4358,1789.03,-1
11,20,2,1000,0.6035,10173.82,-1
11,20,3,1000,0.7849,19245.36,-1
11,20,4,1000,0.9158,25787.83,-1
11,20,5,1000,0.9559,27793.42,-1
11,20,6,1000,0.9229,26142.65,-1
11,20,7,1000,0.8029,20146.32,-1
11,20,8,1000,0.6236,11182.01,-1
11,20,9,1000,0.4495,2475.84,-1
11,21,0,1000,0.2681,-6596.81,-1
11,21,1,1000,0.3801,-993.17,-1
11,21,2,1000,0.5345,6722.94,-1
11,21,3,1000,0.6799,13995.91,-1
11,21,4,1000,0.7804,19021.34,-1
11,21,5,1000,0.8428,22137.7,-1
11,21,6,1000,0.8564,22820.2,-1
11,21,7,1000,0.7639,18195.12,-1
11,21,8,1000,0.5753,8762.52,-1
11,21,9,1000,0.3995,-23.28,-1
11,22,0,1000,0.245,-7749.26,-1
11,22,1,1000,0.3424,-2877.93,-1
11,22,2,1000,0.4619,3096.28,-1
11,22,3,1000,0.5689,8443.63,-1
11,22,4,1000,0.6413,12065.53,-1
11,22,5,1000,0.6874,14371.94,-1
11,22,6,1000,0.708,15399.6,-1
11,22,7,1000,0.6445,12226.51,-1
11,22,8,1000,0.4923,4615.49,-1
11,22,9,1000,0.3446,-2767.76,-1
11,23,0,1000,0.2341,-8292.88,-1
11,23,1,1000,0.3071,-4642.94,-1
11,23,2,1000,0.3847,-765.0,-1
11,23,3,1000,0.4662,3310.56,-1
11,23,4,1000,0.5278,6387.97,-1
11,23,5,1000,0.5554,7768.29,-1
11,23,6,1000,0.5561,7804.15,-1
11,23,7,1000,0.5066,5330.67,-1
11,23,8,1000,0.4027,133.96,-1
11,23,9,1000,0.2948,-5260.67,-1
11,24,0,1000,0.2284,-8580.46,-1
11,24,1,1000,0.2731,-6342.73,-1
11,24,2,1000,0.3186,-4069.09,-1
11,24,3,1000,0.3948,-257.72,-1
11,24,4,1000,0.4658,3288.83,-1
11,24,5,1000,0.4972,4860.67,-1
11,24,6,1000,0.472,3597.86,-1
11,24,7,1000,0.4145,727.31,-1
11,24,8,1000,0.3351,-3245.17,-1
11,24,9,1000,0.2567,-7164.42,-1
12,0,0,1000,0.1955,-10226.01,-1
12,0,1,1000,0.2729,-6357.19,-1
12,0,2,1000,0.3488,-2560.07,-1
12,0,3,1000,0.3924,-379.79,-1
12,0,4,1000,0.4086,431.62,-1
12,0,5,1000,0.407,349.06,-1
12,0,6,1000,0.4145,726.51,-1
12,0,7,1000,0.3826,-867.75,-1
12,0,8,1000,0.3055,-4727.15,-1
12,0,9,1000,0.2438,-7808.14,-1
12,1,0,1000,0.2297,-8513.2,-1
12,1,1,1000,0.3177,-4116.93,-1
12,1,2,1000,0.4023,116.5,-1
12,1,3,1000,0.4603,3016.73,-1
12,1,4,1000,0.4939,4697.22,-1
12,1,5,1000,0.5047,5233.84,-1
12,1,6,1000,0.5059,5294.03,-1
12,1,7,1000,0.4585,2925.78,-1
12,1,8,1000,0.371,-1448.15,-1
12,1,9,1000,0.2943,-5282.54,-1
12,2,0,1000,0.2507,-7465.42,-1
12,2,1,1000,0.3438,-2807.58,-1
12,2,2,1000,0.4572,2861.34,-1
12,2,3,1000,0.5618,8088.56,-1
12,2,4,1000,0.6349,11746.85,-1
12,2,5,1000,0.6485,12424.84,-1
12,2,6,1000,0.6065,10324.11,-1
12,2,7,1000,0.5273,6367.36,-1
12,2,8,1000,0.4336,1681.86,-1
12,2,9,1000,0.3363,-3184.24,-1
12,3,0,1000,0.2516,-7420.27,-1
12,3,1,1000,0.347,-2649.0,-1
12,3,2,1000,0.4789,3947.05,-1
12,3,3,1000,0.6145,10723.67,-1
12,3,4,1000,0.7195,15975.26,-1
12,3,5,1000,0.7538,17688.05,-1
12,3,6,1000,0.6912,14558.94,-1
12,3,7,1000,0.5848,9239.76,-1
12,3,8,1000,0.4778,3890.36,-1
12,3,9,1000,0.3623,-1884.48,-1
12,4,0,1000,0.2564,-7177.72,-1
12,4,1,1000,0.3598,-2009.04,-1
12,4,2,1000,0.5074,5367.87,-1
12,4,3,1000,0.6565,12823.14,-1
12,4,4,1000,0.7722,18610.61,-1
12,4,5,1000,0.8276,21377.87,-1
12,4,6,1000,0.7773,18864.43,-1
12,4,7,1000,0.6571,12856.94,-1
12,4,8,1000,0.5278,6388.44,-1
12,4,9,1000,0.3954,-230.72,-1
12,5,0,1000,0.2914,-5430.35,-1
12,5,1,1000,0.4193,965.06,-1
12,5,2,1000,0.6093,10463.31,-1
12,5,3,1000,0.774,18701.25,-1
12,5,4,1000,0.863,23147.98,-1
12,5,5,1000,0.8923,24614.69,-1
12,5,6,1000,0.8888,24440.97,-1
12,5,7,1000,0.7757,18786.55,-1
12,5,8,1000,0.5896,9477.51,-1
12,5,9,1000,0.4305,1524.53,-1
12,6,0,1000,0.345,-2751.25,-1
12,6,1,1000,0.4961,4805.38,-1
12,6,2,1000,0.7,14997.91,-1
12,6,3,1000,0.8687,23435.47,-1
12,6,4,1000,0.9562,27810.08,-1
12,6,5,1000,1.0161,30804.95,-1
12,6,6,1000,1.0675,33375.03,-1
12,6,7,1000,0.9294,26467.59,-1
12,6,8,1000,0.6496,12481.43,-1
12,6,9,1000,0.4485,2426.28,-1
12,7,0,1000,0.3681,-1593.91,-1
12,7,1,1000,0.527,6350.65,-1
12,7,2,1000,0.7316,16578.94,-1
12,7,3,1000,0.9106,25530.61,-1
12,7,4,1000,1.0428,32141.75,-1
12,7,5,1000,1.2227,41135.79,-1
12,7,6,1000,1.3025,45123.86,-1
12,7,7,1000,1.0779,33893.21,-1
12,7,8,1000,0.6924,14620.79,-1
12,7,9,1000,0.452,2598.21,-1
12,8,0,1000,0.3465,-2676.35,-1
12,8,1,1000,0.5019,5097.01,-1
12,8,2,1000,0.7867,19333.83,-1
12,8,3,1000,1.0551,32755.12,-1
12,8,4,1000,1.2777,43883.17,-1
12,8,5,1000,1.6115,60573.38,-1
12,8,6,1000,1.6006,60031.22,-1
12,8,7,1000,1.1819,39097.12,-1
12,8,8,1000,0.7115,15572.57,-1
12,8,9,1000,0.479,3951.8,-1
12,9,0,1000,0.3663,-1687.4,-1
12,9,1,1000,0.5276,6378.93,-1
12,9,2,1000,0.8656,23278.72,-1
12,9,3,1000,1.2097,40484.08,-1
12,9,4,1000,1.5157,55783.5,-1
12,9,5,1000,1.8986,74928.95,-1
12,9,6,1000,1.723,66149.32,-1
12,9,7,1000,1.1704,38518.99,-1
12,9,8,1000,0.7592,17962.34,-1
12,9,9,1000,0.5768,8837.81,-1
12,10,0,1000,0.4215,1077.13,-1
12,10,1,1000,0.5933,9665.05,-1
12,10,2,1000,0.8987,24937.31,-1
12,10,3,1000,1.2426,42131.92,-1
12,10,4,1000,1.6135,60673.47,-1
12,10,5,1000,2.0468,82340.51,-1
12,10,6,1000,1.7645,68225.81,-1
12,10,7,1000,1.1668,38342.48,-1
12,10,8,1000,0.825,21250.38,-1
12,10,9,1000,0.66,13000.03,-1
12,11,0,1000,0.4244,1220.0,-1
12,11,1,1000,0.5833,9162.78,-1
12,11,2,1000,0.8578,22890.41,-1
12,11,3,1000,1.2648,43237.68,-1
12,11,4,1000,1.807,70348.18,-1
12,11,5,1000,2.3894,99468.62,-1
12,11,6,1000,1.9498,77491.57,-1
12,11,7,1000,1.3023,45116.24,-1
12,11,8,1000,0.9023,25115.15,-1
12,11,9,1000,0.6838,14191.55,-1
12,12,0,1000,0.4269,1346.27,-1
12,12,1,1000,0.586,9298.55,-1
12,12,2,1000,0.8918,24590.52,-1
12,12,3,1000,1.4249,51247.31,-1
12,12,4,1000,2.1761,88805.92,-1
12,12,5,1000,2.985,129249.52,-1
12,12,6,1000,2.2095,90475.71,-1
12,12,7,1000,1.4815,54074.59,-1
12,12,8,1000,0.9515,27574.6,-1
12,12,9,1000,0.6613,13063.59,-1
12,13,0,1000,0.4724,3620.32,-1
12,13,1,1000,0.6539,12695.65,-1
12,13,2,1000,0.9796,28979.47,-1
12,13,3,1000,1.5488,57439.33,-1
12,13,4,1000,2.3364,96822.25,-1
12,13,5,1000,3.0455,132272.61,-1
12,13,6,1000,2.1948,89738.29,-1
12,13,7,1000,1.4822,54107.87,-1
12,13,8,1000,0.9647,28235.03,-1
12,13,9,1000,0.6738,13687.62,-1
12,14,0,1000,0.4811,4055.56,-1
12,14,1,1000,0.7081,15407.4,-1
12,14,2,1000,1.0186,30929.03,-1
12,14,3,1000,1.5165,55827.48,-1
12,14,4,1000,2.2041,90206.8,-1
12,14,5,1000,2.6295,111476.95,-1
12,14,6,1000,2.1211,86056.64,-1
12,14,7,1000,1.5186,55927.65,-1
12,14,8,1000,1.0023,30116.63,-1
12,14,9,1000,0.6917,14583.28,-1
12,15,0,1000,0.436,1802.33,-1
12,15,1,1000,0.6879,14392.65,-1
12,15,2,1000,0.9596,27979.16,-1
12,15,3,1000,1.3397,46986.18,-1
12,15,4,1000,1.8534,72669.55,-1
12,15,5,1000,2.0817,84087.08,-1
12,15,6,1000,1.8508,72540.44,-1
12,15,7,1000,1.4282,51407.91,-1
12,15,8,1000,0.9566,27828.88,-1
12,15,9,1000,0.6527,12636.95,-1
12,16,0,1000,0.4143,713.59,-1
12,16,1,1000,0.6534,12670.41,-1
12,16,2,1000,0.9003,25012.73,-1
12,16,3,1000,1.2256,41281.18,-1
12,16,4,1000,1.6085,60424.38,-1
12,16,5,1000,1.6505,62523.62,-1
12,16,6,1000,1.4872,54359.73,-1
12,16,7,1000,1.2092,40458.63,-1
12,16,8,1000,0.8384,21918.46,-1
12,16,9,1000,0.5848,9241.79,-1
12,17,0,1000,0.4069,346.32,-1
12,17,1,1000,0.5937,9682.89,-1
12,17,2,1000,0.8104,20519.2,-1
12,17,3,1000,1.1267,36335.21,-1
12,17,4,1000,1.4522,52610.81,-1
12,17,5,1000,1.4483,52413.0,-1
12,17,6,1000,1.2894,44468.72,-1
12,17,7,1000,1.0559,32797.05,-1
12,17,8,1000,0.72,16002.19,-1
12,17,9,1000,0.5033,5165.79,-1
12,18,0,1000,0.3914,-429.04,-1
12,18,1,1000,0.5121,5603.31,-1
12,18,2,1000,0.6915,14573.43,-1
12,18,3,1000,1.0012,30061.26,-1
12,18,4,1000,1.3002,45010.73,-1
12,18,5,1000,1.3445,47223.27,-1
12,18,6,1000,1.204,40197.83,-1
12,18,7,1000,0.9812,29059.24,-1
12,18,8,1000,0.6767,13836.8,-1
12,18,9,1000,0.4857,4287.34,-1
12,19,0,1000,0.3588,-2060.58,-1
12,19,1,1000,0.4546,2727.52,-1
12,19,2,1000,0.6043,10214.46,-1
12,19,3,1000,0.8669,23347.43,-1
12,19,4,1000,1.1037,35187.03,-1
12,19,5,1000,1.127,36351.31,-1
12,19,6,1000,1.0146,30730.17,-1
12,19,7,1000,0.853,22650.27,-1
12,19,8,1000,0.6415,12072.7,-1
12,19,9,1000,0.491,4550.47,-1
12,20,0,1000,0.3119,-4404.8,-1
12,20,1,1000,0.4211,1053.64,-1
12,20,2,1000,0.5771,8855.14,-1
12,20,3,1000,0.7685,18422.55,-1
12,20,4,1000,0.9134,25671.57,-1
12,20,5,1000,0.9387,26934.41,-1
12,20,6,1000,0.8954,24769.18,-1
12,20,7,1000,0.783,19148.39,-1
12,20,8,1000,0.6205,11024.02,-1
12,20,9,1000,0.4772,3860.78,-1
12,21,0,1000,0.2745,-6273.01,-1
12,21,1,1000,0.415,749.54,-1
12,21,2,1000,0.585,9251.66,-1
12,21,3,1000,0.6947,14737.29,-1
12,21,4,1000,0.7461,17304.31,-1
12,21,5,1000,0.7887,19432.95,-1
12,21,6,1000,0.8247,21235.0,-1
12,21,7,1000,0.7428,17141.3,-1
12,21,8,1000,0.5771,8857.22,-1
12,21,9,1000,0.4162,808.35,-1
12,22,0,1000,0.2576,-7119.46,-1
12,22,1,1000,0.3909,-455.18,-1
12,22,2,1000,0.5333,6663.65,-1
12,22,3,1000,0.6017,10084.64,-1
12,22,4,1000,0.6193,10963.13,-1
12,22,5,1000,0.6434,12169.96,-1
12,22,6,1000,0.6866,14331.18,-1
12,22,7,1000,0.6313,11563.59,-1
12,22,8,1000,0.4964,4817.51,-1
12,22,9,1000,0.3568,-2158.82,-1
12,23,0,1000,0.2395,-8023.59,-1
12,23,1,1000,0.3385,-3077.05,-1
12,23,2,1000,0.4431,2152.87,-1
12,23,3,1000,0.507,5350.13,-1
12,23,4,1000,0.5379,6892.93,-1
12,23,5,1000,0.5598,7991.39,-1
12,23,6,1000,0.5664,8321.5,-1
12,23,7,1000,0.5049,5245.77,-1
12,23,8,1000,0.3999,-4.42,-1
12,23,9,1000,0.3027,-4864.02,-1
12,24,0,1000,0.2192,-9040.34,-1
12,24,1,1000,0.2713,-6437.45,-1
12,24,2,1000,0.3407,-2966.22,-1
12,24,3,1000,0.4225,1123.47,-1
12,24,4,1000,0.4941,4705.26,-1
12,24,5,1000,0.5427,7135.26,-1
12,24,6,1000,0.4983,4915.54,-1
12,24,7,1000,0.4021,107.41,-1
12,24,8,1000,0.3106,-4470.97,-1
12,24,9,1000,0.2588,-7061.53,-1
13,0,0,1000,0.1881,-10592.51,-1
13,0,1,1000,0.2621,-6892.66,-1
13,0,2,1000,0.3298,-3511.86,-1
13,0,3,1000,0.3673,-1636.21,-1
13,0,4,1000,0.3844,-778.73,-1
13,0,5,1000,0.3948,-261.14,-1
13,0,6,1000,0.4106,530.86,-1
13,0,7,1000,0.3804,-981.13,-1
13,0,8,1000,0.3039,-4803.45,-1
13,0,9,1000,0.2426,-7872.02,-1
13,1,0,1000,0.2279,-8603.63,-1
13,1,1,1000,0.3121,-4394.57,-1
13,1,2,1000,0.3824,-878.48,-1
13,1,3,1000,0.4298,1491.48,-1
13,1,4,1000,0.4637,3187.16,-1
13,1,5,1000,0.4879,4393.03,-1
13,1,6,1000,0.498,4898.96,-1
13,1,7,1000,0.4526,2629.31,-1
13,1,8,1000,0.3681,-1595.99,-1
13,1,9,1000,0.2928,-5358.59,-1
13,2,0,1000,0.271,-6450.39,-1
13,2,1,1000,0.3608,-1962.01,-1
13,2,2,1000,0.4409,2044.85,-1
13,2,3,1000,0.5208,6038.24,-1
13,2,4,1000,0.5927,9633.4,-1
13,2,5,1000,0.6226,11129.65,-1
13,2,6,1000,0.5898,9488.07,-1
13,2,7,1000,0.5131,5653.97,-1
13,2,8,1000,0.4309,1543.82,-1
13,2,9,1000,0.3388,-3058.05,-1
13,3,0,1000,0.2841,-5793.41,-1
13,3,1,1000,0.3763,-1182.7,-1
13,3,2,1000,0.4622,3110.69,-1
13,3,3,1000,0.5625,8127.44,-1
13,3,4,1000,0.6652,13262.38,-1
13,3,5,1000,0.7216,16079.34,-1
13,3,6,1000,0.6706,13532.18,-1
13,3,7,1000,0.5669,8345.7,-1
13,3,8,1000,0.4764,3818.6,-1
13,3,9,1000,0.368,-1598.94,-1
13,4,0,1000,0.2844,-5777.69,-1
13,4,1,1000,0.3851,-743.78,-1
13,4,2,1000,0.4915,4576.96,-1
13,4,3,1000,0.6083,10414.03,-1
13,4,4,1000,0.7207,16035.25,-1
13,4,5,1000,0.794,19699.86,-1
13,4,6,1000,0.7537,17684.93,-1
13,4,7,1000,0.6384,11921.94,-1
13,4,8,1000,0.5308,6539.71,-1
13,4,9,1000,0.407,350.4,-1
13,5,0,1000,0.294,-5301.56,-1
13,5,1,1000,0.4226,1129.52,-1
13,5,2,1000,0.6148,10741.95,-1
13,5,3,1000,0.7832,19161.08,-1
13,5,4,1000,0.8678,23390.84,-1
13,5,5,1000,0.867,23348.89,-1
13,5,6,1000,0.849,22451.27,-1
13,5,7,1000,0.7518,17592.23,-1
13,5,8,1000,0.6091,10452.71,-1
13,5,9,1000,0.4651,3253.57,-1
13,6,0,1000,0.3302,-3489.49,-1
13,6,1,1000,0.4846,4231.12,-1
13,6,2,1000,0.7246,16231.5,-1
13,6,3,1000,0.9276,26380.26,-1
13,6,4,1000,1.0115,30572.78,-1
13,6,5,1000,0.9968,29838.48,-1
13,6,6,1000,1.0107,30535.46,-1
13,6,7,1000,0.8986,24927.83,-1
13,6,8,1000,0.68,14002.32,-1
13,6,9,1000,0.4988,4941.81,-1
13,7,0,1000,0.3566,-2170.19,-1
13,7,1,1000,0.5202,6012.16,-1
13,7,2,1000,0.7642,18212.29,-1
13,7,3,1000,0.9829,29142.77,-1
13,7,4,1000,1.1143,35713.55,-1
13,7,5,1000,1.2084,40422.19,-1
13,7,6,1000,1.2436,42177.75,-1
13,7,7,1000,1.0454,32268.72,-1
13,7,8,1000,0.7178,15888.6,-1
13,7,9,1000,0.4958,4792.12,-1
13,8,0,1000,0.3675,-1623.39,-1
13,8,1,1000,0.5342,6711.84,-1
13,8,2,1000,0.8381,21907.3,-1
13,8,3,1000,1.1321,36606.67,-1
13,8,4,1000,1.3641,48206.22,-1
13,8,5,1000,1.6317,61586.83,-1
13,8,6,1000,1.5762,58811.19,-1
13,8,7,1000,1.1609,38042.61,-1
13,8,8,1000,0.695,14750.74,-1
13,8,9,1000,0.4689,3446.41,-1
13,9,0,1000,0.4135,674.65,-1
13,9,1,1000,0.5918,9587.66,-1
13,9,2,1000,0.9317,26582.65,-1
13,9,3,1000,1.2886,44431.97,-1
13,9,4,1000,1.6138,60689.93,-1
13,9,5,1000,1.9485,77426.55,-1
13,9,6,1000,1.7263,66317.02,-1
13,9,7,1000,1.1563,37816.67,-1
13,9,8,1000,0.7074,15371.95,-1
13,9,9,1000,0.5235,6176.51,-1
13,10,0,1000,0.4667,3337.44,-1
13,10,1,1000,0.6554,12768.17,-1
13,10,2,1000,0.9628,28141.29,-1
13,10,3,1000,1.3201,46005.57,-1
13,10,4,1000,1.7127,65635.13,-1
13,10,5,1000,2.0931,84657.0,-1
13,10,6,1000,1.7591,67954.39,-1
13,10,7,1000,1.1455,37273.06,-1
13,10,8,1000,0.7672,18359.81,-1
13,10,9,1000,0.6029,10145.33,-1
13,11,0,1000,0.439,1951.11,-1
13,11,1,1000,0.6032,10160.15,-1
13,11,2,1000,0.867,23347.72,-1
13,11,3,1000,1.2633,43163.61,-1
13,11,4,1000,1.8006,70027.78,-1
13,11,5,1000,2.3477,97387.11,-1
13,11,6,1000,1.8952,74762.05,-1
13,11,7,1000,1.252,42597.51,-1
13,11,8,1000,0.8353,21765.94,-1
13,11,9,1000,0.6247,11237.12,-1
13,12,0,1000,0.4143,712.64,-1
13,12,1,1000,0.5679,8393.37,-1
13,12,2,1000,0.8502,22507.64,-1
13,12,3,1000,1.3481,47402.55,-1
13,12,4,1000,2.062,83102.2,-1
13,12,5,1000,2.841,122050.28,-1
13,12,6,1000,2.107,85349.17,-1
13,12,7,1000,1.4048,50238.72,-1
13,12,8,1000,0.877,23849.97,-1
13,12,9,1000,0.6009,10045.28,-1
13,13,0,1000,0.4578,2891.13,-1
13,13,1,1000,0.6334,11672.11,-1
13,13,2,1000,0.9369,26844.83,-1
13,13,3,1000,1.472,53598.65,-1
13,13,4,1000,2.2222,91110.37,-1
13,13,5,1000,2.9011,125052.74,-1
13,13,6,1000,2.0923,84613.06,-1
13,13,7,1000,1.4057,50284.38,-1
13,13,8,1000,0.8905,24524.01,-1
13,13,9,1000,0.6136,10679.8,-1
13,14,0,1000,0.463,3149.59,-1
13,14,1,1000,0.6833,14165.67,-1
13,14,2,1000,0.9837,29185.0,-1
13,14,3,1000,1.4644,53220.37,-1
13,14,4,1000,2.1381,86906.35,-1
13,14,5,1000,2.5969,109844.38,-1
13,14,6,1000,2.1178,85889.11,-1
13,14,7,1000,1.5038,55191.98,-1
13,14,8,1000,0.9478,27388.65,-1
13,14,9,1000,0.6349,11743.76,-1
13,15,0,1000,0.4152,760.1,-1
13,15,1,1000,0.6595,12974.45,-1
13,15,2,1000,0.9324,26621.1,-1
13,15,3,1000,1.311,45550.17,-1
13,15,4,1000,1.8329,71645.13,-1
13,15,5,1000,2.145,87247.53,-1
13,15,6,1000,1.9472,77358.7,-1
13,15,7,1000,1.4804,54019.46,-1
13,15,8,1000,0.9262,26312.03,-1
13,15,9,1000,0.6022,10108.54,-1
13,16,0,1000,0.3946,-269.09,-1
13,16,1,1000,0.6269,11342.55,-1
13,16,2,1000,0.8763,23814.14,-1
13,16,3,1000,1.2024,40118.78,-1
13,16,4,1000,1.5958,59789.03,-1
13,16,5,1000,1.715,65750.5,-1
13,16,6,1000,1.5841,59204.9,-1
13,16,7,1000,1.2658,43287.75,-1
13,16,8,1000,0.8144,20719.96,-1
13,16,9,1000,0.5391,6956.3,-1
13,17,0,1000,0.3774,-1128.81,-1
13,17,1,1000,0.5562,7812.13,-1
13,17,2,1000,0.784,19200.34,-1
13,17,3,1000,1.1089,35446.79,-1
13,17,4,1000,1.4443,52217.47,-1
13,17,5,1000,1.4997,54985.27,-1
13,17,6,1000,1.3681,48402.7,-1
13,17,7,1000,1.105,35251.92,-1
13,17,8,1000,0.7011,15057.13,-1
13,17,9,1000,0.4637,3186.2,-1
13,18,0,1000,0.3482,-2589.87,-1
13,18,1,1000,0.4596,2982.03,-1
13,18,2,1000,0.6611,13052.68,-1
13,18,3,1000,0.9888,29438.7,-1
13,18,4,1000,1.297,44850.06,-1
13,18,5,1000,1.386,49297.56,-1
13,18,6,1000,1.2679,43392.81,-1
13,18,7,1000,1.0242,31211.23,-1
13,18,8,1000,0.6629,13144.24,-1
13,18,9,1000,0.4517,2586.55,-1
13,19,0,1000,0.3162,-4188.88,-1
13,19,1,1000,0.4038,189.61,-1
13,19,2,1000,0.5761,8804.61,-1
13,19,3,1000,0.8567,22837.4,-1
13,19,4,1000,1.1022,35108.82,-1
13,19,5,1000,1.1642,38212.04,-1
13,19,6,1000,1.0719,33596.45,-1
13,19,7,1000,0.8932,24657.69,-1
13,19,8,1000,0.6307,11533.85,-1
13,19,9,1000,0.4608,3039.19,-1
13,20,0,1000,0.2899,-5505.02,-1
13,20,1,1000,0.3945,-272.85,-1
13,20,2,1000,0.5572,7860.2,-1
13,20,3,1000,0.7517,17582.99,-1
13,20,4,1000,0.8971,24852.51,-1
13,20,5,1000,0.9389,26946.4,-1
13,20,6,1000,0.9062,25308.64,-1
13,20,7,1000,0.7886,19429.16,-1
13,20,8,1000,0.607,10351.12,-1
13,20,9,1000,0.458,2898.97,-1
13,21,0,1000,0.2826,-5868.44,-1
13,21,1,1000,0.4229,1145.0,-1
13,21,2,1000,0.5767,8832.79,-1
13,21,3,1000,0.6694,13470.65,-1
13,21,4,1000,0.7102,15507.66,-1
13,21,5,1000,0.7392,16961.19,-1
13,21,6,1000,0.7717,18583.81,-1
13,21,7,1000,0.6989,14944.47,-1
13,21,8,1000,0.5574,7868.71,-1
13,21,9,1000,0.411,552.15,-1
13,22,0,1000,0.2723,-6387.06,-1
13,22,1,1000,0.4063,315.16,-1
13,22,2,1000,0.5294,6468.11,-1
13,22,3,1000,0.5791,8954.85,-1
13,22,4,1000,0.5854,9271.5,-1
13,22,5,1000,0.5909,9546.18,-1
13,22,6,1000,0.6272,11360.78,-1
13,22,7,1000,0.582,9098.64,-1
13,22,8,1000,0.477,3851.72,-1
13,22,9,1000,0.3551,-2247.48,-1
13,23,0,1000,0.2425,-7876.67,-1
13,23,1,1000,0.343,-2849.18,-1
13,23,2,1000,0.4467,2333.64,-1
13,23,3,1000,0.5069,5346.29,-1
13,23,4,1000,0.5303,6517.06,-1
13,23,5,1000,0.5333,6666.98,-1
13,23,6,1000,0.5311,6556.31,-1
13,23,7,1000,0.4759,3796.9,-1
13,23,8,1000,0.3923,-386.86,-1
13,23,9,1000,0.3071,-4646.41,-1
13,24,0,1000,0.2001,-9993.52,-1
13,24,1,1000,0.2555,-7223.68,-1
13,24,2,1000,0.3549,-2255.67,-1
13,24,3,1000,0.4563,2813.52,-1
13,24,4,1000,0.525,6247.96,-1
13,24,5,1000,0.5534,7669.38,-1
13,24,6,1000,0.4978,4889.99,-1
13,24,7,1000,0.4036,179.33,-1
13,24,8,1000,0.322,-3901.15,-1
13,24,9,1000,0.2742,-6291.01,-1
14,0,0,1000,0.1761,-11197.11,-1
14,0,1,1000,0.2453,-7736.27,-1
14,0,2,1000,0.3189,-4056.28,-1
14,0,3,1000,0.3745,-1273.66,-1
14,0,4,1000,0.4011,55.18,-1
14,0,5,1000,0.3822,-891.04,-1
14,0,6,1000,0.3738,-1311.92,-1
14,0,7,1000,0.3543,-2282.53,-1
14,0,8,1000,0.3034,-4830.58,-1
14,0,9,1000,0.2416,-7920.96,-1
14,1,0,1000,0.2085,-9572.95,-1
14,1,1,1000,0.2849,-5752.65,-1
14,1,2,1000,0.3613,-1936.13,-1
14,1,3,1000,0.4252,1258.57,-1
14,1,4,1000,0.465,3252.0,-1
14,1,5,1000,0.458,2901.95,-1
14,1,6,1000,0.4423,2115.03,-1
14,1,7,1000,0.4073,366.75,-1
14,1,8,1000,0.3507,-2466.55,-1
14,1,9,1000,0.2797,-6015.02,-1
14,2,0,1000,0.2765,-6176.31,-1
14,2,1,1000,0.3585,-2074.02,-1
14,2,2,1000,0.4327,1635.24,-1
14,2,3,1000,0.512,5599.23,-1
14,2,4,1000,0.5823,9113.27,-1
14,2,5,1000,0.6041,10205.66,-1
14,2,6,1000,0.5552,7759.91,-1
14,2,7,1000,0.4763,3813.84,-1
14,2,8,1000,0.4191,953.41,-1
14,2,9,1000,0.3396,-3018.54,-1
14,3,0,1000,0.3119,-4406.52,-1
14,3,1,1000,0.3978,-108.72,-1
14,3,2,1000,0.4682,3407.81,-1
14,3,3,1000,0.5563,7817.05,-1
14,3,4,1000,0.6581,12904.12,-1
14,3,5,1000,0.7401,17006.73,-1
14,3,6,1000,0.6872,14357.6,-1
14,3,7,1000,0.5665,8324.1,-1
14,3,8,1000,0.4869,4345.42,-1
14,3,9,1000,0.3877,-612.64,-1
14,4,0,1000,0.3118,-4408.39,-1
14,4,1,1000,0.4025,124.64,-1
14,4,2,1000,0.4827,4133.07,-1
14,4,3,1000,0.5845,9227.46,-1
14,4,4,1000,0.7085,15424.87,-1
14,4,5,1000,0.8423,22115.59,-1
14,4,6,1000,0.8129,20647.05,-1
14,4,7,1000,0.671,13548.36,-1
14,4,8,1000,0.5516,7577.81,-1
14,4,9,1000,0.4253,1264.71,-1
14,5,0,1000,0.3001,-4993.48,-1
14,5,1,1000,0.4071,352.51,-1
14,5,2,1000,0.5603,8014.71,-1
14,5,3,1000,0.7321,16604.09,-1
14,5,4,1000,0.8634,23171.22,-1
14,5,5,1000,0.9328,26642.17,-1
14,5,6,1000,0.917,25849.04,-1
14,5,7,1000,0.7951,19757.43,-1
14,5,8,1000,0.6193,10963.49,-1
14,5,9,1000,0.4618,3091.86,-1
14,6,0,1000,0.3173,-4135.15,-1
14,6,1,1000,0.4479,2392.84,-1
14,6,2,1000,0.6746,13730.73,-1
14,6,3,1000,0.9266,26329.45,-1
14,6,4,1000,1.0833,34162.8,-1
14,6,5,1000,1.0801,34005.91,-1
14,6,6,1000,1.0487,32434.82,-1
14,6,7,1000,0.9233,26162.97,-1
14,6,8,1000,0.6812,14060.01,-1
14,6,9,1000,0.4895,4476.42,-1
14,7,0,1000,0.3481,-2595.82,-1
14,7,1,1000,0.497,4851.41,-1
14,7,2,1000,0.7568,17841.86,-1
14,7,3,1000,1.0581,32906.83,-1
14,7,4,1000,1.2755,43774.4,-1
14,7,5,1000,1.3206,46029.07,-1
14,7,6,1000,1.2649,43244.19,-1
14,7,7,1000,1.06,32998.18,-1
14,7,8,1000,0.7252,16262.37,-1
14,7,9,1000,0.4981,4903.58,-1
14,8,0,1000,0.3943,-283.47,-1
14,8,1,1000,0.564,8201.25,-1
14,8,2,1000,0.8406,22029.61,-1
14,8,3,1000,1.1734,38671.39,-1
14,8,4,1000,1.4945,54726.69,-1
14,8,5,1000,1.7114,65571.95,-1
14,8,6,1000,1.5638,58189.45,-1
14,8,7,1000,1.1542,37712.25,-1
14,8,8,1000,0.6988,14938.06,-1
14,8,9,1000,0.4734,3669.91,-1
14,9,0,1000,0.4385,1924.67,-1
14,9,1,1000,0.6223,11117.26,-1
14,9,2,1000,0.8866,24329.49,-1
14,9,3,1000,1.2248,41239.08,-1
14,9,4,1000,1.6312,61562.44,-1
14,9,5,1000,1.9702,78512.5,-1
14,9,6,1000,1.6986,64930.32,-1
14,9,7,1000,1.1425,37123.19,-1
14,9,8,1000,0.7038,15192.4,-1
14,9,9,1000,0.521,6050.65,-1
14,10,0,1000,0.459,2951.27,-1
14,10,1,1000,0.6497,12486.87,-1
14,10,2,1000,0.9026,25128.37,-1
14,10,3,1000,1.2523,42616.47,-1
14,10,4,1000,1.7192,65960.51,-1
14,10,5,1000,2.0923,84616.56,-1
14,10,6,1000,1.7284,66420.71,-1
14,10,7,1000,1.1386,36930.51,-1
14,10,8,1000,0.771,18548.92,-1
14,10,9,1000,0.6045,10222.93,-1
14,11,0,1000,0.4314,1568.8,-1
14,11,1,1000,0.6214,11069.99,-1
14,11,2,1000,0.8817,24083.18,-1
14,11,3,1000,1.2725,43622.55,-1
14,11,4,1000,1.8188,70940.52,-1
14,11,5,1000,2.256,92800.39,-1
14,11,6,1000,1.8605,73027.45,-1
14,11,7,1000,1.2774,43868.66,-1
14,11,8,1000,0.8786,23932.1,-1
14,11,9,1000,0.6434,12172.39,-1
14,12,0,1000,0.4223,1116.81,-1
14,12,1,1000,0.6227,11135.15,-1
14,12,2,1000,0.9195,25972.97,-1
14,12,3,1000,1.3815,49075.87,-1
14,12,4,1000,2.025,81248.0,-1
14,12,5,1000,2.5355,106772.62,-1
14,12,6,1000,2.0765,83826.05,-1
14,12,7,1000,1.4617,53085.46,-1
14,12,8,1000,0.9339,26696.09,-1
14,12,9,1000,0.6078,10388.84,-1
14,13,0,1000,0.4495,2475.96,-1
14,13,1,1000,0.6625,13126.26,-1
14,13,2,1000,0.9697,28486.15,-1
14,13,3,1000,1.452,52597.66,-1
14,13,4,1000,2.1142,85709.47,-1
14,13,5,1000,2.569,108449.26,-1
14,13,6,1000,2.076,83798.74,-1
14,13,7,1000,1.4647,53236.41,-1
14,13,8,1000,0.9202,26009.7,-1
14,13,9,1000,0.5884,9418.05,-1
14,14,0,1000,0.4254,1271.43,-1
14,14,1,1000,0.6405,12027.2,-1
14,14,2,1000,0.9412,27058.46,-1
14,14,3,1000,1.4105,50526.06,-1
14,14,4,1000,2.038,81902.48,-1
14,14,5,1000,2.4082,100408.74,-1
14,14,6,1000,2.0491,82456.37,-1
14,14,7,1000,1.491,54548.51,-1
14,14,8,1000,0.9043,25214.61,-1
14,14,9,1000,0.5664,8319.08,-1
14,15,0,1000,0.3716,-1419.37,-1
14,15,1,1000,0.5722,8610.26,-1
14,15,2,1000,0.8333,21665.96,-1
14,15,3,1000,1.2405,42022.8,-1
14,15,4,1000,1.7729,68647.47,-1
14,15,5,1000,2.0671,83356.0,-1
14,15,6,1000,1.8782,73910.14,-1
14,15,7,1000,1.4343,51715.24,-1
14,15,8,1000,0.8631,23155.68,-1
14,15,9,1000,0.5414,7071.79,-1
14,16,0,1000,0.3603,-1982.81,-1
14,16,1,1000,0.5459,7293.3,-1
14,16,2,1000,0.7638,18189.31,-1
14,16,3,1000,1.1023,35113.99,-1
14,16,4,1000,1.5209,56044.21,-1
14,16,5,1000,1.7006,65031.89,-1
14,16,6,1000,1.5852,59259.36,-1
14,16,7,1000,1.2639,43193.78,-1
14,16,8,1000,0.7893,19464.72,-1
14,16,9,1000,0.5096,5478.04,-1
14,17,0,1000,0.3472,-2641.46,-1
14,17,1,1000,0.5001,5006.29,-1
14,17,2,1000,0.7008,15040.06,-1
14,17,3,1000,1.0014,30070.89,-1
14,17,4,1000,1.3157,45783.9,-1
14,17,5,1000,1.4138,50690.16,-1
14,17,6,1000,1.3342,46708.2,-1
14,17,7,1000,1.106,35301.28,-1
14,17,8,1000,0.7373,16865.77,-1
14,17,9,1000,0.4859,4294.85,-1
14,18,0,1000,0.311,-4451.29,-1
14,18,1,1000,0.4278,1388.91,-1
14,18,2,1000,0.6499,12496.24,-1
14,18,3,1000,0.9504,27519.21,-1
14,18,4,1000,1.19,39497.61,-1
14,18,5,1000,1.2469,42345.72,-1
14,18,6,1000,1.1868,39340.66,-1
14,18,7,1000,1.0149,30743.03,-1
14,18,8,1000,0.7284,16418.0,-1
14,18,9,1000,0.4889,4447.35,-1
14,19,0,1000,0.2767,-6163.1,-1
14,19,1,1000,0.3781,-1093.05,-1
14,19,2,1000,0.5973,9864.46,-1
14,19,3,1000,0.8718,23590.4,-1
14,19,4,1000,1.06,32998.77,-1
14,19,5,1000,1.0879,34396.66,-1
14,19,6,1000,1.0408,32038.17,-1
14,19,7,1000,0.9134,25670.52,-1
14,19,8,1000,0.6877,14386.79,-1
14,19,9,1000,0.4769,3845.03,-1
14,20,0,1000,0.2633,-6835.42,-1
14,20,1,1000,0.3775,-1124.28,-1
14,20,2,1000,0.5815,9076.16,-1
14,20,3,1000,0.784,19198.56,-1
14,20,4,1000,0.9059,25294.41,-1
14,20,5,1000,0.9418,27087.88,-1
14,20,6,1000,0.9224,26117.85,-1
14,20,7,1000,0.8103,20516.13,-1
14,20,8,1000,0.6264,11322.44,-1
14,20,9,1000,0.4531,2653.84,-1
14,21,0,1000,0.2842,-5789.69,-1
14,21,1,1000,0.4251,1253.66,-1
14,21,2,1000,0.5916,9581.45,-1
14,21,3,1000,0.6933,14662.87,-1
14,21,4,1000,0.7406,17028.75,-1
14,21,5,1000,0.7756,18780.38,-1
14,21,6,1000,0.7768,18838.89,-1
14,21,7,1000,0.6717,13583.11,-1
14,21,8,1000,0.5274,6370.07,-1
14,21,9,1000,0.4005,26.25,-1
14,22,0,1000,0.2862,-5691.7,-1
14,22,1,1000,0.4205,1025.46,-1
14,22,2,1000,0.5498,7488.18,-1
14,22,3,1000,0.6085,10423.02,-1
14,22,4,1000,0.624,11201.99,-1
14,22,5,1000,0.6225,11126.0,-1
14,22,6,1000,0.6152,10762.36,-1
14,22,7,1000,0.5368,6841.39,-1
14,22,8,1000,0.4371,1854.65,-1
14,22,9,1000,0.3454,-2728.35,-1
14,23,0,1000,0.2506,-7470.62,-1
14,23,1,1000,0.3538,-2308.64,-1
14,23,2,1000,0.4717,3583.04,-1
14,23,3,1000,0.5405,7023.94,-1
14,23,4,1000,0.5547,7736.12,-1
14,23,5,1000,0.5186,5930.74,-1
14,23,6,1000,0.4878,4388.7,-1
14,23,7,1000,0.4312,1558.21,-1
14,23,8,1000,0.3693,-1536.88,-1
14,23,9,1000,0.3038,-4808.06,-1
14,24,0,1000,0.1871,-10644.81,-1
14,24,1,1000,0.2469,-7657.17,-1
14,24,2,1000,0.374,-1301.11,-1
14,24,3,1000,0.4819,4095.93,-1
14,24,4,1000,0.5158,5788.7,-1
14,24,5,1000,0.4809,4043.05,-1
14,24,6,1000,0.4343,1716.95,-1
14,24,7,1000,0.3833,-833.3,-1
14,24,8,1000,0.3329,-3354.08,-1
14,24,9,1000,0.2781,-6096.54,-1
15,0,0,1000,0.1785,-11075.04,-1
15,0,1,1000,0.2427,-7866.59,-1
15,0,2,1000,0.3106,-4470.91,-1
15,0,3,1000,0.3778,-1112.28,-1
15,0,4,1000,0.4199,997.17,-1
15,0,5,1000,0.3952,-241.77,-1
15,0,6,1000,0.3736,-1318.09,-1
15,0,7,1000,0.3589,-2055.94,-1
15,0,8,1000,0.3169,-4156.56,-1
15,0,9,1000,0.2442,-7787.71,-1
15,1,0,1000,0.1919,-10403.1,-1
15,1,1,1000,0.26,-6997.92,-1
15,1,2,1000,0.34,-3002.18,-1
15,1,3,1000,0.4195,977.43,-1
15,1,4,1000,0.4703,3513.72,-1
15,1,5,1000,0.4499,2495.26,-1
15,1,6,1000,0.4163,816.86,-1
15,1,7,1000,0.3856,-719.5,-1
15,1,8,1000,0.3395,-3022.98,-1
15,1,9,1000,0.2633,-6833.21,-1
15,2,0,1000,0.2451,-7743.45,-1
15,2,1,1000,0.3175,-4122.56,-1
15,2,2,1000,0.4173,863.69,-1
15,2,3,1000,0.5177,5885.03,-1
15,2,4,1000,0.5852,9261.19,-1
15,2,5,1000,0.5877,9385.17,-1
15,2,6,1000,0.5158,5787.98,-1
15,2,7,1000,0.4318,1589.3,-1
15,2,8,1000,0.3871,-646.78,-1
15,2,9,1000,0.3171,-4143.63,-1
15,3,0,1000,0.2799,-6004.16,-1
15,3,1,1000,0.3561,-2193.42,-1
15,3,2,1000,0.463,3148.01,-1
15,3,3,1000,0.5755,8772.5,-1
15,3,4,1000,0.6718,13590.41,-1
15,3,5,1000,0.7501,17506.95,-1
15,3,6,1000,0.6791,13954.15,-1
15,3,7,1000,0.541,7049.96,-1
15,3,8,1000,0.4618,3091.31,-1
15,3,9,1000,0.3723,-1383.66,-1
15,4,0,1000,0.2851,-5743.74,-1
15,4,1,1000,0.3604,-1979.26,-1
15,4,2,1000,0.4569,2845.06,-1
15,4,3,1000,0.5744,8720.89,-1
15,4,4,1000,0.7053,15266.03,-1
15,4,5,1000,0.8741,23703.45,-1
15,4,6,1000,0.8427,22134.67,-1
15,4,7,1000,0.6748,13740.28,-1
15,4,8,1000,0.5333,6665.28,-1
15,4,9,1000,0.4058,292.14,-1
15,5,0,1000,0.2955,-5224.99,-1
15,5,1,1000,0.3721,-1393.28,-1
15,5,2,1000,0.4682,3410.18,-1
15,5,3,1000,0.628,11399.77,-1
15,5,4,1000,0.8,19997.65,-1
15,5,5,1000,0.9469,27344.97,-1
15,5,6,1000,0.9415,27075.39,-1
15,5,7,1000,0.8002,20010.84,-1
15,5,8,1000,0.5891,9453.59,-1
15,5,9,1000,0.423,1148.08,-1
15,6,0,1000,0.322,-3899.1,-1
15,6,1,1000,0.4188,938.92,-1
15,6,2,1000,0.5728,8640.96,-1
15,6,3,1000,0.8235,21174.69,-1
15,6,4,1000,1.0414,32069.7,-1
15,6,5,1000,1.0792,33960.65,-1
15,6,6,1000,1.0273,31362.89,-1
15,6,7,1000,0.8987,24935.66,-1
15,6,8,1000,0.6393,11964.68,-1
15,6,9,1000,0.4457,2284.69,-1
15,7,0,1000,0.3527,-2366.6,-1
15,7,1,1000,0.4768,3841.23,-1
15,7,2,1000,0.6957,14787.36,-1
15,7,3,1000,1.0278,31387.5,-1
15,7,4,1000,1.3124,45618.77,-1
15,7,5,1000,1.3333,46667.08,-1
15,7,6,1000,1.2143,40717.44,-1
15,7,7,1000,1.0186,30931.28,-1
15,7,8,1000,0.6902,14512.13,-1
15,7,9,1000,0.4691,3452.89,-1
15,8,0,1000,0.3991,-43.62,-1
15,8,1,1000,0.5606,8032.15,-1
15,8,2,1000,0.7927,19634.74,-1
15,8,3,1000,1.1437,37184.66,-1
15,8,4,1000,1.5314,56570.25,-1
15,8,5,1000,1.6939,64692.94,-1
15,8,6,1000,1.4729,53645.35,-1
15,8,7,1000,1.0968,34837.85,-1
15,8,8,1000,0.6859,14296.36,-1
15,8,9,1000,0.4755,3774.36,-1
15,9,0,1000,0.4109,543.36,-1
15,9,1,1000,0.5869,9347.18,-1
15,9,2,1000,0.7911,19553.58,-1
15,9,3,1000,1.1184,35920.31,-1
15,9,4,1000,1.5823,59117.48,-1
15,9,5,1000,1.8954,74767.76,-1
15,9,6,1000,1.5879,59393.17,-1
15,9,7,1000,1.084,34201.83,-1
15,9,8,1000,0.7049,15243.67,-1
15,9,9,1000,0.5383,6917.47,-1
15,10,0,1000,0.3959,-207.37,-1
15,10,1,1000,0.5747,8732.79,-1
15,10,2,1000,0.7901,19502.96,-1
15,10,3,1000,1.1401,37003.56,-1
15,10,4,1000,1.6496,62480.14,-1
15,10,5,1000,1.9762,78808.67,-1
15,10,6,1000,1.6031,60152.66,-1
15,10,7,1000,1.0838,34190.35,-1
15,10,8,1000,0.7807,19035.15,-1
15,10,9,1000,0.6281,11406.91,-1
15,11,0,1000,0.3917,-414.51,-1
15,11,1,1000,0.5989,9946.56,-1
15,11,2,1000,0.8585,22924.69,-1
15,11,3,1000,1.2343,41715.2,-1
15,11,4,1000,1.7454,67269.09,-1
15,11,5,1000,2.0337,81684.66,-1
15,11,6,1000,1.7044,65220.16,-1
15,11,7,1000,1.2422,42107.85,-1
15,11,8,1000,0.9344,26722.24,-1
15,11,9,1000,0.6955,14773.24,-1
15,12,0,1000,0.4215,1074.1,-1
15,12,1,1000,0.6649,13245.77,-1
15,12,2,1000,0.9631,28157.33,-1
15,12,3,1000,1.3621,48107.21,-1
15,12,4,1000,1.8825,74123.84,-1
15,12,5,1000,2.1652,88259.39,-1
15,12,6,1000,1.8979,74895.53,-1
15,12,7,1000,1.4453,52263.58,-1
15,12,8,1000,1.0089,30444.91,-1
15,12,9,1000,0.6573,12863.33,-1
15,13,0,1000,0.4344,1719.19,-1
15,13,1,1000,0.6814,14071.13,-1
15,13,2,1000,0.978,28900.0,-1
15,13,3,1000,1.3797,48984.93,-1
15,13,4,1000,1.9044,75219.17,-1
15,13,5,1000,2.1755,88776.54,-1
15,13,6,1000,1.9081,75404.62,-1
15,13,7,1000,1.4488,52438.7,-1
15,13,8,1000,0.9676,28381.27,-1
15,13,9,1000,0.6054,10267.7,-1
15,14,0,1000,0.4053,265.84,-1
15,14,1,1000,0.6187,10937.43,-1
15,14,2,1000,0.9092,25460.23,-1
15,14,3,1000,1.3514,47570.58,-1
15,14,4,1000,1.8921,74604.74,-1
15,14,5,1000,2.0851,84252.74,-1
15,14,6,1000,1.8145,70724.91,-1
15,14,7,1000,1.3891,49452.66,-1
15,14,8,1000,0.8783,23917.21,-1
15,14,9,1000,0.5459,7292.99,-1
15,15,0,1000,0.3734,-1331.18,-1
15,15,1,1000,0.5412,7057.51,-1
15,15,2,1000,0.7835,19173.97,-1
15,15,3,1000,1.2159,40794.44,-1
15,15,4,1000,1.7294,66471.05,-1
15,15,5,1000,1.8643,73214.42,-1
15,15,6,1000,1.6368,61839.76,-1
15,15,7,1000,1.2892,44457.88,-1
15,15,8,1000,0.8199,20993.33,-1
15,15,9,1000,0.5374,6867.83,-1
15,16,0,1000,0.3741,-1295.73,-1
15,16,1,1000,0.5237,6182.75,-1
15,16,2,1000,0.7016,15080.84,-1
15,16,3,1000,1.0501,32505.46,-1
15,16,4,1000,1.472,53602.35,-1
15,16,5,1000,1.5864,59320.7,-1
15,16,6,1000,1.4375,51876.21,-1
15,16,7,1000,1.1736,38678.84,-1
15,16,8,1000,0.7855,19274.01,-1
15,16,9,1000,0.5365,6824.75,-1
15,17,0,1000,0.3732,-1340.48,-1
15,17,1,1000,0.5098,5490.42,-1
15,17,2,1000,0.6529,12646.61,-1
15,17,3,1000,0.9049,25243.61,-1
15,17,4,1000,1.1804,39019.62,-1
15,17,5,1000,1.2514,42569.85,-1
15,17,6,1000,1.1969,39846.14,-1
15,17,7,1000,1.0421,32104.18,-1
15,17,8,1000,0.784,19198.76,-1
15,17,9,1000,0.5441,7203.56,-1
15,18,0,1000,0.3399,-3006.65,-1
15,18,1,1000,0.4705,3525.0,-1
15,18,2,1000,0.6586,12931.35,-1
15,18,3,1000,0.8831,24156.01,-1
15,18,4,1000,1.0384,31921.66,-1
15,18,5,1000,1.046,32300.86,-1
15,18,6,1000,1.0437,32185.61,-1
15,18,7,1000,0.9637,28186.29,-1
15,18,8,1000,0.7887,19433.02,-1
15,18,9,1000,0.5339,6695.32,-1
15,19,0,1000,0.3006,-4968.37,-1
15,19,1,1000,0.4232,1160.51,-1
15,19,2,1000,0.6358,11788.84,-1
15,19,3,1000,0.8576,22881.08,-1
15,19,4,1000,0.976,28799.21,-1
15,19,5,1000,0.9622,28107.54,-1
15,19,6,1000,0.9637,28182.61,-1
15,19,7,1000,0.902,25099.8,-1
15,19,8,1000,0.7377,16886.81,-1
15,19,9,1000,0.4944,4721.29,-1
15,20,0,1000,0.2654,-6732.49,-1
15,20,1,1000,0.39,-498.65,-1
15,20,2,1000,0.6029,10146.88,-1
15,20,3,1000,0.785,19249.66,-1
15,20,4,1000,0.8787,23934.12,-1
15,20,5,1000,0.9234,26169.17,-1
15,20,6,1000,0.929,26451.38,-1
15,20,7,1000,0.826,21302.01,-1
15,20,8,1000,0.6443,12213.56,-1
15,20,9,1000,0.4475,2372.71,-1
15,21,0,1000,0.2646,-6769.15,-1
15,21,1,1000,0.3988,-60.64,-1
15,21,2,1000,0.574,8701.65,-1
15,21,3,1000,0.6789,13943.87,-1
15,21,4,1000,0.7373,16867.24,-1
15,21,5,1000,0.8226,21132.04,-1
15,21,6,1000,0.8154,20769.94,-1
15,21,7,1000,0.6692,13462.42,-1
15,21,8,1000,0.5034,5168.04,-1
15,21,9,1000,0.3882,-591.21,-1
15,22,0,1000,0.2703,-6483.37,-1
15,22,1,1000,0.3972,-140.44,-1
15,22,2,1000,0.5354,6770.13,-1
15,22,3,1000,0.6032,10157.94,-1
15,22,4,1000,0.6343,11717.5,-1
15,22,5,1000,0.6705,13524.54,-1
15,22,6,1000,0.6417,12084.91,-1
15,22,7,1000,0.52,6002.45,-1
15,22,8,1000,0.4043,212.96,-1
15,22,9,1000,0.3342,-3288.57,-1
15,23,0,1000,0.2493,-7533.62,-1
15,23,1,1000,0.349,-2549.4,-1
15,23,2,1000,0.4671,3354.23,-1
15,23,3,1000,0.5326,6628.85,-1
15,23,4,1000,0.5422,7110.94,-1
15,23,5,1000,0.5095,5475.65,-1
15,23,6,1000,0.4735,3674.25,-1
15,23,7,1000,0.4087,436.78,-1
15,23,8,1000,0.3509,-2454.61,-1
15,23,9,1000,0.2972,-5141.26,-1
15,24,0,1000,0.2,-9998.12,-1
15,24,1,1000,0.2587,-7064.28,-1
15,24,2,1000,0.3677,-1612.88,-1
15,24,3,1000,0.4479,2393.96,-1
15,24,4,1000,0.4489,2446.09,-1
15,24,5,1000,0.3962,-190.78,-1
15,24,6,1000,0.3885,-574.95,-1
15,24,7,1000,0.3787,-1065.27,-1
15,24,8,1000,0.3447,-2763.41,-1
15,24,9,1000,0.2743,-6284.74,-1
16,0,0,1000,0.187,-10650.82,-1
16,0,1,1000,0.2451,-7746.43,-1
16,0,2,1000,0.2873,-5636.36,-1
16,0,3,1000,0.3373,-3134.97,-1
16,0,4,1000,0.3858,-710.35,-1
16,0,5,1000,0.402,97.72,-1
16,0,6,1000,0.4027,134.73,-1
16,0,7,1000,0.3827,-864.79,-1
16,0,8,1000,0.3239,-3803.7,-1
16,0,9,1000,0.2412,-7937.52,-1
16,1,0,1000,0.1921,-10395.27,-1
16,1,1,1000,0.2532,-7342.02,-1
16,1,2,1000,0.3105,-4472.71,-1
16,1,3,1000,0.3739,-1304.75,-1
16,1,4,1000,0.4283,1416.26,-1
16,1,5,1000,0.4443,2214.56,-1
16,1,6,1000,0.4315,1577.19,-1
16,1,7,1000,0.3971,-143.39,-1
16,1,8,1000,0.3363,-3185.18,-1
16,1,9,1000,0.2526,-7370.28,-1
16,2,0,1000,0.2187,-9063.58,-1
16,2,1,1000,0.2827,-5862.52,-1
16,2,2,1000,0.3787,-1064.9,-1
16,2,3,1000,0.4731,3656.55,-1
16,2,4,1000,0.5343,6714.39,-1
16,2,5,1000,0.5408,7039.29,-1
16,2,6,1000,0.4761,3804.65,-1
16,2,7,1000,0.3969,-153.92,-1
16,2,8,1000,0.3518,-2410.84,-1
16,2,9,1000,0.2863,-5687.47,-1
16,3,0,1000,0.2384,-8077.8,-1
16,3,1,1000,0.3048,-4758.88,-1
16,3,2,1000,0.4183,917.12,-1
16,3,3,1000,0.5305,6523.11,-1
16,3,4,1000,0.6133,10667.34,-1
16,3,5,1000,0.6744,13718.88,-1
16,3,6,1000,0.6028,10137.82,-1
16,3,7,1000,0.4764,3822.1,-1
16,3,8,1000,0.4063,317.08,-1
16,3,9,1000,0.3289,-3553.84,-1
16,4,0,1000,0.2462,-7692.5,-1
16,4,1,1000,0.3104,-4481.55,-1
16,4,2,1000,0.4086,429.43,-1
16,4,3,1000,0.5217,6084.52,-1
16,4,4,1000,0.6362,11808.51,-1
16,4,5,1000,0.783,19151.2,-1
16,4,6,1000,0.7507,17534.5,-1
16,4,7,1000,0.5995,9973.97,-1
16,4,8,1000,0.475,3751.31,-1
16,4,9,1000,0.3636,-1821.03,-1
16,5,0,1000,0.2791,-6043.54,-1
16,5,1,1000,0.3442,-2788.38,-1
16,5,2,1000,0.4176,878.19,-1
16,5,3,1000,0.5549,7742.8,-1
16,5,4,1000,0.7075,15375.06,-1
16,5,5,1000,0.8328,21641.37,-1
16,5,6,1000,0.826,21302.13,-1
16,5,7,1000,0.7104,15518.93,-1
16,5,8,1000,0.545,7250.98,-1
16,5,9,1000,0.4047,233.68,-1
16,6,0,1000,0.3195,-4023.98,-1
16,6,1,1000,0.4045,222.88,-1
16,6,2,1000,0.5192,5958.36,-1
16,6,3,1000,0.7322,16609.37,-1
16,6,4,1000,0.9237,26184.76,-1
16,6,5,1000,0.9358,26789.23,-1
16,6,6,1000,0.8822,24112.06,-1
16,6,7,1000,0.7902,19510.84,-1
16,6,8,1000,0.6036,10178.58,-1
16,6,9,1000,0.4448,2239.38,-1
16,7,0,1000,0.3484,-2581.04,-1
16,7,1,1000,0.4608,3040.93,-1
16,7,2,1000,0.6426,12131.48,-1
16,7,3,1000,0.9345,26723.89,-1
16,7,4,1000,1.1817,39084.17,-1
16,7,5,1000,1.1605,38025.47,-1
16,7,6,1000,1.0401,32002.52,-1
16,7,7,1000,0.8935,24674.26,-1
16,7,8,1000,0.6493,12465.06,-1
16,7,9,1000,0.4667,3333.4,-1
16,8,0,1000,0.3864,-680.89,-1
16,8,1,1000,0.5401,7005.48,-1
16,8,2,1000,0.7612,18061.58,-1
16,8,3,1000,1.0923,34615.6,-1
16,8,4,1000,1.4345,51725.06,-1
16,8,5,1000,1.5175,55874.16,-1
16,8,6,1000,1.2939,44696.36,-1
16,8,7,1000,0.9789,28946.35,-1
16,8,8,1000,0.6344,11722.35,-1
16,8,9,1000,0.4536,2681.15,-1
16,9,0,1000,0.3892,-541.09,-1
16,9,1,1000,0.5599,7997.33,-1
16,9,2,1000,0.7755,18773.58,-1
16,9,3,1000,1.102,35099.59,-1
16,9,4,1000,1.5137,55687.41,-1
16,9,5,1000,1.7141,65704.38,-1
16,9,6,1000,1.412,50598.3,-1
16,9,7,1000,0.9796,28980.94,-1
16,9,8,1000,0.6426,12130.76,-1
16,9,9,1000,0.4962,4809.11,-1
16,10,0,1000,0.3703,-1485.48,-1
16,10,1,1000,0.5425,7127.36,-1
16,10,2,1000,0.7692,18459.12,-1
16,10,3,1000,1.1146,35729.86,-1
16,10,4,1000,1.5556,57781.44,-1
16,10,5,1000,1.7492,67461.74,-1
16,10,6,1000,1.4028,50137.85,-1
16,10,7,1000,0.9708,28542.41,-1
16,10,8,1000,0.7115,15574.41,-1
16,10,9,1000,0.581,9049.64,-1
16,11,0,1000,0.3635,-1827.28,-1
16,11,1,1000,0.5577,7887.14,-1
16,11,2,1000,0.7985,19923.94,-1
16,11,3,1000,1.1306,36528.17,-1
16,11,4,1000,1.5364,56819.55,-1
16,11,5,1000,1.6826,64127.88,-1
16,11,6,1000,1.4179,50893.22,-1
16,11,7,1000,1.0765,33825.83,-1
16,11,8,1000,0.8548,22741.5,-1
16,11,9,1000,0.6556,12781.86,-1
16,12,0,1000,0.3908,-457.86,-1
16,12,1,1000,0.6145,10726.53,-1
16,12,2,1000,0.8624,23118.89,-1
16,12,3,1000,1.1766,38830.53,-1
16,12,4,1000,1.5538,57687.53,-1
16,12,5,1000,1.6841,64205.91,-1
16,12,6,1000,1.5194,55968.45,-1
16,12,7,1000,1.2247,41234.91,-1
16,12,8,1000,0.9213,26064.98,-1
16,12,9,1000,0.6265,11327.11,-1
16,13,0,1000,0.403,150.78,-1
16,13,1,1000,0.6294,11469.09,-1
16,13,2,1000,0.8734,23670.76,-1
16,13,3,1000,1.1876,39378.92,-1
16,13,4,1000,1.5669,58347.32,-1
16,13,5,1000,1.6899,64494.78,-1
16,13,6,1000,1.5277,56387.2,-1
16,13,7,1000,1.2272,41357.96,-1
16,13,8,1000,0.8808,24040.44,-1
16,13,9,1000,0.5753,8767.37,-1
16,14,0,1000,0.3985,-76.97,-1
16,14,1,1000,0.5997,9984.17,-1
16,14,2,1000,0.8509,22546.73,-1
16,14,3,1000,1.2275,41374.72,-1
16,14,4,1000,1.6527,62635.75,-1
16,14,5,1000,1.7215,66075.8,-1
16,14,6,1000,1.5171,55853.86,-1
16,14,7,1000,1.216,40798.32,-1
16,14,8,1000,0.8185,20923.92,-1
16,14,9,1000,0.5313,6564.58,-1
16,15,0,1000,0.3956,-222.38,-1
16,15,1,1000,0.5611,8055.71,-1
16,15,2,1000,0.7801,19004.14,-1
16,15,3,1000,1.1748,38739.2,-1
16,15,4,1000,1.6146,60728.03,-1
16,15,5,1000,1.654,62701.81,-1
16,15,6,1000,1.4469,52344.55,-1
16,15,7,1000,1.1791,38955.76,-1
16,15,8,1000,0.7944,19717.95,-1
16,15,9,1000,0.5432,7161.43,-1
16,16,0,1000,0.3992,-38.78,-1
16,16,1,1000,0.5478,7389.79,-1
16,16,2,1000,0.7059,15296.15,-1
16,16,3,1000,1.0267,31333.79,-1
16,16,4,1000,1.4001,50007.15,-1
16,16,5,1000,1.4477,52384.08,-1
16,16,6,1000,1.3005,45023.38,-1
16,16,7,1000,1.0902,34510.48,-1
16,16,8,1000,0.77,18501.83,-1
16,16,9,1000,0.5467,7334.3,-1
16,17,0,1000,0.3988,-60.82,-1
16,17,1,1000,0.5335,6673.91,-1
16,17,2,1000,0.6451,12253.31,-1
16,17,3,1000,0.8606,23031.77,-1
16,17,4,1000,1.1048,35241.77,-1
16,17,5,1000,1.1581,37903.38,-1
16,17,6,1000,1.114,35701.8,-1
16,17,7,1000,0.987,29348.16,-1
16,17,8,1000,0.76,18002.23,-1
16,17,9,1000,0.5347,6734.53,-1
16,18,0,1000,0.3664,-1677.98,-1
16,18,1,1000,0.4943,4714.3,-1
16,18,2,1000,0.6358,11791.93,-1
16,18,3,1000,0.8102,20508.54,-1
16,18,4,1000,0.9438,27190.71,-1
16,18,5,1000,0.9771,28855.09,-1
16,18,6,1000,1.0027,30134.74,-1
16,18,7,1000,0.9315,26574.0,-1
16,18,8,1000,0.7477,17387.29,-1
16,18,9,1000,0.4946,4727.57,-1
16,19,0,1000,0.3262,-3690.15,-1
16,19,1,1000,0.4462,2311.39,-1
16,19,2,1000,0.6139,10697.02,-1
16,19,3,1000,0.7897,19484.75,-1
16,19,4,1000,0.8931,24654.75,-1
16,19,5,1000,0.9107,25533.55,-1
16,19,6,1000,0.9392,26961.87,-1
16,19,7,1000,0.88,23998.16,-1
16,19,8,1000,0.697,14850.65,-1
16,19,9,1000,0.4506,2530.68,-1
16,20,0,1000,0.2725,-6376.86,-1
16,20,1,1000,0.3896,-518.47,-1
16,20,2,1000,0.564,8199.24,-1
16,20,3,1000,0.7094,15467.52,-1
16,20,4,1000,0.794,19698.83,-1
16,20,5,1000,0.8715,23574.08,-1
16,20,6,1000,0.9017,25082.72,-1
16,20,7,1000,0.8018,20088.56,-1
16,20,8,1000,0.6099,10497.0,-1
16,20,9,1000,0.413,651.03,-1
16,21,0,1000,0.2435,-7825.82,-1
16,21,1,1000,0.3628,-1858.2,-1
16,21,2,1000,0.5077,5386.69,-1
16,21,3,1000,0.5868,9337.67,-1
16,21,4,1000,0.6417,12082.54,-1
16,21,5,1000,0.7631,18153.35,-1
16,21,6,1000,0.7786,18928.77,-1
16,21,7,1000,0.6379,11897.11,-1
16,21,8,1000,0.4784,3919.55,-1
16,21,9,1000,0.3702,-1491.5,-1
16,22,0,1000,0.2444,-7779.14,-1
16,22,1,1000,0.3566,-2167.89,-1
16,22,2,1000,0.4705,3526.31,-1
16,22,3,1000,0.519,5948.76,-1
16,22,4,1000,0.5496,7477.61,-1
16,22,5,1000,0.6201,11004.25,-1
16,22,6,1000,0.611,10551.29,-1
16,22,7,1000,0.4932,4659.8,-1
16,22,8,1000,0.3853,-735.5,-1
16,22,9,1000,0.3225,-3876.35,-1
16,23,0,1000,0.2356,-8221.56,-1
16,23,1,1000,0.3249,-3756.03,-1
16,23,2,1000,0.4193,963.29,-1
16,23,3,1000,0.4663,3313.78,-1
16,23,4,1000,0.4769,3846.25,-1
16,23,5,1000,0.4781,3907.01,-1
16,23,6,1000,0.4621,3105.92,-1
16,23,7,1000,0.3989,-56.24,-1
16,23,8,1000,0.3425,-2873.08,-1
16,23,9,1000,0.291,-5451.5,-1
16,24,0,1000,0.2075,-9626.85,-1
16,24,1,1000,0.2613,-6935.99,-1
16,24,2,1000,0.3426,-2868.92,-1
16,24,3,1000,0.401,51.95,-1
16,24,4,1000,0.404,200.43,-1
16,24,5,1000,0.387,-650.94,-1
16,24,6,1000,0.4029,142.54,-1
16,24,7,1000,0.3932,-342.02,-1
16,24,8,1000,0.3515,-2427.46,-1
16,24,9,1000,0.2754,-6231.61,-1
17,0,0,1000,0.1951,-10244.94,-1
17,0,1,1000,0.242,-7898.91,-1
17,0,2,1000,0.2685,-6576.07,-1
17,0,3,1000,0.3079,-4605.0,-1
17,0,4,1000,0.3512,-2439.86,-1
17,0,5,1000,0.3861,-696.56,-1
17,0,6,1000,0.4068,338.07,-1
17,0,7,1000,0.3897,-514.71,-1
17,0,8,1000,0.3156,-4218.74,-1
17,0,9,1000,0.2197,-9015.99,-1
17,1,0,1000,0.2025,-9873.95,-1
17,1,1,1000,0.2524,-7381.15,-1
17,1,2,1000,0.285,-5749.66,-1
17,1,3,1000,0.329,-3550.82,-1
17,1,4,1000,0.3767,-1165.85,-1
17,1,5,1000,0.4224,1119.38,-1
17,1,6,1000,0.4415,2077.25,-1
17,1,7,1000,0.4128,638.87,-1
17,1,8,1000,0.3333,-3337.22,-1
17,1,9,1000,0.2349,-8253.51,-1
17,2,0,1000,0.2061,-9693.8,-1
17,2,1,1000,0.2616,-6918.18,-1
17,2,2,1000,0.3326,-3368.97,-1
17,2,3,1000,0.3986,-72.16,-1
17,2,4,1000,0.4428,2138.72,-1
17,2,5,1000,0.4741,3702.7,-1
17,2,6,1000,0.4569,2846.83,-1
17,2,7,1000,0.3995,-24.12,-1
17,2,8,1000,0.3459,-2705.54,-1
17,2,9,1000,0.2751,-6242.93,-1
17,3,0,1000,0.2061,-9697.0,-1
17,3,1,1000,0.2671,-6644.43,-1
17,3,2,1000,0.3703,-1482.69,-1
17,3,3,1000,0.4587,2935.74,-1
17,3,4,1000,0.5108,5542.16,-1
17,3,5,1000,0.5577,7883.12,-1
17,3,6,1000,0.5271,6356.45,-1
17,3,7,1000,0.4408,2037.94,-1
17,3,8,1000,0.3813,-936.76,-1
17,3,9,1000,0.3119,-4403.45,-1
17,4,0,1000,0.2086,-9571.62,-1
17,4,1,1000,0.2708,-6461.53,-1
17,4,2,1000,0.377,-1151.98,-1
17,4,3,1000,0.4745,3723.66,-1
17,4,4,1000,0.5471,7355.0,-1
17,4,5,1000,0.649,12452.36,-1
17,4,6,1000,0.644,12200.39,-1
17,4,7,1000,0.5373,6865.17,-1
17,4,8,1000,0.4343,1714.8,-1
17,4,9,1000,0.3378,-3112.28,-1
17,5,0,1000,0.2422,-7889.54,-1
17,5,1,1000,0.3086,-4570.44,-1
17,5,2,1000,0.4028,140.19,-1
17,5,3,1000,0.5148,5740.72,-1
17,5,4,1000,0.6158,10788.1,-1
17,5,5,1000,0.7412,17058.38,-1
17,5,6,1000,0.7675,18372.52,-1
17,5,7,1000,0.6656,13280.39,-1
17,5,8,1000,0.5164,5819.21,-1
17,5,9,1000,0.3874,-630.11,-1
17,6,0,1000,0.2851,-5743.39,-1
17,6,1,1000,0.3706,-1472.05,-1
17,6,2,1000,0.4996,4982.46,-1
17,6,3,1000,0.664,13201.97,-1
17,6,4,1000,0.789,19449.97,-1
17,6,5,1000,0.8466,22332.4,-1
17,6,6,1000,0.8414,22069.35,-1
17,6,7,1000,0.7464,17318.55,-1
17,6,8,1000,0.5878,9390.21,-1
17,6,9,1000,0.4439,2194.61,-1
17,7,0,1000,0.3105,-4473.01,-1
17,7,1,1000,0.4203,1016.31,-1
17,7,2,1000,0.6155,10775.38,-1
17,7,3,1000,0.8506,22531.46,-1
17,7,4,1000,1.008,30400.17,-1
17,7,5,1000,1.0038,30191.27,-1
17,7,6,1000,0.9325,26624.84,-1
17,7,7,1000,0.806,20301.17,-1
17,7,8,1000,0.6284,11422.27,-1
17,7,9,1000,0.4755,3777.08,-1
17,8,0,1000,0.3451,-2746.34,-1
17,8,1,1000,0.4873,4366.15,-1
17,8,2,1000,0.7417,17085.63,-1
17,8,3,1000,1.0412,32060.08,-1
17,8,4,1000,1.2708,43539.1,-1
17,8,5,1000,1.297,44849.9,-1
17,8,6,1000,1.1299,36496.86,-1
17,8,7,1000,0.8827,24137.35,-1
17,8,8,1000,0.6247,11234.95,-1
17,8,9,1000,0.4721,3606.63,-1
17,9,0,1000,0.3659,-1706.21,-1
17,9,1,1000,0.5227,6136.83,-1
17,9,2,1000,0.7814,19071.12,-1
17,9,3,1000,1.0953,34762.85,-1
17,9,4,1000,1.3859,49292.68,-1
17,9,5,1000,1.4994,54968.79,-1
17,9,6,1000,1.2802,44009.41,-1
17,9,7,1000,0.9338,26689.31,-1
17,9,8,1000,0.6399,11997.46,-1
17,9,9,1000,0.4981,4907.02,-1
17,10,0,1000,0.3684,-1579.7,-1
17,10,1,1000,0.5289,6447.32,-1
17,10,2,1000,0.7822,19107.66,-1
17,10,3,1000,1.1015,35075.89,-1
17,10,4,1000,1.4178,50888.7,-1
17,10,5,1000,1.5449,57245.91,-1
17,10,6,1000,1.3055,45273.62,-1
17,10,7,1000,0.9499,27493.09,-1
17,10,8,1000,0.6954,14769.89,-1
17,10,9,1000,0.5592,7959.93,-1
17,11,0,1000,0.3482,-2587.8,-1
17,11,1,1000,0.5177,5884.59,-1
17,11,2,1000,0.7319,16595.66,-1
17,11,3,1000,1.0138,30688.19,-1
17,11,4,1000,1.3308,46540.3,-1
17,11,5,1000,1.4559,52793.05,-1
17,11,6,1000,1.2609,43045.41,-1
17,11,7,1000,0.9749,28745.62,-1
17,11,8,1000,0.7864,19318.83,-1
17,11,9,1000,0.6191,10953.99,-1
17,12,0,1000,0.3411,-2945.82,-1
17,12,1,1000,0.5253,6262.74,-1
17,12,2,1000,0.7185,15923.32,-1
17,12,3,1000,0.9786,28931.39,-1
17,12,4,1000,1.2912,44561.01,-1
17,12,5,1000,1.369,48449.87,-1
17,12,6,1000,1.1999,39996.27,-1
17,12,7,1000,0.9779,28895.57,-1
17,12,8,1000,0.8085,20427.06,-1
17,12,9,1000,0.6055,10275.59,-1
17,13,0,1000,0.3515,-2426.86,-1
17,13,1,1000,0.5405,7025.0,-1
17,13,2,1000,0.7379,16896.55,-1
17,13,3,1000,1.0061,30305.64,-1
17,13,4,1000,1.3154,45768.97,-1
17,13,5,1000,1.3353,46764.75,-1
17,13,6,1000,1.1425,37125.51,-1
17,13,7,1000,0.9349,26744.02,-1
17,13,8,1000,0.7649,18246.86,-1
17,13,9,1000,0.5666,8329.81,-1
17,14,0,1000,0.378,-1098.9,-1
17,14,1,1000,0.5613,8066.54,-1
17,14,2,1000,0.7516,17579.07,-1
17,14,3,1000,1.0434,32172.21,-1
17,14,4,1000,1.3763,48813.95,-1
17,14,5,1000,1.3793,48967.1,-1
17,14,6,1000,1.1867,39333.72,-1
17,14,7,1000,0.975,28748.6,-1
17,14,8,1000,0.7342,16712.27,-1
17,14,9,1000,0.5267,6334.46,-1
17,15,0,1000,0.4,0.65,-1
17,15,1,1000,0.5693,8462.72,-1
17,15,2,1000,0.7296,16480.23,-1
17,15,3,1000,1.0193,30964.43,-1
17,15,4,1000,1.3685,48426.68,-1
17,15,5,1000,1.4228,51138.17,-1
17,15,6,1000,1.2756,43779.92,-1
17,15,7,1000,1.0612,33060.39,-1
17,15,8,1000,0.7596,17979.72,-1
17,15,9,1000,0.5379,6896.38,-1
17,16,0,1000,0.3964,-180.27,-1
17,16,1,1000,0.554,7697.83,-1
17,16,2,1000,0.6869,14346.64,-1
17,16,3,1000,0.9401,27003.28,-1
17,16,4,1000,1.2522,42612.02,-1
17,16,5,1000,1.3189,45942.52,-1
17,16,6,1000,1.2095,40473.15,-1
17,16,7,1000,1.0258,31287.82,-1
17,16,8,1000,0.7561,17802.62,-1
17,16,9,1000,0.5472,7357.88,-1
17,17,0,1000,0.3843,-784.44,-1
17,17,1,1000,0.5211,6057.27,-1
17,17,2,1000,0.6518,12589.05,-1
17,17,3,1000,0.8691,23456.99,-1
17,17,4,1000,1.0971,34855.65,-1
17,17,5,1000,1.1386,36928.44,-1
17,17,6,1000,1.0787,33936.96,-1
17,17,7,1000,0.9498,27489.5,-1
17,17,8,1000,0.7407,17037.07,-1
17,17,9,1000,0.5364,6819.06,-1
17,18,0,1000,0.3564,-2181.55,-1
17,18,1,1000,0.4705,3523.32,-1
17,18,2,1000,0.625,11249.53,-1
17,18,3,1000,0.8254,21267.64,-1
17,18,4,1000,0.9701,28505.94,-1
17,18,5,1000,0.9815,29074.13,-1
17,18,6,1000,0.9648,28238.98,-1
17,18,7,1000,0.8768,23841.97,-1
17,18,8,1000,0.6891,14454.95,-1
17,18,9,1000,0.4749,3745.61,-1
17,19,0,1000,0.3257,-3714.4,-1
17,19,1,1000,0.4269,1344.75,-1
17,19,2,1000,0.5795,8974.4,-1
17,19,3,1000,0.7609,18043.55,-1
17,19,4,1000,0.8755,23775.69,-1
17,19,5,1000,0.8889,24444.41,-1
17,19,6,1000,0.8879,24397.3,-1
17,19,7,1000,0.812,20601.62,-1
17,19,8,1000,0.62,10998.78,-1
17,19,9,1000,0.4133,665.35,-1
17,20,0,1000,0.2808,-5958.3,-1
17,20,1,1000,0.3778,-1112.33,-1
17,20,2,1000,0.5065,5325.97,-1
17,20,3,1000,0.6374,11870.26,-1
17,20,4,1000,0.7361,16803.53,-1
17,20,5,1000,0.8186,20929.92,-1
17,20,6,1000,0.8333,21666.12,-1
17,20,7,1000,0.7319,16593.05,-1
17,20,8,1000,0.5383,6913.18,-1
17,20,9,1000,0.3628,-1861.93,-1
17,21,0,1000,0.2397,-8015.3,-1
17,21,1,1000,0.3388,-3060.79,-1
17,21,2,1000,0.434,1701.05,-1
17,21,3,1000,0.502,5099.67,-1
17,21,4,1000,0.5816,9079.93,-1
17,21,5,1000,0.7167,15832.7,-1
17,21,6,1000,0.7274,16370.76,-1
17,21,7,1000,0.6008,10038.39,-1
17,21,8,1000,0.4497,2483.48,-1
17,21,9,1000,0.3332,-3340.86,-1
17,22,0,1000,0.2225,-8872.65,-1
17,22,1,1000,0.3152,-4240.32,-1
17,22,2,1000,0.3949,-253.87,-1
17,22,3,1000,0.443,2148.59,-1
17,22,4,1000,0.5022,5107.53,-1
17,22,5,1000,0.6,10001.33,-1
17,22,6,1000,0.5943,9712.57,-1
17,22,7,1000,0.488,4397.59,-1
17,22,8,1000,0.386,-698.28,-1
17,22,9,1000,0.3057,-4716.07,-1
17,23,0,1000,0.2082,-9589.38,-1
17,23,1,1000,0.2848,-5759.44,-1
17,23,2,1000,0.3549,-2255.13,-1
17,23,3,1000,0.4034,167.98,-1
17,23,4,1000,0.4464,2317.75,-1
17,23,5,1000,0.4911,4554.73,-1
17,23,6,1000,0.4792,3958.46,-1
17,23,7,1000,0.4109,543.31,-1
17,23,8,1000,0.3444,-2780.6,-1
17,23,9,1000,0.2805,-5976.45,-1
17,24,0,1000,0.195,-10249.91,-1
17,24,1,1000,0.2488,-7562.17,-1
17,24,2,1000,0.3025,-4875.67,-1
17,24,3,1000,0.3534,-2328.23,-1
17,24,4,1000,0.3917,-416.1,-1
17,24,5,1000,0.4238,1191.91,-1
17,24,6,1000,0.4337,1686.46,-1
17,24,7,1000,0.3983,-83.82,-1
17,24,8,1000,0.3304,-3482.31,-1
17,24,9,1000,0.2585,-7076.33,-1
18,0,0,1000,0.1797,-11015.13,-1
18,0,1,1000,0.2164,-9181.9,-1
18,0,2,1000,0.2593,-7035.65,-1
18,0,3,1000,0.3102,-4487.86,-1
18,0,4,1000,0.3381,-3092.62,-1
18,0,5,1000,0.3416,-2920.96,-1
18,0,6,1000,0.3571,-2146.03,-1
18,0,7,1000,0.356,-2199.52,-1
18,0,8,1000,0.3028,-4857.78,-1
18,0,9,1000,0.2099,-9505.23,-1
18,1,0,1000,0.2002,-9988.67,-1
18,1,1,1000,0.2409,-7954.31,-1
18,1,2,1000,0.2759,-6206.51,-1
18,1,3,1000,0.3197,-4014.55,-1
18,1,4,1000,0.3524,-2382.18,-1
18,1,5,1000,0.3839,-805.53,-1
18,1,6,1000,0.4138,692.33,-1
18,1,7,1000,0.4022,109.54,-1
18,1,8,1000,0.3327,-3362.6,-1
18,1,9,1000,0.2315,-8423.08,-1
18,2,0,1000,0.2153,-9237.32,-1
18,2,1,1000,0.2693,-6537.11,-1
18,2,2,1000,0.3225,-3873.41,-1
18,2,3,1000,0.3658,-1711.08,-1
18,2,4,1000,0.3927,-362.87,-1
18,2,5,1000,0.4373,1862.56,-1
18,2,6,1000,0.4652,3260.6,-1
18,2,7,1000,0.4306,1532.42,-1
18,2,8,1000,0.362,-1899.49,-1
18,2,9,1000,0.2798,-6011.65,-1
18,3,0,1000,0.2135,-9324.66,-1
18,3,1,1000,0.2807,-5966.56,-1
18,3,2,1000,0.375,-1252.01,-1
18,3,3,1000,0.4414,2071.1,-1
18,3,4,1000,0.4664,3318.99,-1
18,3,5,1000,0.4982,4911.16,-1
18,3,6,1000,0.5121,5604.78,-1
18,3,7,1000,0.4607,3036.0,-1
18,3,8,1000,0.3866,-669.73,-1
18,3,9,1000,0.3101,-4496.74,-1
18,4,0,1000,0.2095,-9526.93,-1
18,4,1,1000,0.283,-5851.82,-1
18,4,2,1000,0.4047,236.59,-1
18,4,3,1000,0.4922,4612.22,-1
18,4,4,1000,0.5259,6294.29,-1
18,4,5,1000,0.5758,8792.4,-1
18,4,6,1000,0.5966,9828.96,-1
18,4,7,1000,0.5271,6354.26,-1
18,4,8,1000,0.417,847.8,-1
18,4,9,1000,0.3196,-4020.89,-1
18,5,0,1000,0.2285,-8572.68,-1
18,5,1,1000,0.3078,-4608.26,-1
18,5,2,1000,0.4374,1872.21,-1
18,5,3,1000,0.5303,6515.24,-1
18,5,4,1000,0.5791,8953.54,-1
18,5,5,1000,0.6995,14973.53,-1
18,5,6,1000,0.7552,17761.14,-1
18,5,7,1000,0.6534,12669.51,-1
18,5,8,1000,0.4826,4130.93,-1
18,5,9,1000,0.3493,-2536.41,-1
18,6,0,1000,0.2652,-6738.44,-1
18,6,1,1000,0.3611,-1944.36,-1
18,6,2,1000,0.5209,6043.64,-1
18,6,3,1000,0.6415,12075.19,-1
18,6,4,1000,0.6978,14889.02,-1
18,6,5,1000,0.7978,19890.08,-1
18,6,6,1000,0.8361,21804.46,-1
18,6,7,1000,0.7203,16016.19,-1
18,6,8,1000,0.5479,7394.13,-1
18,6,9,1000,0.4047,236.81,-1
18,7,0,1000,0.2854,-5729.52,-1
18,7,1,1000,0.4008,39.79,-1
18,7,2,1000,0.6213,11062.77,-1
18,7,3,1000,0.8011,20056.47,-1
18,7,4,1000,0.8666,23329.53,-1
18,7,5,1000,0.8779,23895.95,-1
18,7,6,1000,0.8514,22567.74,-1
18,7,7,1000,0.7282,16408.09,-1
18,7,8,1000,0.5815,9077.12,-1
18,7,9,1000,0.4483,2417.26,-1
18,8,0,1000,0.3027,-4862.6,-1
18,8,1,1000,0.428,1400.26,-1
18,8,2,1000,0.6951,14755.71,-1
18,8,3,1000,0.9354,26772.19,-1
18,8,4,1000,1.0434,32171.56,-1
18,8,5,1000,1.0467,32337.47,-1
18,8,6,1000,0.9579,27894.97,-1
18,8,7,1000,0.7745,18726.36,-1
18,8,8,1000,0.5961,9807.11,-1
18,8,9,1000,0.4725,3625.55,-1
18,9,0,1000,0.3358,-3211.88,-1
18,9,1,1000,0.4624,3120.1,-1
18,9,2,1000,0.7136,15682.28,-1
18,9,3,1000,0.959,27949.63,-1
18,9,4,1000,1.1133,35666.99,-1
18,9,5,1000,1.2123,40615.1,-1
18,9,6,1000,1.1223,36117.37,-1
18,9,7,1000,0.8664,23321.25,-1
18,9,8,1000,0.624,11199.21,-1
18,9,9,1000,0.4911,4554.62,-1
18,10,0,1000,0.3678,-1611.96,-1
18,10,1,1000,0.5015,5074.26,-1
18,10,2,1000,0.7277,16384.63,-1
18,10,3,1000,0.9638,28191.51,-1
18,10,4,1000,1.1466,37328.29,-1
18,10,5,1000,1.2937,44685.1,-1
18,10,6,1000,1.206,40299.49,-1
18,10,7,1000,0.9232,26158.93,-1
18,10,8,1000,0.6671,13355.86,-1
18,10,9,1000,0.523,6149.4,-1
18,11,0,1000,0.3584,-2078.73,-1
18,11,1,1000,0.5039,5193.61,-1
18,11,2,1000,0.6739,13695.53,-1
18,11,3,1000,0.8956,24779.32,-1
18,11,4,1000,1.1585,37926.14,-1
18,11,5,1000,1.3657,48285.13,-1
18,11,6,1000,1.2593,42965.0,-1
18,11,7,1000,0.972,28602.44,-1
18,11,8,1000,0.7279,16395.36,-1
18,11,9,1000,0.5595,7973.47,-1
18,12,0,1000,0.3336,-3319.88,-1
18,12,1,1000,0.4943,4712.93,-1
18,12,2,1000,0.6549,12744.67,-1
18,12,3,1000,0.9004,25019.03,-1
18,12,4,1000,1.2234,41171.56,-1
18,12,5,1000,1.3629,48146.53,-1
18,12,6,1000,1.1795,38973.92,-1
18,12,7,1000,0.9201,26005.43,-1
18,12,8,1000,0.7271,16356.59,-1
18,12,9,1000,0.5595,7974.46,-1
18,13,0,1000,0.3403,-2983.22,-1
18,13,1,1000,0.5089,5444.22,-1
18,13,2,1000,0.6865,14325.44,-1
18,13,3,1000,0.9518,27588.19,-1
18,13,4,1000,1.2651,43252.96,-1
18,13,5,1000,1.2908,44540.31,-1
18,13,6,1000,1.052,32600.65,-1
18,13,7,1000,0.8255,21274.74,-1
18,13,8,1000,0.6786,13928.17,-1
18,13,9,1000,0.5341,6706.24,-1
18,14,0,1000,0.3608,-1961.27,-1
18,14,1,1000,0.5329,6643.79,-1
18,14,2,1000,0.6853,14263.97,-1
18,14,3,1000,0.9228,26140.37,-1
18,14,4,1000,1.2079,40396.28,-1
18,14,5,1000,1.2009,40046.09,-1
18,14,6,1000,1.0008,30039.04,-1
18,14,7,1000,0.8127,20632.67,-1
18,14,8,1000,0.6425,12123.78,-1
18,14,9,1000,0.4888,4439.16,-1
18,15,0,1000,0.3655,-1725.17,-1
18,15,1,1000,0.535,6747.62,-1
18,15,2,1000,0.6592,12961.06,-1
18,15,3,1000,0.8617,23086.61,-1
18,15,4,1000,1.1316,36578.2,-1
18,15,5,1000,1.202,40098.33,-1
18,15,6,1000,1.0975,34874.05,-1
18,15,7,1000,0.9205,26023.02,-1
18,15,8,1000,0.6814,14068.85,-1
18,15,9,1000,0.4887,4433.53,-1
18,16,0,1000,0.3486,-2567.76,-1
18,16,1,1000,0.5119,5592.89,-1
18,16,2,1000,0.6468,12338.55,-1
18,16,3,1000,0.8497,22483.4,-1
18,16,4,1000,1.1019,35094.12,-1
18,16,5,1000,1.1788,38940.76,-1
18,16,6,1000,1.0955,34775.86,-1
18,16,7,1000,0.9317,26584.06,-1
18,16,8,1000,0.6997,14984.62,-1
18,16,9,1000,0.5064,5319.5,-1
18,17,0,1000,0.3265,-3677.29,-1
18,17,1,1000,0.4601,3003.61,-1
18,17,2,1000,0.6356,11781.19,-1
18,17,3,1000,0.8714,23568.1,-1
18,17,4,1000,1.0794,33968.86,-1
18,17,5,1000,1.0956,34779.89,-1
18,17,6,1000,1.0107,30533.07,-1
18,17,7,1000,0.8813,24065.33,-1
18,17,8,1000,0.6977,14886.0,-1
18,17,9,1000,0.5236,6182.28,-1
18,18,0,1000,0.3093,-4533.05,-1
18,18,1,1000,0.3995,-26.83,-1
18,18,2,1000,0.5798,8987.66,-1
18,18,3,1000,0.8166,20831.63,-1
18,18,4,1000,0.9684,28418.49,-1
18,18,5,1000,0.9449,27243.75,-1
18,18,6,1000,0.8775,23875.91,-1
18,18,7,1000,0.7815,19074.49,-1
18,18,8,1000,0.6221,11105.38,-1
18,18,9,1000,0.4683,3414.95,-1
18,19,0,1000,0.2936,-5319.59,-1
18,19,1,1000,0.3648,-1757.54,-1
18,19,2,1000,0.507,5350.19,-1
18,19,3,1000,0.6999,14992.67,-1
18,19,4,1000,0.8228,21141.81,-1
18,19,5,1000,0.8228,21140.06,-1
18,19,6,1000,0.7857,19282.69,-1
18,19,7,1000,0.7016,15081.3,-1
18,19,8,1000,0.5333,6665.53,-1
18,19,9,1000,0.3886,-571.57,-1
18,20,0,1000,0.2803,-5987.33,-1
18,20,1,1000,0.3532,-2338.94,-1
18,20,2,1000,0.4438,2191.21,-1
18,20,3,1000,0.5722,8608.38,-1
18,20,4,1000,0.685,14248.51,-1
18,20,5,1000,0.743,17152.05,-1
18,20,6,1000,0.7223,16114.93,-1
18,20,7,1000,0.6269,11346.85,-1
18,20,8,1000,0.4588,2938.69,-1
18,20,9,1000,0.3201,-3995.02,-1
18,21,0,1000,0.2539,-7306.09,-1
18,21,1,1000,0.3402,-2991.83,-1
18,21,2,1000,0.4058,290.93,-1
18,21,3,1000,0.4883,4415.78,-1
18,21,4,1000,0.5959,9796.63,-1
18,21,5,1000,0.6845,14226.79,-1
18,21,6,1000,0.6511,12553.07,-1
18,21,7,1000,0.5458,7289.88,-1
18,21,8,1000,0.4248,1240.18,-1
18,21,9,1000,0.3054,-4729.83,-1
18,22,0,1000,0.2189,-9052.79,-1
18,22,1,1000,0.3009,-4956.97,-1
18,22,2,1000,0.3698,-1511.86,-1
18,22,3,1000,0.4444,2218.97,-1
18,22,4,1000,0.5358,6790.54,-1
18,22,5,1000,0.6034,10167.68,-1
18,22,6,1000,0.5628,8139.96,-1
18,22,7,1000,0.4744,3721.1,-1
18,22,8,1000,0.3969,-153.98,-1
18,22,9,1000,0.3013,-4934.12,-1
18,23,0,1000,0.1863,-10685.85,-1
18,23,1,1000,0.2577,-7117.35,-1
18,23,2,1000,0.3275,-3624.96,-1
18,23,3,1000,0.4019,95.48,-1
18,23,4,1000,0.479,3950.0,-1
18,23,5,1000,0.5143,5715.94,-1
18,23,6,1000,0.4709,3543.57,-1
18,23,7,1000,0.403,150.98,-1
18,23,8,1000,0.3457,-2713.5,-1
18,23,9,1000,0.2767,-6167.47,-1
18,24,0,1000,0.1724,-11379.87,-1
18,24,1,1000,0.2327,-8365.85,-1
18,24,2,1000,0.283,-5852.1,-1
18,24,3,1000,0.3476,-2620.56,-1
18,24,4,1000,0.4193,965.44,-1
18,24,5,1000,0.4443,2214.29,-1
18,24,6,1000,0.4095,472.78,-1
18,24,7,1000,0.3534,-2330.87,-1
18,24,8,1000,0.2838,-5808.18,-1
18,24,9,1000,0.2343,-8284.01,-1
19,0,0,1000,0.1567,-12164.41,-1
19,0,1,1000,0.1894,-10528.03,-1
19,0,2,1000,0.242,-7897.71,-1
19,0,3,1000,0.2976,-5122.13,-1
19,0,4,1000,0.3193,-4036.59,-1
19,0,5,1000,0.3092,-4537.55,-1
19,0,6,1000,0.3187,-4063.39,-1
19,0,7,1000,0.3256,-3721.93,-1
19,0,8,1000,0.2985,-5076.6,-1
19,0,9,1000,0.2197,-9014.89,-1
19,1,0,1000,0.1821,-10895.57,-1
19,1,1,1000,0.2193,-9034.55,-1
19,1,2,1000,0.262,-6902.11,-1
19,1,3,1000,0.3091,-4546.17,-1
19,1,4,1000,0.3354,-3228.76,-1
19,1,5,1000,0.3534,-2331.43,-1
19,1,6,1000,0.3782,-1092.24,-1
19,1,7,1000,0.3743,-1284.45,-1
19,1,8,1000,0.3259,-3704.67,-1
19,1,9,1000,0.2365,-8175.47,-1
19,2,0,1000,0.214,-9299.4,-1
19,2,1,1000,0.2678,-6608.22,-1
19,2,2,1000,0.3225,-3876.3,-1
19,2,3,1000,0.365,-1747.75,-1
19,2,4,1000,0.3872,-639.76,-1
19,2,5,1000,0.4205,1025.63,-1
19,2,6,1000,0.4473,2367.11,-1
19,2,7,1000,0.4173,864.87,-1
19,2,8,1000,0.3438,-2807.88,-1
19,2,9,1000,0.2618,-6910.38,-1
19,3,0,1000,0.2208,-8960.71,-1
19,3,1,1000,0.2901,-5494.4,-1
19,3,2,1000,0.384,-799.31,-1
19,3,3,1000,0.4484,2420.61,-1
19,3,4,1000,0.4679,3395.12,-1
19,3,5,1000,0.4837,4186.15,-1
19,3,6,1000,0.496,4801.02,-1
19,3,7,1000,0.4489,2443.78,-1
19,3,8,1000,0.3577,-2116.37,-1
19,3,9,1000,0.2768,-6162.18,-1
19,4,0,1000,0.2182,-9090.7,-1
19,4,1,1000,0.2944,-5278.61,-1
19,4,2,1000,0.4157,785.66,-1
19,4,3,1000,0.4998,4990.75,-1
19,4,4,1000,0.5241,6206.31,-1
19,4,5,1000,0.5464,7317.75,-1
19,4,6,1000,0.5601,8003.15,-1
19,4,7,1000,0.4984,4920.25,-1
19,4,8,1000,0.3785,-1075.18,-1
19,4,9,1000,0.2815,-5926.36,-1
19,5,0,1000,0.2399,-8005.16,-1
19,5,1,1000,0.3205,-3976.57,-1
19,5,2,1000,0.4402,2012.27,-1
19,5,3,1000,0.5186,5928.04,-1
19,5,4,1000,0.5487,7433.16,-1
19,5,5,1000,0.6268,11338.61,-1
19,5,6,1000,0.6675,13375.64,-1
19,5,7,1000,0.5808,9041.85,-1
19,5,8,1000,0.4261,1302.72,-1
19,5,9,1000,0.3071,-4643.55,-1
19,6,0,1000,0.278,-6101.05,-1
19,6,1,1000,0.3728,-1361.43,-1
19,6,2,1000,0.511,5548.59,-1
19,6,3,1000,0.6035,10175.73,-1
19,6,4,1000,0.6324,11621.56,-1
19,6,5,1000,0.6856,14280.3,-1
19,6,6,1000,0.7081,15406.47,-1
19,6,7,1000,0.6144,10720.23,-1
19,6,8,1000,0.4771,3855.6,-1
19,6,9,1000,0.3591,-2044.49,-1
19,7,0,1000,0.2944,-5280.0,-1
19,7,1,1000,0.4056,280.62,-1
19,7,2,1000,0.596,9801.79,-1
19,7,3,1000,0.737,16849.74,-1
19,7,4,1000,0.7677,18383.17,-1
19,7,5,1000,0.7353,16767.46,-1
19,7,6,1000,0.7007,15032.8,-1
19,7,7,1000,0.6066,10330.29,-1
19,7,8,1000,0.502,5102.47,-1
19,7,9,1000,0.3981,-95.59,-1
19,8,0,1000,0.2895,-5525.66,-1
19,8,1,1000,0.3994,-30.69,-1
19,8,2,1000,0.6223,11117.33,-1
19,8,3,1000,0.807,20351.91,-1
19,8,4,1000,0.8681,23407.29,-1
19,8,5,1000,0.8466,22331.67,-1
19,8,6,1000,0.7781,18907.38,-1
19,8,7,1000,0.6396,11979.55,-1
19,8,8,1000,0.5061,5305.42,-1
19,8,9,1000,0.4113,562.65,-1
19,9,0,1000,0.3078,-4609.08,-1
19,9,1,1000,0.4107,537.26,-1
19,9,2,1000,0.6079,10395.72,-1
19,9,3,1000,0.7859,19292.5,-1
19,9,4,1000,0.8826,24131.63,-1
19,9,5,1000,0.967,28351.6,-1
19,9,6,1000,0.9209,26043.5,-1
19,9,7,1000,0.724,16201.85,-1
19,9,8,1000,0.5232,6160.09,-1
19,9,9,1000,0.4161,806.18,-1
19,10,0,1000,0.3439,-2804.1,-1
19,10,1,1000,0.4537,2685.14,-1
19,10,2,1000,0.6232,11160.89,-1
19,10,3,1000,0.7881,19407.46,-1
19,10,4,1000,0.9087,25433.18,-1
19,10,5,1000,1.0419,32092.83,-1
19,10,6,1000,1.0047,30235.22,-1
19,10,7,1000,0.7837,19186.75,-1
19,10,8,1000,0.5602,8009.3,-1
19,10,9,1000,0.4392,1959.59,-1
19,11,0,1000,0.3562,-2188.83,-1
19,11,1,1000,0.4859,4294.4,-1
19,11,2,1000,0.6135,10676.89,-1
19,11,3,1000,0.7821,19104.34,-1
19,11,4,1000,0.9982,29909.23,-1
19,11,5,1000,1.2108,40538.96,-1
19,11,6,1000,1.1529,37643.15,-1
19,11,7,1000,0.8983,24915.21,-1
19,11,8,1000,0.6344,11718.89,-1
19,11,9,1000,0.4713,3567.0,-1
19,12,0,1000,0.348,-2599.28,-1
19,12,1,1000,0.5003,5014.53,-1
19,12,2,1000,0.6335,11673.37,-1
19,12,3,1000,0.8432,22157.59,-1
19,12,4,1000,1.1339,36695.5,-1
19,12,5,1000,1.3023,45115.36,-1
19,12,6,1000,1.1651,38256.81,-1
19,12,7,1000,0.9081,25402.68,-1
19,12,8,1000,0.6525,12622.51,-1
19,12,9,1000,0.4757,3784.76,-1
19,13,0,1000,0.3537,-2317.01,-1
19,13,1,1000,0.514,5702.48,-1
19,13,2,1000,0.6662,13312.15,-1
19,13,3,1000,0.8963,24817.3,-1
19,13,4,1000,1.1769,38844.34,-1
19,13,5,1000,1.2367,41833.42,-1
19,13,6,1000,1.0445,32225.18,-1
19,13,7,1000,0.8166,20831.21,-1
19,13,8,1000,0.6082,10411.96,-1
19,13,9,1000,0.4551,2755.47,-1
19,14,0,1000,0.3529,-2354.97,-1
19,14,1,1000,0.5154,5772.09,-1
19,14,2,1000,0.6556,12779.54,-1
19,14,3,1000,0.8648,23239.32,-1
19,14,4,1000,1.1059,35296.82,-1
19,14,5,1000,1.091,34551.24,-1
19,14,6,1000,0.9157,25783.46,-1
19,14,7,1000,0.7459,17296.33,-1
19,14,8,1000,0.5658,8291.61,-1
19,14,9,1000,0.422,1098.5,-1
19,15,0,1000,0.3341,-3295.22,-1
19,15,1,1000,0.4936,4680.62,-1
19,15,2,1000,0.6237,11185.02,-1
19,15,3,1000,0.8094,20470.81,-1
19,15,4,1000,1.0256,31279.05,-1
19,15,5,1000,1.0363,31815.8,-1
19,15,6,1000,0.9295,26473.7,-1
19,15,7,1000,0.7924,19618.55,-1
19,15,8,1000,0.595,9749.37,-1
19,15,9,1000,0.431,1552.09,-1
19,16,0,1000,0.3143,-4286.38,-1
19,16,1,1000,0.4688,3441.3,-1
19,16,2,1000,0.6152,10760.86,-1
19,16,3,1000,0.8073,20366.09,-1
19,16,4,1000,1.0116,30582.04,-1
19,16,5,1000,1.0276,31378.01,-1
19,16,6,1000,0.9356,26781.65,-1
19,16,7,1000,0.8075,20374.91,-1
19,16,8,1000,0.6163,10813.08,-1
19,16,9,1000,0.4511,2555.67,-1
19,17,0,1000,0.2952,-5242.43,-1
19,17,1,1000,0.4168,839.17,-1
19,17,2,1000,0.5847,9236.82,-1
19,17,3,1000,0.7974,19872.24,-1
19,17,4,1000,0.97,28499.19,-1
19,17,5,1000,0.964,28201.74,-1
19,17,6,1000,0.8832,24160.06,-1
19,17,7,1000,0.7775,18877.27,-1
19,17,8,1000,0.6212,11059.25,-1
19,17,9,1000,0.4725,3626.12,-1
19,18,0,1000,0.285,-5748.58,-1
19,18,1,1000,0.3575,-2125.89,-1
19,18,2,1000,0.4992,4961.46,-1
19,18,3,1000,0.6938,14687.87,-1
19,18,4,1000,0.8236,21180.83,-1
19,18,5,1000,0.8242,21209.67,-1
19,18,6,1000,0.7788,18939.81,-1
19,18,7,1000,0.6961,14806.91,-1
19,18,8,1000,0.5532,7659.37,-1
19,18,9,1000,0.4229,1146.4,-1
19,19,0,1000,0.2736,-6317.64,-1
19,19,1,1000,0.3273,-3632.61,-1
19,19,2,1000,0.4267,1332.62,-1
19,19,3,1000,0.5781,8902.96,-1
19,19,4,1000,0.6861,14302.99,-1
19,19,5,1000,0.7158,15789.11,-1
19,19,6,1000,0.7004,15017.63,-1
19,19,7,1000,0.6259,11293.13,-1
19,19,8,1000,0.4711,3556.18,-1
19,19,9,1000,0.3473,-2632.7,-1
19,20,0,1000,0.2682,-6588.83,-1
19,20,1,1000,0.3285,-3572.75,-1
19,20,2,1000,0.3904,-481.39,-1
19,20,3,1000,0.4942,4709.69,-1
19,20,4,1000,0.5952,9759.26,-1
19,20,5,1000,0.6522,12607.54,-1
19,20,6,1000,0.636,11799.14,-1
19,20,7,1000,0.5549,7747.37,-1
19,20,8,1000,0.4109,546.39,-1
19,20,9,1000,0.2921,-5393.54,-1
19,21,0,1000,0.2487,-7563.2,-1
19,21,1,1000,0.3292,-3541.82,-1
19,21,2,1000,0.3891,-542.75,-1
19,21,3,1000,0.4701,3506.58,-1
19,21,4,1000,0.5676,8377.85,-1
19,21,5,1000,0.6154,10769.59,-1
19,21,6,1000,0.5652,8258.2,-1
19,21,7,1000,0.4809,4044.66,-1
19,21,8,1000,0.398,-97.7,-1
19,21,9,1000,0.2975,-5125.37,-1
19,22,0,1000,0.2134,-9330.73,-1
19,22,1,1000,0.2914,-5427.65,-1
19,22,2,1000,0.3615,-1923.94,-1
19,22,3,1000,0.4405,2022.97,-1
19,22,4,1000,0.5243,6213.02,-1
19,22,5,1000,0.5512,7558.64,-1
19,22,6,1000,0.4924,4621.29,-1
19,22,7,1000,0.4224,1118.5,-1
19,22,8,1000,0.3801,-995.52,-1
19,22,9,1000,0.3003,-4985.59,-1
19,23,0,1000,0.1792,-11041.49,-1
19,23,1,1000,0.2484,-7579.62,-1
19,23,2,1000,0.3214,-3929.25,-1
19,23,3,1000,0.4005,22.73,-1
19,23,4,1000,0.472,3600.03,-1
19,23,5,1000,0.4737,3685.81,-1
19,23,6,1000,0.4128,640.76,-1
19,23,7,1000,0.3576,-2121.82,-1
19,23,8,1000,0.3289,-3553.87,-1
19,23,9,1000,0.2746,-6268.28,-1
19,24,0,1000,0.1654,-11729.66,-1
19,24,1,1000,0.2263,-8684.22,-1
19,24,2,1000,0.2814,-5930.14,-1
19,24,3,1000,0.3502,-2487.94,-1
19,24,4,1000,0.417,849.1,-1
19,24,5,1000,0.4084,421.93,-1
19,24,6,1000,0.3524,-2381.12,-1
19,24,7,1000,0.3038,-4812.35,-1
19,24,8,1000,0.2597,-7017.24,-1
19,24,9,1000,0.2276,-8620.06,-1
20,0,0,1000,0.1511,-12442.75,-1
20,0,1,1000,0.1911,-10443.48,-1
20,0,2,1000,0.243,-7849.96,-1
20,0,3,1000,0.2951,-5244.17,-1
20,0,4,1000,0.3231,-3844.96,-1
20,0,5,1000,0.3104,-4478.72,-1
20,0,6,1000,0.2954,-5230.47,-1
20,0,7,1000,0.2864,-5679.04,-1
20,0,8,1000,0.2724,-6379.63,-1
20,0,9,1000,0.2161,-9194.54,-1
20,1,0,1000,0.1776,-11122.24,-1
20,1,1,1000,0.2223,-8885.97,-1
20,1,2,1000,0.2646,-6768.32,-1
20,1,3,1000,0.3107,-4463.0,-1
20,1,4,1000,0.3446,-2770.29,-1
20,1,5,1000,0.3536,-2319.38,-1
20,1,6,1000,0.351,-2451.76,-1
20,1,7,1000,0.3349,-3252.61,-1
20,1,8,1000,0.303,-4851.2,-1
20,1,9,1000,0.2347,-8266.01,-1
20,2,0,1000,0.2079,-9607.15,-1
20,2,1,1000,0.2667,-6664.9,-1
20,2,2,1000,0.3213,-3936.98,-1
20,2,3,1000,0.3705,-1473.63,-1
20,2,4,1000,0.4043,216.72,-1
20,2,5,1000,0.4203,1016.05,-1
20,2,6,1000,0.4251,1256.42,-1
20,2,7,1000,0.3944,-282.07,-1
20,2,8,1000,0.3203,-3985.41,-1
20,2,9,1000,0.2382,-8088.49,-1
20,3,0,1000,0.2158,-9208.86,-1
20,3,1,1000,0.287,-5650.08,-1
20,3,2,1000,0.3704,-1481.71,-1
20,3,3,1000,0.4381,1905.12,-1
20,3,4,1000,0.4724,3620.02,-1
20,3,5,1000,0.4746,3732.05,-1
20,3,6,1000,0.4728,3641.93,-1
20,3,7,1000,0.4316,1577.53,-1
20,3,8,1000,0.3283,-3584.39,-1
20,3,9,1000,0.2354,-8228.84,-1
20,4,0,1000,0.2181,-9096.25,-1
20,4,1,1000,0.2951,-5247.46,-1
20,4,2,1000,0.3948,-260.76,-1
20,4,3,1000,0.4741,3705.28,-1
20,4,4,1000,0.5111,5556.05,-1
20,4,5,1000,0.5147,5736.22,-1
20,4,6,1000,0.5131,5653.75,-1
20,4,7,1000,0.4623,3116.01,-1
20,4,8,1000,0.3385,-3074.08,-1
20,4,9,1000,0.2352,-8238.16,-1
20,5,0,1000,0.2401,-7996.33,-1
20,5,1,1000,0.3217,-3916.77,-1
20,5,2,1000,0.4211,1055.01,-1
20,5,3,1000,0.493,4649.81,-1
20,5,4,1000,0.5262,6312.38,-1
20,5,5,1000,0.557,7849.46,-1
20,5,6,1000,0.5719,8592.77,-1
20,5,7,1000,0.5058,5292.43,-1
20,5,8,1000,0.3651,-1747.22,-1
20,5,9,1000,0.2565,-7173.87,-1
20,6,0,1000,0.269,-6551.61,-1
20,6,1,1000,0.3608,-1961.7,-1
20,6,2,1000,0.4718,3589.73,-1
20,6,3,1000,0.5494,7470.65,-1
20,6,4,1000,0.5802,9010.4,-1
20,6,5,1000,0.6059,10295.32,-1
20,6,6,1000,0.6173,10864.9,-1
20,6,7,1000,0.5441,7203.38,-1
20,6,8,1000,0.4134,667.8,-1
20,6,9,1000,0.3071,-4643.27,-1
20,7,0,1000,0.2794,-6030.5,-1
20,7,1,1000,0.3808,-962.08,-1
20,7,2,1000,0.5211,6055.93,-1
20,7,3,1000,0.6269,11346.34,-1
20,7,4,1000,0.6632,13159.35,-1
20,7,5,1000,0.6548,12738.33,-1
20,7,6,1000,0.6404,12020.76,-1
20,7,7,1000,0.5633,8164.06,-1
20,7,8,1000,0.4473,2367.24,-1
20,7,9,1000,0.3459,-2704.51,-1
20,8,0,1000,0.28,-6000.04,-1
20,8,1,1000,0.3747,-1266.84,-1
20,8,2,1000,0.5223,6114.52,-1
20,8,3,1000,0.6531,12657.01,-1
20,8,4,1000,0.7151,15753.98,-1
20,8,5,1000,0.7215,16074.43,-1
20,8,6,1000,0.6886,14430.39,-1
20,8,7,1000,0.585,9252.19,-1
20,8,8,1000,0.4535,2675.67,-1
20,8,9,1000,0.3609,-1955.28,-1
20,9,0,1000,0.3003,-4986.74,-1
20,9,1,1000,0.3852,-737.73,-1
20,9,2,1000,0.4976,4878.69,-1
20,9,3,1000,0.6161,10806.62,-1
20,9,4,1000,0.7062,15312.17,-1
20,9,5,1000,0.7913,19565.43,-1
20,9,6,1000,0.7788,18939.57,-1
20,9,7,1000,0.6404,12021.63,-1
20,9,8,1000,0.4668,3340.66,-1
20,9,9,1000,0.3678,-1609.01,-1
20,10,0,1000,0.3283,-3584.55,-1
20,10,1,1000,0.4175,872.64,-1
20,10,2,1000,0.5027,5136.04,-1
20,10,3,1000,0.6055,10273.51,-1
20,10,4,1000,0.7157,15783.54,-1
20,10,5,1000,0.8585,22925.85,-1
20,10,6,1000,0.8643,23214.16,-1
20,10,7,1000,0.7039,15192.95,-1
20,10,8,1000,0.5044,5217.76,-1
20,10,9,1000,0.3899,-505.09,-1
20,11,0,1000,0.3391,-3045.25,-1
20,11,1,1000,0.4549,2744.52,-1
20,11,2,1000,0.5416,7077.87,-1
20,11,3,1000,0.6663,13315.27,-1
20,11,4,1000,0.852,22599.06,-1
20,11,5,1000,1.0589,32945.44,-1
20,11,6,1000,1.0336,31677.51,-1
20,11,7,1000,0.819,20949.3,-1
20,11,8,1000,0.558,7899.38,-1
20,11,9,1000,0.4012,60.17,-1
20,12,0,1000,0.3332,-3338.72,-1
20,12,1,1000,0.4754,3771.08,-1
20,12,2,1000,0.5911,9553.22,-1
20,12,3,1000,0.7586,17929.69,-1
20,12,4,1000,1.0008,30038.72,-1
20,12,5,1000,1.1822,39111.73,-1
20,12,6,1000,1.0853,34265.04,-1
20,12,7,1000,0.8422,22107.9,-1
20,12,8,1000,0.5623,8112.85,-1
20,12,9,1000,0.3882,-588.58,-1
20,13,0,1000,0.3347,-3264.91,-1
20,13,1,1000,0.4793,3965.91,-1
20,13,2,1000,0.5967,9836.38,-1
20,13,3,1000,0.7673,18364.08,-1
20,13,4,1000,1.0005,30023.44,-1
20,13,5,1000,1.1238,36190.71,-1
20,13,6,1000,0.9981,29906.88,-1
20,13,7,1000,0.7741,18705.01,-1
20,13,8,1000,0.53,6500.25,-1
20,13,9,1000,0.3745,-1274.85,-1
20,14,0,1000,0.3219,-3903.96,-1
20,14,1,1000,0.462,3097.97,-1
20,14,2,1000,0.5746,8729.86,-1
20,14,3,1000,0.7389,16946.42,-1
20,14,4,1000,0.9402,27010.08,-1
20,14,5,1000,0.9747,28736.56,-1
20,14,6,1000,0.8423,22114.8,-1
20,14,7,1000,0.6783,13916.95,-1
20,14,8,1000,0.5039,5195.42,-1
20,14,9,1000,0.3786,-1070.7,-1
20,15,0,1000,0.2953,-5236.89,-1
20,15,1,1000,0.4322,1609.14,-1
20,15,2,1000,0.5653,8262.67,-1
20,15,3,1000,0.7426,17131.72,-1
20,15,4,1000,0.9229,26147.34,-1
20,15,5,1000,0.9045,25224.85,-1
20,15,6,1000,0.7815,19073.3,-1
20,15,7,1000,0.6611,13057.38,-1
20,15,8,1000,0.5226,6129.42,-1
20,15,9,1000,0.4071,355.34,-1
20,16,0,1000,0.2769,-6155.0,-1
20,16,1,1000,0.4115,576.92,-1
20,16,2,1000,0.5672,8361.74,-1
20,16,3,1000,0.7579,17895.65,-1
20,16,4,1000,0.9286,26429.41,-1
20,16,5,1000,0.8972,24858.61,-1
20,16,6,1000,0.7761,18803.47,-1
20,16,7,1000,0.6636,13180.44,-1
20,16,8,1000,0.529,6452.44,-1
20,16,9,1000,0.4139,695.61,-1
20,17,0,1000,0.2611,-6944.37,-1
20,17,1,1000,0.3716,-1421.19,-1
20,17,2,1000,0.5315,6573.19,-1
20,17,3,1000,0.7196,15977.85,-1
20,17,4,1000,0.8632,23161.48,-1
20,17,5,1000,0.8461,22302.84,-1
20,17,6,1000,0.7542,17710.05,-1
20,17,7,1000,0.6542,12708.87,-1
20,17,8,1000,0.5306,6527.7,-1
20,17,9,1000,0.4166,831.19,-1
20,18,0,1000,0.2583,-7083.27,-1
20,18,1,1000,0.3298,-3511.89,-1
20,18,2,1000,0.4381,1906.18,-1
20,18,3,1000,0.5786,8927.83,-1
20,18,4,1000,0.6898,14490.49,-1
20,18,5,1000,0.74,17000.01,-1
20,18,6,1000,0.7143,15716.98,-1
20,18,7,1000,0.6251,11254.18,-1
20,18,8,1000,0.4929,4643.18,-1
20,18,9,1000,0.376,-1198.86,-1
20,19,0,1000,0.2538,-7308.71,-1
20,19,1,1000,0.309,-4551.55,-1
20,19,2,1000,0.3723,-1383.93,-1
20,19,3,1000,0.4706,3529.74,-1
20,19,4,1000,0.5678,8392.01,-1
20,19,5,1000,0.6603,13015.92,-1
20,19,6,1000,0.6702,13509.57,-1
20,19,7,1000,0.5855,9273.46,-1
20,19,8,1000,0.4375,1877.34,-1
20,19,9,1000,0.3203,-3987.4,-1
20,20,0,1000,0.2466,-7670.38,-1
20,20,1,1000,0.3055,-4724.32,-1
20,20,2,1000,0.3523,-2386.0,-1
20,20,3,1000,0.4269,1346.17,-1
20,20,4,1000,0.5149,5742.61,-1
20,20,5,1000,0.6001,10007.11,-1
20,20,6,1000,0.6012,10062.26,-1
20,20,7,1000,0.5227,6136.37,-1
20,20,8,1000,0.3992,-40.08,-1
20,20,9,1000,0.2925,-5375.41,-1
20,21,0,1000,0.2275,-8623.77,-1
20,21,1,1000,0.3013,-4932.94,-1
20,21,2,1000,0.367,-1650.56,-1
20,21,3,1000,0.4428,2137.78,-1
20,21,4,1000,0.5162,5809.68,-1
20,21,5,1000,0.5333,6663.79,-1
20,21,6,1000,0.4853,4264.69,-1
20,21,7,1000,0.4248,1239.19,-1
20,21,8,1000,0.3834,-831.59,-1
20,21,9,1000,0.3089,-4554.37,-1
20,22,0,1000,0.2035,-9822.64,-1
20,22,1,1000,0.2744,-6279.14,-1
20,22,2,1000,0.3439,-2806.49,-1
20,22,3,1000,0.4159,797.16,-1
20,22,4,1000,0.4745,3726.36,-1
20,22,5,1000,0.4589,2944.35,-1
20,22,6,1000,0.3975,-123.56,-1
20,22,7,1000,0.3536,-2322.5,-1
20,22,8,1000,0.3534,-2330.31,-1
20,22,9,1000,0.3022,-4890.09,-1
20,23,0,1000,0.1783,-11082.9,-1
20,23,1,1000,0.242,-7899.34,-1
20,23,2,1000,0.3094,-4532.45,-1
20,23,3,1000,0.3787,-1066.57,-1
20,23,4,1000,0.4292,1460.4,-1
20,23,5,1000,0.3967,-163.65,-1
20,23,6,1000,0.3315,-3426.55,-1
20,23,7,1000,0.2956,-5218.18,-1
20,23,8,1000,0.3036,-4817.98,-1
20,23,9,1000,0.2729,-6353.66,-1
20,24,0,1000,0.1573,-12135.66,-1
20,24,1,1000,0.2143,-9286.95,-1
20,24,2,1000,0.2727,-6364.66,-1
20,24,3,1000,0.3377,-3114.46,-1
20,24,4,1000,0.3895,-525.15,-1
20,24,5,1000,0.361,-1950.84,-1
20,24,6,1000,0.2995,-5026.76,-1
20,24,7,1000,0.2606,-6969.33,-1
20,24,8,1000,0.2458,-7710.63,-1
20,24,9,1000,0.2285,-8576.89,-1
21,0,0,1000,0.1503,-12483.35,-1
21,0,1,1000,0.1996,-10018.07,-1
21,0,2,1000,0.2371,-8143.2,-1
21,0,3,1000,0.2759,-6204.35,-1
21,0,4,1000,0.3174,-4127.71,-1
21,0,5,1000,0.3221,-3896.33,-1
21,0,6,1000,0.2825,-5875.19,-1
21,0,7,1000,0.2432,-7838.8,-1
21,0,8,1000,0.2228,-8858.69,-1
21,0,9,1000,0.1874,-10631.39,-1
21,1,0,1000,0.1755,-11224.69,-1
21,1,1,1000,0.2292,-8539.03,-1
21,1,2,1000,0.2568,-7160.22,-1
21,1,3,1000,0.292,-5399.43,-1
21,1,4,1000,0.3407,-2963.21,-1
21,1,5,1000,0.359,-2048.27,-1
21,1,6,1000,0.3289,-3557.02,-1
21,1,7,1000,0.2901,-5495.13,-1
21,1,8,1000,0.2655,-6723.92,-1
21,1,9,1000,0.2198,-9007.83,-1
21,2,0,1000,0.1911,-10444.7,-1
21,2,1,1000,0.2534,-7331.83,-1
21,2,2,1000,0.2954,-5230.66,-1
21,2,3,1000,0.3453,-2734.69,-1
21,2,4,1000,0.3969,-155.12,-1
21,2,5,1000,0.4044,219.92,-1
21,2,6,1000,0.3881,-597.15,-1
21,2,7,1000,0.3614,-1931.78,-1
21,2,8,1000,0.3083,-4586.86,-1
21,2,9,1000,0.2336,-8317.82,-1
21,3,0,1000,0.1936,-10321.68,-1
21,3,1,1000,0.2621,-6896.58,-1
21,3,2,1000,0.3185,-4075.11,-1
21,3,3,1000,0.3822,-889.27,-1
21,3,4,1000,0.4371,1855.84,-1
21,3,5,1000,0.4335,1673.79,-1
21,3,6,1000,0.4214,1068.37,-1
21,3,7,1000,0.3996,-18.86,-1
21,3,8,1000,0.3233,-3833.98,-1
21,3,9,1000,0.229,-8547.97,-1
21,4,0,1000,0.201,-9947.51,-1
21,4,1,1000,0.2739,-6302.94,-1
21,4,2,1000,0.3343,-3286.76,-1
21,4,3,1000,0.4005,25.25,-1
21,4,4,1000,0.4562,2807.61,-1
21,4,5,1000,0.4499,2496.88,-1
21,4,6,1000,0.4375,1875.86,-1
21,4,7,1000,0.4115,575.59,-1
21,4,8,1000,0.3229,-3853.71,-1
21,4,9,1000,0.224,-8800.93,-1
21,5,0,1000,0.2203,-8986.28,-1
21,5,1,1000,0.302,-4897.79,-1
21,5,2,1000,0.3827,-863.17,-1
21,5,3,1000,0.453,2648.93,-1
21,5,4,1000,0.4966,4832.15,-1
21,5,5,1000,0.4865,4326.16,-1
21,5,6,1000,0.4777,3885.48,-1
21,5,7,1000,0.438,1898.5,-1
21,5,8,1000,0.3279,-3605.14,-1
21,5,9,1000,0.2327,-8363.76,-1
21,6,0,1000,0.2332,-8338.01,-1
21,6,1,1000,0.3223,-3883.25,-1
21,6,2,1000,0.419,952.04,-1
21,6,3,1000,0.4944,4721.69,-1
21,6,4,1000,0.539,6952.32,-1
21,6,5,1000,0.5583,7913.93,-1
21,6,6,1000,0.5674,8368.71,-1
21,6,7,1000,0.5115,5573.95,-1
21,6,8,1000,0.3812,-937.72,-1
21,6,9,1000,0.2799,-6003.98,-1
21,7,0,1000,0.2353,-8233.35,-1
21,7,1,1000,0.326,-3697.89,-1
21,7,2,1000,0.428,1401.25,-1
21,7,3,1000,0.5124,5620.76,-1
21,7,4,1000,0.5711,8554.88,-1
21,7,5,1000,0.6206,11030.75,-1
21,7,6,1000,0.6417,12085.89,-1
21,7,7,1000,0.5754,8770.79,-1
21,7,8,1000,0.4343,1717.44,-1
21,7,9,1000,0.3232,-3842.01,-1
21,8,0,1000,0.2542,-7289.9,-1
21,8,1,1000,0.3395,-3024.27,-1
21,8,2,1000,0.4437,2182.88,-1
21,8,3,1000,0.5563,7817.13,-1
21,8,4,1000,0.639,11948.09,-1
21,8,5,1000,0.668,13398.91,-1
21,8,6,1000,0.6613,13063.99,-1
21,8,7,1000,0.5884,9418.37,-1
21,8,8,1000,0.4482,2411.23,-1
21,8,9,1000,0.3446,-2769.9,-1
21,9,0,1000,0.2859,-5703.36,-1
21,9,1,1000,0.3651,-1744.44,-1
21,9,2,1000,0.4444,2220.31,-1
21,9,3,1000,0.5602,8009.04,-1
21,9,4,1000,0.6658,13291.56,-1
21,9,5,1000,0.7083,15412.56,-1
21,9,6,1000,0.6955,14773.34,-1
21,9,7,1000,0.6124,10619.03,-1
21,9,8,1000,0.4607,3034.98,-1
21,9,9,1000,0.3575,-2122.84,-1
21,10,0,1000,0.3019,-4903.43,-1
21,10,1,1000,0.3817,-912.77,-1
21,10,2,1000,0.4353,1763.69,-1
21,10,3,1000,0.5335,6675.65,-1
21,10,4,1000,0.6572,12858.93,-1
21,10,5,1000,0.7685,18424.4,-1
21,10,6,1000,0.7826,19131.68,-1
21,10,7,1000,0.679,13947.52,-1
21,10,8,1000,0.5023,5113.02,-1
21,10,9,1000,0.3834,-829.95,-1
21,11,0,1000,0.3005,-4973.77,-1
21,11,1,1000,0.4077,385.39,-1
21,11,2,1000,0.4918,4587.7,-1
21,11,3,1000,0.6094,10470.49,-1
21,11,4,1000,0.7704,18521.82,-1
21,11,5,1000,0.9148,25738.5,-1
21,11,6,1000,0.8812,24059.01,-1
21,11,7,1000,0.719,15950.5,-1
21,11,8,1000,0.5179,5895.36,-1
21,11,9,1000,0.3851,-742.84,-1
21,12,0,1000,0.2885,-5576.57,-1
21,12,1,1000,0.4188,939.81,-1
21,12,2,1000,0.5355,6773.03,-1
21,12,3,1000,0.6732,13661.24,-1
21,12,4,1000,0.856,22798.36,-1
21,12,5,1000,0.983,29150.36,-1
21,12,6,1000,0.8834,24169.52,-1
21,12,7,1000,0.6837,14185.13,-1
21,12,8,1000,0.4913,4564.79,-1
21,12,9,1000,0.3645,-1774.9,-1
21,13,0,1000,0.285,-5747.59,-1
21,13,1,1000,0.4091,456.27,-1
21,13,2,1000,0.4996,4978.91,-1
21,13,3,1000,0.615,10752.09,-1
21,13,4,1000,0.792,19600.18,-1
21,13,5,1000,0.9269,26344.03,-1
21,13,6,1000,0.834,21700.98,-1
21,13,7,1000,0.6431,12155.26,-1
21,13,8,1000,0.4729,3643.23,-1
21,13,9,1000,0.3584,-2079.28,-1
21,14,0,1000,0.2796,-6017.69,-1
21,14,1,1000,0.3891,-543.21,-1
21,14,2,1000,0.4543,2716.01,-1
21,14,3,1000,0.559,7948.17,-1
21,14,4,1000,0.7255,16274.13,-1
21,14,5,1000,0.8318,21589.66,-1
21,14,6,1000,0.7452,17259.97,-1
21,14,7,1000,0.5893,9464.75,-1
21,14,8,1000,0.4642,3211.69,-1
21,14,9,1000,0.3765,-1174.11,-1
21,15,0,1000,0.268,-6599.52,-1
21,15,1,1000,0.3735,-1322.85,-1
21,15,2,1000,0.4696,3480.38,-1
21,15,3,1000,0.6102,10509.26,-1
21,15,4,1000,0.7719,18594.25,-1
21,15,5,1000,0.8088,20441.94,-1
21,15,6,1000,0.7014,15070.1,-1
21,15,7,1000,0.5712,8561.36,-1
21,15,8,1000,0.4644,3221.65,-1
21,15,9,1000,0.3911,-445.43,-1
21,16,0,1000,0.2532,-7338.67,-1
21,16,1,1000,0.3602,-1990.49,-1
21,16,2,1000,0.4879,4396.69,-1
21,16,3,1000,0.651,12551.07,-1
21,16,4,1000,0.8044,20218.69,-1
21,16,5,1000,0.8052,20260.12,-1
21,16,6,1000,0.6846,14227.97,-1
21,16,7,1000,0.5602,8008.19,-1
21,16,8,1000,0.448,2398.66,-1
21,16,9,1000,0.374,-1298.23,-1
21,17,0,1000,0.233,-8350.78,-1
21,17,1,1000,0.3353,-3236.9,-1
21,17,2,1000,0.486,4301.46,-1
21,17,3,1000,0.6496,12478.88,-1
21,17,4,1000,0.7726,18628.54,-1
21,17,5,1000,0.7558,17790.24,-1
21,17,6,1000,0.6463,12316.79,-1
21,17,7,1000,0.5367,6832.51,-1
21,17,8,1000,0.4377,1887.39,-1
21,17,9,1000,0.3588,-2060.67,-1
21,18,0,1000,0.23,-8500.27,-1
21,18,1,1000,0.3165,-4177.12,-1
21,18,2,1000,0.4304,1521.2,-1
21,18,3,1000,0.5443,7214.2,-1
21,18,4,1000,0.6361,11804.55,-1
21,18,5,1000,0.6768,13840.79,-1
21,18,6,1000,0.6264,11319.82,-1
21,18,7,1000,0.5289,6444.19,-1
21,18,8,1000,0.4332,1657.7,-1
21,18,9,1000,0.341,-2948.02,-1
21,19,0,1000,0.2334,-8329.71,-1
21,19,1,1000,0.3071,-4645.76,-1
21,19,2,1000,0.3745,-1273.09,-1
21,19,3,1000,0.4466,2330.2,-1
21,19,4,1000,0.5307,6533.63,-1
21,19,5,1000,0.6264,11318.31,-1
21,19,6,1000,0.6181,10903.93,-1
21,19,7,1000,0.5232,6157.67,-1
21,19,8,1000,0.411,550.08,-1
21,19,9,1000,0.312,-4400.37,-1
21,20,0,1000,0.2206,-8970.3,-1
21,20,1,1000,0.2877,-5615.49,-1
21,20,2,1000,0.3445,-2777.24,-1
21,20,3,1000,0.405,249.84,-1
21,20,4,1000,0.481,4050.05,-1
21,20,5,1000,0.5804,9018.13,-1
21,20,6,1000,0.5852,9261.64,-1
21,20,7,1000,0.5024,5121.99,-1
21,20,8,1000,0.3957,-215.93,-1
21,20,9,1000,0.299,-5048.5,-1
21,21,0,1000,0.1977,-10116.51,-1
21,21,1,1000,0.2633,-6833.3,-1
21,21,2,1000,0.3373,-3133.02,-1
21,21,3,1000,0.4071,352.67,-1
21,21,4,1000,0.462,3099.46,-1
21,21,5,1000,0.4883,4414.43,-1
21,21,6,1000,0.4665,3324.0,-1
21,21,7,1000,0.415,750.33,-1
21,21,8,1000,0.3654,-1730.99,-1
21,21,9,1000,0.2961,-5195.45,-1
21,22,0,1000,0.1894,-10529.01,-1
21,22,1,1000,0.2489,-7555.08,-1
21,22,2,1000,0.3107,-4465.24,-1
21,22,3,1000,0.3689,-1555.39,-1
21,22,4,1000,0.4072,360.05,-1
21,22,5,1000,0.3938,-311.18,-1
21,22,6,1000,0.3585,-2075.56,-1
21,22,7,1000,0.3268,-3657.97,-1
21,22,8,1000,0.3148,-4257.53,-1
21,22,9,1000,0.2698,-6509.59,-1
21,23,0,1000,0.1806,-10972.0,-1
21,23,1,1000,0.235,-8250.19,-1
21,23,2,1000,0.2852,-5740.16,-1
21,23,3,1000,0.3352,-3242.24,-1
21,23,4,1000,0.3686,-1570.6,-1
21,23,5,1000,0.3398,-3008.72,-1
21,23,6,1000,0.2938,-5310.37,-1
21,23,7,1000,0.2662,-6688.7,-1
21,23,8,1000,0.2689,-6552.53,-1
21,23,9,1000,0.2436,-7818.8,-1
21,24,0,1000,0.1542,-12292.35,-1
21,24,1,1000,0.2044,-9779.69,-1
21,24,2,1000,0.255,-7252.26,-1
21,24,3,1000,0.3065,-4673.53,-1
21,24,4,1000,0.3473,-2636.66,-1
21,24,5,1000,0.3329,-3356.02,-1
21,24,6,1000,0.2844,-5777.65,-1
21,24,7,1000,0.2457,-7716.4,-1
21,24,8,1000,0.2326,-8371.82,-1
21,24,9,1000,0.2161,-9194.95,-1
22,0,0,1000,0.1291,-13546.55,-1
22,0,1,1000,0.1731,-11344.66,-1
22,0,2,1000,0.1994,-10029.33,-1
22,0,3,1000,0.2278,-8609.31,-1
22,0,4,1000,0.2704,-6481.42,-1
22,0,5,1000,0.2944,-5279.86,-1
22,0,6,1000,0.2625,-6876.99,-1
22,0,7,1000,0.2197,-9017.08,-1
22,0,8,1000,0.1981,-10092.71,-1
22,0,9,1000,0.1692,-11541.41,-1
22,1,0,1000,0.1531,-12345.14,-1
22,1,1,1000,0.2009,-9954.88,-1
22,1,2,1000,0.2172,-9137.63,-1
22,1,3,1000,0.2423,-7884.24,-1
22,1,4,1000,0.291,-5450.39,-1
22,1,5,1000,0.3242,-3789.9,-1
22,1,6,1000,0.2998,-5011.49,-1
22,1,7,1000,0.2604,-6981.8,-1
22,1,8,1000,0.2418,-7908.63,-1
22,1,9,1000,0.2057,-9716.29,-1
22,2,0,1000,0.1699,-11503.23,-1
22,2,1,1000,0.2255,-8722.6,-1
22,2,2,1000,0.2563,-7186.83,-1
22,2,3,1000,0.2978,-5111.82,-1
22,2,4,1000,0.3473,-2635.6,-1
22,2,5,1000,0.3559,-2206.25,-1
22,2,6,1000,0.3399,-3007.15,-1
22,2,7,1000,0.3211,-3945.01,-1
22,2,8,1000,0.2922,-5391.49,-1
22,2,9,1000,0.2319,-8404.58,-1
22,3,0,1000,0.1735,-11324.87,-1
22,3,1,1000,0.234,-8299.73,-1
22,3,2,1000,0.275,-6251.34,-1
22,3,3,1000,0.3281,-3595.97,-1
22,3,4,1000,0.3796,-1018.91,-1
22,3,5,1000,0.3725,-1375.38,-1
22,3,6,1000,0.3596,-2018.72,-1
22,3,7,1000,0.3512,-2439.87,-1
22,3,8,1000,0.3104,-4480.25,-1
22,3,9,1000,0.2337,-8315.78,-1
22,4,0,1000,0.1827,-10864.68,-1
22,4,1,1000,0.247,-7651.91,-1
22,4,2,1000,0.2885,-5573.25,-1
22,4,3,1000,0.3416,-2918.96,-1
22,4,4,1000,0.3923,-382.7,-1
22,4,5,1000,0.3792,-1041.91,-1
22,4,6,1000,0.3646,-1768.9,-1
22,4,7,1000,0.3545,-2274.5,-1
22,4,8,1000,0.307,-4647.74,-1
22,4,9,1000,0.2286,-8570.85,-1
22,5,0,1000,0.2066,-9669.33,-1
22,5,1,1000,0.2816,-5921.01,-1
22,5,2,1000,0.3473,-2632.61,-1
22,5,3,1000,0.4072,360.01,-1
22,5,4,1000,0.443,2147.82,-1
22,5,5,1000,0.4081,407.06,-1
22,5,6,1000,0.388,-602.45,-1
22,5,7,1000,0.3674,-1630.97,-1
22,5,8,1000,0.303,-4850.78,-1
22,5,9,1000,0.232,-8401.3,-1
22,6,0,1000,0.2196,-9020.74,-1
22,6,1,1000,0.3018,-4909.37,-1
22,6,2,1000,0.3839,-805.32,-1
22,6,3,1000,0.4488,2438.7,-1
22,6,4,1000,0.4842,4212.26,-1
22,6,5,1000,0.4739,3695.27,-1
22,6,6,1000,0.4697,3486.36,-1
22,6,7,1000,0.435,1749.28,-1
22,6,8,1000,0.3502,-2490.37,-1
22,6,9,1000,0.274,-6301.11,-1
22,7,0,1000,0.2174,-9131.86,-1
22,7,1,1000,0.2997,-5014.55,-1
22,7,2,1000,0.3853,-733.73,-1
22,7,3,1000,0.4571,2852.92,-1
22,7,4,1000,0.5062,5310.22,-1
22,7,5,1000,0.5313,6563.31,-1
22,7,6,1000,0.5433,7162.62,-1
22,7,7,1000,0.4992,4958.21,-1
22,7,8,1000,0.4002,12.08,-1
22,7,9,1000,0.3126,-4371.4,-1
22,8,0,1000,0.2232,-8841.69,-1
22,8,1,1000,0.3024,-4879.82,-1
22,8,2,1000,0.412,600.99,-1
22,8,3,1000,0.5268,6338.38,-1
22,8,4,1000,0.5969,9847.2,-1
22,8,5,1000,0.5841,9207.41,-1
22,8,6,1000,0.5615,8073.51,-1
22,8,7,1000,0.5117,5584.52,-1
22,8,8,1000,0.402,102.49,-1
22,8,9,1000,0.3157,-4212.65,-1
22,9,0,1000,0.2427,-7863.35,-1
22,9,1,1000,0.318,-4098.15,-1
22,9,2,1000,0.4254,1272.1,-1
22,9,3,1000,0.5597,7985.82,-1
22,9,4,1000,0.6495,12476.28,-1
22,9,5,1000,0.6259,11293.31,-1
22,9,6,1000,0.5862,9309.17,-1
22,9,7,1000,0.5291,6454.4,-1
22,9,8,1000,0.4031,153.98,-1
22,9,9,1000,0.3145,-4275.09,-1
22,10,0,1000,0.2555,-7223.17,-1
22,10,1,1000,0.3304,-3478.0,-1
22,10,2,1000,0.4142,709.05,-1
22,10,3,1000,0.5323,6615.16,-1
22,10,4,1000,0.6374,11869.6,-1
22,10,5,1000,0.6751,13754.44,-1
22,10,6,1000,0.6605,13026.28,-1
22,10,7,1000,0.5872,9357.87,-1
22,10,8,1000,0.4419,2095.69,-1
22,10,9,1000,0.3404,-2978.48,-1
22,11,0,1000,0.2661,-6696.97,-1
22,11,1,1000,0.365,-1750.05,-1
22,11,2,1000,0.4618,3092.21,-1
22,11,3,1000,0.5809,9047.49,-1
22,11,4,1000,0.7097,15482.8,-1
22,11,5,1000,0.7775,18874.3,-1
22,11,6,1000,0.7234,16167.95,-1
22,11,7,1000,0.6035,10172.63,-1
22,11,8,1000,0.4643,3213.96,-1
22,11,9,1000,0.363,-1847.74,-1
22,12,0,1000,0.267,-6649.42,-1
22,12,1,1000,0.3855,-724.88,-1
22,12,2,1000,0.4936,4678.92,-1
22,12,3,1000,0.6115,10572.63,-1
22,12,4,1000,0.7511,17552.53,-1
22,12,5,1000,0.8122,20610.82,-1
22,12,6,1000,0.7063,15313.16,-1
22,12,7,1000,0.5564,7820.67,-1
22,12,8,1000,0.4489,2445.09,-1
22,12,9,1000,0.3639,-1804.8,-1
22,13,0,1000,0.2641,-6795.76,-1
22,13,1,1000,0.3749,-1255.33,-1
22,13,2,1000,0.4515,2577.01,-1
22,13,3,1000,0.5435,7176.49,-1
22,13,4,1000,0.6798,13990.7,-1
22,13,5,1000,0.7633,18166.05,-1
22,13,6,1000,0.6714,13570.33,-1
22,13,7,1000,0.5268,6338.04,-1
22,13,8,1000,0.4352,1761.76,-1
22,13,9,1000,0.3596,-2017.63,-1
22,14,0,1000,0.2642,-6791.88,-1
22,14,1,1000,0.3578,-2110.79,-1
22,14,2,1000,0.3966,-168.13,-1
22,14,3,1000,0.4701,3504.76,-1
22,14,4,1000,0.6069,10344.0,-1
22,14,5,1000,0.7081,15405.24,-1
22,14,6,1000,0.6404,12018.64,-1
22,14,7,1000,0.5104,5519.7,-1
22,14,8,1000,0.4201,1006.53,-1
22,14,9,1000,0.3545,-2273.41,-1
22,15,0,1000,0.2603,-6986.33,-1
22,15,1,1000,0.3483,-2586.94,-1
22,15,2,1000,0.4057,287.37,-1
22,15,3,1000,0.5067,5333.52,-1
22,15,4,1000,0.6472,12359.8,-1
22,15,5,1000,0.7173,15867.39,-1
22,15,6,1000,0.6428,12137.79,-1
22,15,7,1000,0.5198,5989.68,-1
22,15,8,1000,0.4053,263.38,-1
22,15,9,1000,0.3386,-3070.26,-1
22,16,0,1000,0.2473,-7635.69,-1
22,16,1,1000,0.3375,-3126.73,-1
22,16,2,1000,0.4258,1288.55,-1
22,16,3,1000,0.5489,7447.13,-1
22,16,4,1000,0.6829,14143.32,-1
22,16,5,1000,0.718,15901.2,-1
22,16,6,1000,0.6289,11446.74,-1
22,16,7,1000,0.5093,5465.66,-1
22,16,8,1000,0.3851,-746.3,-1
22,16,9,1000,0.3161,-4194.42,-1
22,17,0,1000,0.2233,-8837.48,-1
22,17,1,1000,0.3154,-4228.93,-1
22,17,2,1000,0.4416,2077.88,-1
22,17,3,1000,0.5759,8797.25,-1
22,17,4,1000,0.6779,13895.45,-1
22,17,5,1000,0.6601,13003.19,-1
22,17,6,1000,0.5599,7992.58,-1
22,17,7,1000,0.4608,3040.8,-1
22,17,8,1000,0.3707,-1465.94,-1
22,17,9,1000,0.3058,-4711.18,-1
22,18,0,1000,0.215,-9248.03,-1
22,18,1,1000,0.3001,-4995.05,-1
22,18,2,1000,0.4115,573.72,-1
22,18,3,1000,0.5131,5653.66,-1
22,18,4,1000,0.5825,9124.62,-1
22,18,5,1000,0.5767,8834.83,-1
22,18,6,1000,0.5069,5346.84,-1
22,18,7,1000,0.4278,1389.67,-1
22,18,8,1000,0.3697,-1513.15,-1
22,18,9,1000,0.3034,-4831.14,-1
22,19,0,1000,0.219,-9051.82,-1
22,19,1,1000,0.2933,-5335.69,-1
22,19,2,1000,0.364,-1801.76,-1
22,19,3,1000,0.4298,1489.82,-1
22,19,4,1000,0.4941,4705.82,-1
22,19,5,1000,0.5382,6912.42,-1
22,19,6,1000,0.5058,5291.36,-1
22,19,7,1000,0.4286,1428.87,-1
22,19,8,1000,0.3575,-2127.43,-1
22,19,9,1000,0.2842,-5790.59,-1
22,20,0,1000,0.2041,-9796.97,-1
22,20,1,1000,0.2689,-6555.93,-1
22,20,2,1000,0.327,-3649.7,-1
22,20,3,1000,0.3818,-910.73,-1
22,20,4,1000,0.4447,2234.88,-1
22,20,5,1000,0.5215,6076.63,-1
22,20,6,1000,0.5191,5953.84,-1
22,20,7,1000,0.4456,2279.35,-1
22,20,8,1000,0.3521,-2394.67,-1
22,20,9,1000,0.2677,-6612.85,-1
22,21,0,1000,0.1791,-11046.77,-1
22,21,1,1000,0.2372,-8137.78,-1
22,21,2,1000,0.3052,-4738.69,-1
22,21,3,1000,0.3657,-1716.84,-1
22,21,4,1000,0.4156,781.63,-1
22,21,5,1000,0.4627,3135.97,-1
22,21,6,1000,0.4598,2992.37,-1
22,21,7,1000,0.406,302.21,-1
22,21,8,1000,0.326,-3698.28,-1
22,21,9,1000,0.249,-7552.29,-1
22,22,0,1000,0.1744,-11281.44,-1
22,22,1,1000,0.2258,-8707.81,-1
22,22,2,1000,0.2783,-6085.71,-1
22,22,3,1000,0.3261,-3693.37,-1
22,22,4,1000,0.3621,-1894.17,-1
22,22,5,1000,0.3775,-1126.33,-1
22,22,6,1000,0.3651,-1743.4,-1
22,22,7,1000,0.3283,-3587.03,-1
22,22,8,1000,0.2773,-6137.18,-1
22,22,9,1000,0.2198,-9010.77,-1
22,23,0,1000,0.1742,-11291.13,-1
22,23,1,1000,0.2221,-8896.05,-1
22,23,2,1000,0.2606,-6972.5,-1
22,23,3,1000,0.2993,-5034.66,-1
22,23,4,1000,0.3303,-3486.73,-1
22,23,5,1000,0.3242,-3789.0,-1
22,23,6,1000,0.2964,-5180.45,-1
22,23,7,1000,0.265,-6749.67,-1
22,23,8,1000,0.2384,-8082.23,-1
22,23,9,1000,0.203,-9849.06,-1
22,24,0,1000,0.1567,-12164.08,-1
22,24,1,1000,0.2023,-9882.97,-1
22,24,2,1000,0.2404,-7981.84,-1
22,24,3,1000,0.2806,-5970.22,-1
22,24,4,1000,0.3175,-4123.63,-1
22,24,5,1000,0.3155,-4224.49,-1
22,24,6,1000,0.278,-6100.66,-1
22,24,7,1000,0.2385,-8073.28,-1
22,24,8,1000,0.2132,-9342.09,-1
22,24,9,1000,0.1917,-10413.16,-1
23,0,0,1000,0.1158,-14207.84,-1
23,0,1,1000,0.1521,-12393.26,-1
23,0,2,1000,0.1661,-11695.15,-1
23,0,3,1000,0.1784,-11078.67,-1
23,0,4,1000,0.2063,-9686.79,-1
23,0,5,1000,0.2368,-8159.93,-1
23,0,6,1000,0.2296,-8521.49,-1
23,0,7,1000,0.2038,-9809.27,-1
23,0,8,1000,0.1913,-10433.05,-1
23,0,9,1000,0.1618,-11911.43,-1
23,1,0,1000,0.1374,-13130.62,-1
23,1,1,1000,0.1773,-11136.23,-1
23,1,2,1000,0.1867,-10664.99,-1
23,1,3,1000,0.2,-10001.0,-1
23,1,4,1000,0.234,-8299.01,-1
23,1,5,1000,0.27,-6498.17,-1
23,1,6,1000,0.2665,-6674.84,-1
23,1,7,1000,0.242,-7900.3,-1
23,1,8,1000,0.2291,-8543.9,-1
23,1,9,1000,0.193,-10347.51,-1
23,2,0,1000,0.1543,-12285.19,-1
23,2,1,1000,0.1995,-10027.26,-1
23,2,2,1000,0.2236,-8820.79,-1
23,2,3,1000,0.2579,-7106.27,-1
23,2,4,1000,0.2974,-5132.5,-1
23,2,5,1000,0.3046,-4771.08,-1
23,2,6,1000,0.2954,-5232.26,-1
23,2,7,1000,0.2843,-5785.14,-1
23,2,8,1000,0.268,-6601.01,-1
23,2,9,1000,0.2198,-9009.08,-1
23,3,0,1000,0.1596,-12019.85,-1
23,3,1,1000,0.2074,-9631.07,-1
23,3,2,1000,0.2382,-8091.79,-1
23,3,3,1000,0.2838,-5812.04,-1
23,3,4,1000,0.327,-3652.43,-1
23,3,5,1000,0.317,-4147.53,-1
23,3,6,1000,0.3041,-4793.73,-1
23,3,7,1000,0.3014,-4930.53,-1
23,3,8,1000,0.2842,-5789.19,-1
23,3,9,1000,0.2294,-8528.25,-1
23,4,0,1000,0.1705,-11474.48,-1
23,4,1,1000,0.2211,-8944.09,-1
23,4,2,1000,0.251,-7448.18,-1
23,4,3,1000,0.2952,-5242.45,-1
23,4,4,1000,0.3362,-3189.1,-1
23,4,5,1000,0.3204,-3981.07,-1
23,4,6,1000,0.3059,-4706.88,-1
23,4,7,1000,0.3031,-4846.31,-1
23,4,8,1000,0.2863,-5686.33,-1
23,4,9,1000,0.2314,-8428.25,-1
23,5,0,1000,0.1968,-10162.23,-1
23,5,1,1000,0.2581,-7096.8,-1
23,5,2,1000,0.315,-4250.84,-1
23,5,3,1000,0.3663,-1685.03,-1
23,5,4,1000,0.3886,-570.76,-1
23,5,5,1000,0.3429,-2854.68,-1
23,5,6,1000,0.3178,-4108.4,-1
23,5,7,1000,0.308,-4599.66,-1
23,5,8,1000,0.2851,-5747.45,-1
23,5,9,1000,0.2351,-8245.12,-1
23,6,0,1000,0.2092,-9538.45,-1
23,6,1,1000,0.279,-6050.84,-1
23,6,2,1000,0.3614,-1931.18,-1
23,6,3,1000,0.4233,1163.09,-1
23,6,4,1000,0.439,1949.38,-1
23,6,5,1000,0.3921,-395.79,-1
23,6,6,1000,0.369,-1549.28,-1
23,6,7,1000,0.3511,-2447.1,-1
23,6,8,1000,0.3224,-3877.57,-1
23,6,9,1000,0.2704,-6479.95,-1
23,7,0,1000,0.2025,-9875.2,-1
23,7,1,1000,0.2737,-6317.07,-1
23,7,2,1000,0.3669,-1652.77,-1
23,7,3,1000,0.4407,2036.67,-1
23,7,4,1000,0.4665,3326.8,-1
23,7,5,1000,0.4355,1776.25,-1
23,7,6,1000,0.4188,941.1,-1
23,7,7,1000,0.3969,-154.88,-1
23,7,8,1000,0.3642,-1789.51,-1
23,7,9,1000,0.3057,-4712.72,-1
23,8,0,1000,0.1896,-10518.98,-1
23,8,1,1000,0.259,-7047.92,-1
23,8,2,1000,0.374,-1299.76,-1
23,8,3,1000,0.4875,4376.2,-1
23,8,4,1000,0.5412,7060.67,-1
23,8,5,1000,0.4971,4856.21,-1
23,8,6,1000,0.4619,3093.8,-1
23,8,7,1000,0.4328,1641.16,-1
23,8,8,1000,0.3681,-1593.48,-1
23,8,9,1000,0.2997,-5014.45,-1
23,9,0,1000,0.1972,-10140.08,-1
23,9,1,1000,0.2637,-6814.77,-1
23,9,2,1000,0.3731,-1343.69,-1
23,9,3,1000,0.5027,5134.84,-1
23,9,4,1000,0.5821,9106.78,-1
23,9,5,1000,0.5501,7504.17,-1
23,9,6,1000,0.5124,5617.61,-1
23,9,7,1000,0.4722,3609.65,-1
23,9,8,1000,0.3642,-1789.75,-1
23,9,9,1000,0.2806,-5967.86,-1
23,10,0,1000,0.2121,-9393.34,-1
23,10,1,1000,0.2785,-6075.46,-1
23,10,2,1000,0.3683,-1586.95,-1
23,10,3,1000,0.4854,4272.48,-1
23,10,4,1000,0.5761,8805.6,-1
23,10,5,1000,0.5866,9330.19,-1
23,10,6,1000,0.5671,8353.94,-1
23,10,7,1000,0.5151,5756.95,-1
23,10,8,1000,0.3872,-640.32,-1
23,10,9,1000,0.2914,-5431.2,-1
23,11,0,1000,0.2372,-8141.66,-1
23,11,1,1000,0.3198,-4007.59,-1
23,11,2,1000,0.4159,795.3,-1
23,11,3,1000,0.5317,6587.29,-1
23,11,4,1000,0.6293,11465.91,-1
23,11,5,1000,0.6372,11860.34,-1
23,11,6,1000,0.5842,9208.16,-1
23,11,7,1000,0.51,5500.53,-1
23,11,8,1000,0.4046,229.96,-1
23,11,9,1000,0.312,-4397.78,-1
23,12,0,1000,0.2569,-7156.2,-1
23,12,1,1000,0.3538,-2311.46,-1
23,12,2,1000,0.4559,2794.35,-1
23,12,3,1000,0.5698,8492.02,-1
23,12,4,1000,0.6665,13326.64,-1
23,12,5,1000,0.6467,12335.51,-1
23,12,6,1000,0.5508,7540.59,-1
23,12,7,1000,0.4659,3296.01,-1
23,12,8,1000,0.4058,291.16,-1
23,12,9,1000,0.3292,-3540.26,-1
23,13,0,1000,0.2622,-6888.66,-1
23,13,1,1000,0.355,-2250.75,-1
23,13,2,1000,0.4333,1663.93,-1
23,13,3,1000,0.5282,6409.05,-1
23,13,4,1000,0.6232,11160.3,-1
23,13,5,1000,0.6198,10990.94,-1
23,13,6,1000,0.5336,6680.13,-1
23,13,7,1000,0.4513,2562.97,-1
23,13,8,1000,0.4027,133.52,-1
23,13,9,1000,0.3321,-3396.45,-1
23,14,0,1000,0.2557,-7214.7,-1
23,14,1,1000,0.3384,-3079.54,-1
23,14,2,1000,0.3924,-378.92,-1
23,14,3,1000,0.4674,3371.58,-1
23,14,4,1000,0.5623,8114.49,-1
23,14,5,1000,0.602,10099.08,-1
23,14,6,1000,0.5454,7269.15,-1
23,14,7,1000,0.4575,2874.78,-1
23,14,8,1000,0.3857,-716.03,-1
23,14,9,1000,0.3164,-4178.32,-1
23,15,0,1000,0.241,-7949.43,-1
23,15,1,1000,0.3207,-3963.86,-1
23,15,2,1000,0.3891,-544.87,-1
23,15,3,1000,0.4736,3682.42,-1
23,15,4,1000,0.5691,8454.95,-1
23,15,5,1000,0.6222,11110.5,-1
23,15,6,1000,0.5765,8825.32,-1
23,15,7,1000,0.4763,3817.07,-1
23,15,8,1000,0.357,-2147.93,-1
23,15,9,1000,0.2801,-5997.11,-1
23,16,0,1000,0.2319,-8403.62,-1
23,16,1,1000,0.3128,-4360.49,-1
23,16,2,1000,0.3992,-41.59,-1
23,16,3,1000,0.4953,4767.16,-1
23,16,4,1000,0.5861,9304.47,-1
23,16,5,1000,0.6205,11025.5,-1
23,16,6,1000,0.567,8351.78,-1
23,16,7,1000,0.4666,3329.23,-1
23,16,8,1000,0.3342,-3291.62,-1
23,16,9,1000,0.2543,-7282.69,-1
23,17,0,1000,0.2196,-9018.19,-1
23,17,1,1000,0.3011,-4944.47,-1
23,17,2,1000,0.4101,507.29,-1
23,17,3,1000,0.5128,5640.3,-1
23,17,4,1000,0.5801,9006.98,-1
23,17,5,1000,0.5647,8234.84,-1
23,17,6,1000,0.4922,4610.48,-1
23,17,7,1000,0.4089,442.53,-1
23,17,8,1000,0.3213,-3936.62,-1
23,17,9,1000,0.2577,-7116.91,-1
23,18,0,1000,0.2132,-9341.25,-1
23,18,1,1000,0.287,-5650.27,-1
23,18,2,1000,0.3817,-917.38,-1
23,18,3,1000,0.4605,3026.13,-1
23,18,4,1000,0.5023,5116.84,-1
23,18,5,1000,0.475,3748.48,-1
23,18,6,1000,0.4083,412.94,-1
23,18,7,1000,0.3462,-2691.37,-1
23,18,8,1000,0.3197,-4016.44,-1
23,18,9,1000,0.2775,-6124.8,-1
23,19,0,1000,0.2099,-9503.24,-1
23,19,1,1000,0.2735,-6326.11,-1
23,19,2,1000,0.3354,-3227.67,-1
23,19,3,1000,0.3869,-656.23,-1
23,19,4,1000,0.4241,1205.07,-1
23,19,5,1000,0.4286,1428.44,-1
23,19,6,1000,0.3865,-676.8,-1
23,19,7,1000,0.3295,-3523.13,-1
23,19,8,1000,0.3056,-4721.26,-1
23,19,9,1000,0.2653,-6735.94,-1
23,20,0,1000,0.1939,-10304.95,-1
23,20,1,1000,0.2518,-7412.43,-1
23,20,2,1000,0.3038,-4812.35,-1
23,20,3,1000,0.3469,-2657.24,-1
23,20,4,1000,0.3872,-640.73,-1
23,20,5,1000,0.4256,1282.37,-1
23,20,6,1000,0.4126,631.86,-1
23,20,7,1000,0.3554,-2231.54,-1
23,20,8,1000,0.2932,-5342.28,-1
23,20,9,1000,0.2353,-8235.47,-1
23,21,0,1000,0.1712,-11439.4,-1
23,21,1,1000,0.2279,-8606.38,-1
23,21,2,1000,0.2893,-5532.56,-1
23,21,3,1000,0.3384,-3079.04,-1
23,21,4,1000,0.3782,-1091.12,-1
23,21,5,1000,0.4194,971.99,-1
23,21,6,1000,0.4211,1056.37,-1
23,21,7,1000,0.3687,-1563.01,-1
23,21,8,1000,0.2704,-6479.8,-1
23,21,9,1000,0.1961,-10192.77,-1
23,22,0,1000,0.1624,-11880.3,-1
23,22,1,1000,0.2135,-9323.71,-1
23,22,2,1000,0.2636,-6819.64,-1
23,22,3,1000,0.3037,-4816.85,-1
23,22,4,1000,0.3363,-3183.49,-1
23,22,5,1000,0.3661,-1696.79,-1
23,22,6,1000,0.3673,-1632.88,-1
23,22,7,1000,0.3246,-3768.05,-1
23,22,8,1000,0.236,-8199.88,-1
23,22,9,1000,0.1698,-11509.03,-1
23,23,0,1000,0.1625,-11872.73,-1
23,23,1,1000,0.2069,-9653.46,-1
23,23,2,1000,0.2413,-7937.5,-1
23,23,3,1000,0.2733,-6335.59,-1
23,23,4,1000,0.3021,-4895.62,-1
23,23,5,1000,0.3136,-4321.46,-1
23,23,6,1000,0.3011,-4946.58,-1
23,23,7,1000,0.2654,-6729.92,-1
23,23,8,1000,0.2063,-9685.17,-1
23,23,9,1000,0.1607,-11964.18,-1
23,24,0,1000,0.1559,-12203.76,-1
23,24,1,1000,0.1924,-10380.4,-1
23,24,2,1000,0.2163,-9187.26,-1
23,24,3,1000,0.247,-7648.36,-1
23,24,4,1000,0.2787,-6066.17,-1
23,24,5,1000,0.2812,-5938.39,-1
23,24,6,1000,0.2533,-7334.22,-1
23,24,7,1000,0.218,-9102.23,-1
23,24,8,1000,0.1835,-10827.04,-1
23,24,9,1000,0.1581,-12095.7,-1
24,0,0,1000,0.1164,-14180.01,-1
24,0,1,1000,0.1508,-12459.27,-1
24,0,2,1000,0.166,-11699.74,-1
24,0,3,1000,0.1667,-11662.51,-1
24,0,4,1000,0.1684,-11580.18,-1
24,0,5,1000,0.1806,-10972.17,-1
24,0,6,1000,0.1968,-10159.93,-1
24,0,7,1000,0.1964,-10178.75,-1
24,0,8,1000,0.1891,-10542.73,-1
24,0,9,1000,0.1507,-12465.96,-1
24,1,0,1000,0.1334,-13330.09,-1
24,1,1,1000,0.1714,-11429.36,-1
24,1,2,1000,0.1918,-10412.1,-1
24,1,3,1000,0.2017,-9916.93,-1
24,1,4,1000,0.2118,-9412.32,-1
24,1,5,1000,0.2276,-8618.43,-1
24,1,6,1000,0.2428,-7859.62,-1
24,1,7,1000,0.2377,-8115.42,-1
24,1,8,1000,0.2172,-9142.12,-1
24,1,9,1000,0.1696,-11521.11,-1
24,2,0,1000,0.1424,-12880.92,-1
24,2,1,1000,0.178,-11099.7,-1
24,2,2,1000,0.208,-9598.36,-1
24,2,3,1000,0.2443,-7782.74,-1
24,2,4,1000,0.273,-6351.46,-1
24,2,5,1000,0.2739,-6304.24,-1
24,2,6,1000,0.2708,-6461.15,-1
24,2,7,1000,0.262,-6901.3,-1
24,2,8,1000,0.2313,-8433.07,-1
24,2,9,1000,0.1838,-10812.23,-1
24,3,0,1000,0.1468,-12658.84,-1
24,3,1,1000,0.1796,-11022.5,-1
24,3,2,1000,0.2073,-9634.34,-1
24,3,3,1000,0.2536,-7321.55,-1
24,3,4,1000,0.2921,-5395.36,-1
24,3,5,1000,0.2849,-5756.47,-1
24,3,6,1000,0.2725,-6373.11,-1
24,3,7,1000,0.2655,-6723.57,-1
24,3,8,1000,0.2415,-7927.37,-1
24,3,9,1000,0.199,-10047.62,-1
24,4,0,1000,0.1593,-12034.87,-1
24,4,1,1000,0.1928,-10361.68,-1
24,4,2,1000,0.2157,-9213.37,-1
24,4,3,1000,0.2571,-7143.34,-1
24,4,4,1000,0.2934,-5328.11,-1
24,4,5,1000,0.2897,-5515.09,-1
24,4,6,1000,0.2808,-5959.66,-1
24,4,7,1000,0.274,-6302.23,-1
24,4,8,1000,0.2553,-7233.15,-1
24,4,9,1000,0.2124,-9381.68,-1
24,5,0,1000,0.1799,-11003.44,-1
24,5,1,1000,0.2201,-8995.76,-1
24,5,2,1000,0.2675,-6625.87,-1
24,5,3,1000,0.3099,-4505.87,-1
24,5,4,1000,0.3255,-3725.15,-1
24,5,5,1000,0.3145,-4274.35,-1
24,5,6,1000,0.3075,-4626.11,-1
24,5,7,1000,0.2927,-5365.13,-1
24,5,8,1000,0.27,-6497.84,-1
24,5,9,1000,0.219,-9052.02,-1
24,6,0,1000,0.1845,-10776.9,-1
24,6,1,1000,0.2327,-8366.02,-1
24,6,2,1000,0.3175,-4126.22,-1
24,6,3,1000,0.3757,-1212.9,-1
24,6,4,1000,0.378,-1099.16,-1
24,6,5,1000,0.3509,-2456.37,-1
24,6,6,1000,0.3377,-3114.84,-1
24,6,7,1000,0.3184,-4081.68,-1
24,6,8,1000,0.3012,-4938.33,-1
24,6,9,1000,0.246,-7698.23,-1
24,7,0,1000,0.1744,-11280.44,-1
24,7,1,1000,0.2266,-8669.7,-1
24,7,2,1000,0.3314,-3431.28,-1
24,7,3,1000,0.4082,408.36,-1
24,7,4,1000,0.416,800.41,-1
24,7,5,1000,0.3766,-1168.85,-1
24,7,6,1000,0.3551,-2246.49,-1
24,7,7,1000,0.3393,-3034.7,-1
24,7,8,1000,0.3362,-3190.49,-1
24,7,9,1000,0.2834,-5828.08,-1
24,8,0,1000,0.1638,-11809.59,-1
24,8,1,1000,0.2188,-9060.51,-1
24,8,2,1000,0.3167,-4163.76,-1
24,8,3,1000,0.4153,764.83,-1
24,8,4,1000,0.4611,3054.34,-1
24,8,5,1000,0.4267,1335.82,-1
24,8,6,1000,0.4005,27.39,-1
24,8,7,1000,0.3879,-606.96,-1
24,8,8,1000,0.3597,-2013.17,-1
24,8,9,1000,0.2971,-5145.36,-1
24,9,0,1000,0.1798,-11009.3,-1
24,9,1,1000,0.2355,-8224.27,-1
24,9,2,1000,0.3005,-4974.17,-1
24,9,3,1000,0.3977,-116.22,-1
24,9,4,1000,0.4787,3934.97,-1
24,9,5,1000,0.478,3901.78,-1
24,9,6,1000,0.4644,3217.82,-1
24,9,7,1000,0.4439,2196.23,-1
24,9,8,1000,0.3593,-2036.4,-1
24,9,9,1000,0.2735,-6323.2,-1
24,10,0,1000,0.1976,-10120.54,-1
24,10,1,1000,0.2535,-7326.26,-1
24,10,2,1000,0.3041,-4793.51,-1
24,10,3,1000,0.3937,-316.79,-1
24,10,4,1000,0.4812,4058.61,-1
24,10,5,1000,0.5015,5077.49,-1
24,10,6,1000,0.4985,4923.7,-1
24,10,7,1000,0.47,3498.64,-1
24,10,8,1000,0.358,-2101.83,-1
24,10,9,1000,0.2575,-7124.76,-1
24,11,0,1000,0.2084,-9579.57,-1
24,11,1,1000,0.2645,-6776.78,-1
24,11,2,1000,0.3345,-3276.13,-1
24,11,3,1000,0.4342,1712.42,-1
24,11,4,1000,0.5078,5387.97,-1
24,11,5,1000,0.4964,4820.6,-1
24,11,6,1000,0.4767,3832.63,-1
24,11,7,1000,0.4515,2572.99,-1
24,11,8,1000,0.357,-2150.52,-1
24,11,9,1000,0.25,-7499.99,-1
24,12,0,1000,0.2243,-8787.09,-1
24,12,1,1000,0.2823,-5885.19,-1
24,12,2,1000,0.3724,-1382.4,-1
24,12,3,1000,0.4832,4161.43,-1
24,12,4,1000,0.5411,7057.03,-1
24,12,5,1000,0.4861,4305.06,-1
24,12,6,1000,0.443,2151.68,-1
24,12,7,1000,0.4277,1384.6,-1
24,12,8,1000,0.3756,-1219.45,-1
24,12,9,1000,0.2728,-6362.36,-1
24,13,0,1000,0.2428,-7860.95,-1
24,13,1,1000,0.3023,-4886.84,-1
24,13,2,1000,0.3807,-962.6,-1
24,13,3,1000,0.4822,4107.86,-1
24,13,4,1000,0.5392,6959.44,-1
24,13,5,1000,0.4903,4512.62,-1
24,13,6,1000,0.4501,2504.38,-1
24,13,7,1000,0.4346,1729.58,-1
24,13,8,1000,0.3905,-475.61,-1
24,13,9,1000,0.2897,-5512.6,-1
24,14,0,1000,0.2318,-8409.08,-1
24,14,1,1000,0.2973,-5132.6,-1
24,14,2,1000,0.3814,-928.23,-1
24,14,3,1000,0.465,3250.63,-1
24,14,4,1000,0.5103,5513.37,-1
24,14,5,1000,0.497,4851.22,-1
24,14,6,1000,0.4714,3571.73,-1
24,14,7,1000,0.4357,1783.42,-1
24,14,8,1000,0.3836,-820.41,-1
24,14,9,1000,0.295,-5250.46,-1
24,15,0,1000,0.2051,-9743.96,-1
24,15,1,1000,0.277,-6150.92,-1
24,15,2,1000,0.3801,-995.04,-1
24,15,3,1000,0.4531,2653.8,-1
24,15,4,1000,0.4843,4217.24,-1
24,15,5,1000,0.5011,5055.26,-1
24,15,6,1000,0.4867,4332.86,-1
24,15,7,1000,0.4252,1259.85,-1
24,15,8,1000,0.344,-2802.03,-1
24,15,9,1000,0.2627,-6864.54,-1
24,16,0,1000,0.2036,-9818.09,-1
24,16,1,1000,0.2751,-6244.65,-1
24,16,2,1000,0.3766,-1172.13,-1
24,16,3,1000,0.4454,2271.53,-1
24,16,4,1000,0.4738,3691.25,-1
24,16,5,1000,0.4919,4596.39,-1
24,16,6,1000,0.4781,3906.93,-1
24,16,7,1000,0.412,600.52,-1
24,16,8,1000,0.3139,-4305.24,-1
24,16,9,1000,0.2305,-8476.45,-1
24,17,0,1000,0.2107,-9466.94,-1
24,17,1,1000,0.2791,-6047.32,-1
24,17,2,1000,0.377,-1152.46,-1
24,17,3,1000,0.4434,2172.48,-1
24,17,4,1000,0.4688,3439.71,-1
24,17,5,1000,0.478,3898.42,-1
24,17,6,1000,0.4519,2597.07,-1
24,17,7,1000,0.3826,-869.18,-1
24,17,8,1000,0.2981,-5092.83,-1
24,17,9,1000,0.2289,-8555.32,-1
24,18,0,1000,0.2055,-9725.62,-1
24,18,1,1000,0.2636,-6821.61,-1
24,18,2,1000,0.344,-2798.32,-1
24,18,3,1000,0.397,-148.94,-1
24,18,4,1000,0.416,799.46,-1
24,18,5,1000,0.4232,1157.87,-1
24,18,6,1000,0.3893,-534.43,-1
24,18,7,1000,0.3253,-3736.25,-1
24,18,8,1000,0.2904,-5481.52,-1
24,18,9,1000,0.2534,-7329.68,-1
24,19,0,1000,0.1893,-10532.68,-1
24,19,1,1000,0.2371,-8142.79,-1
24,19,2,1000,0.295,-5250.05,-1
24,19,3,1000,0.3305,-3472.72,-1
24,19,4,1000,0.3445,-2774.56,-1
24,19,5,1000,0.3588,-2057.62,-1
24,19,6,1000,0.3329,-3356.07,-1
24,19,7,1000,0.2792,-6042.13,-1
24,19,8,1000,0.2683,-6586.22,-1
24,19,9,1000,0.2466,-7672.45,-1
24,20,0,1000,0.1756,-11221.61,-1
24,20,1,1000,0.2244,-8779.46,-1
24,20,2,1000,0.2728,-6359.3,-1
24,20,3,1000,0.3015,-4922.62,-1
24,20,4,1000,0.3153,-4236.19,-1
24,20,5,1000,0.3248,-3760.22,-1
24,20,6,1000,0.3078,-4609.29,-1
24,20,7,1000,0.2647,-6762.96,-1
24,20,8,1000,0.239,-8047.93,-1
24,20,9,1000,0.2137,-9317.35,-1
24,21,0,1000,0.1638,-11812.47,-1
24,21,1,1000,0.2216,-8918.47,-1
24,21,2,1000,0.2752,-6240.32,-1
24,21,3,1000,0.3081,-4595.35,-1
24,21,4,1000,0.3271,-3645.68,-1
24,21,5,1000,0.3325,-3372.9,-1
24,21,6,1000,0.3267,-3665.97,-1
24,21,7,1000,0.2891,-5543.09,-1
24,21,8,1000,0.2171,-9147.42,-1
24,21,9,1000,0.1716,-11421.81,-1
24,22,0,1000,0.1484,-12577.5,-1
24,22,1,1000,0.2027,-9866.92,-1
24,22,2,1000,0.2504,-7482.34,-1
24,22,3,1000,0.2788,-6058.61,-1
24,22,4,1000,0.299,-5048.54,-1
24,22,5,1000,0.3161,-4195.85,-1
24,22,6,1000,0.3205,-3972.88,-1
24,22,7,1000,0.2854,-5729.68,-1
24,22,8,1000,0.2023,-9887.0,-1
24,22,9,1000,0.1521,-12393.4,-1
24,23,0,1000,0.1408,-12960.26,-1
24,23,1,1000,0.1824,-10882.3,-1
24,23,2,1000,0.218,-9099.58,-1
24,23,3,1000,0.2448,-7760.03,-1
24,23,4,1000,0.2662,-6690.12,-1
24,23,5,1000,0.2817,-5915.83,-1
24,23,6,1000,0.2805,-5974.57,-1
24,23,7,1000,0.2492,-7541.99,-1
24,23,8,1000,0.1843,-10784.08,-1
24,23,9,1000,0.143,-12851.26,-1
24,24,0,1000,0.1375,-13122.8,-1
24,24,1,1000,0.161,-11951.6,-1
24,24,2,1000,0.1828,-10858.69,-1
24,24,3,1000,0.2132,-9339.14,-1
24,24,4,1000,0.2378,-8109.41,-1
24,24,5,1000,0.2407,-7963.4,-1
24,24,6,1000,0.2224,-8879.58,-1
24,24,7,1000,0.1955,-10223.17,-1
24,24,8,1000,0.1624,-11881.62,-1
24,24,9,1000,0.1359,-13203.53,-1
